file,line,values,source_line,disposition
code/model/coupled_econ_biophysical.py,62,[1.0],fert_price_shock: float = 1.0  # Proportional increase (1.0 = 100% doubling),reviewed result-affecting/algebraic literal
code/model/coupled_econ_biophysical.py,70,[0.3],eps_F_PF: float = -0.30,reviewed result-affecting/algebraic literal
code/model/coupled_econ_biophysical.py,76,[0.1],eps_F_PY: float = 0.10,reviewed result-affecting/algebraic literal
code/model/coupled_econ_biophysical.py,81,[0.0],eps_F_N: float = 0.0,reviewed result-affecting/algebraic literal
code/model/coupled_econ_biophysical.py,88,[0.45],eta: float = -0.45,reviewed result-affecting/algebraic literal
code/model/coupled_econ_biophysical.py,96,[0.1],alpha: float = 0.10,reviewed result-affecting/algebraic literal
code/model/coupled_econ_biophysical.py,102,[0.3],eps_LD_PL: float = -0.30,reviewed result-affecting/algebraic literal
code/model/coupled_econ_biophysical.py,107,[0.2],eps_LD_PY: float = 0.20,reviewed result-affecting/algebraic literal
code/model/coupled_econ_biophysical.py,113,[0.5],eps_LS_PL: float = 0.50,reviewed result-affecting/algebraic literal
code/model/coupled_econ_biophysical.py,121,[1.0],fert_supply_ceiling: float = 1.0  # fraction of baseline; 1.0 = unconstrained,reviewed result-affecting/algebraic literal
code/model/coupled_econ_biophysical.py,125,[0.0],fert_capacity_recovery_years: float = 0.0  # 0 = no recovery,reviewed result-affecting/algebraic literal
code/model/coupled_econ_biophysical.py,151,"[0.1, 0.3, 0.2]","'eta': -0.30, 'alpha': 0.10, 'eps_F_PF': -0.20,",reviewed result-affecting/algebraic literal
code/model/coupled_econ_biophysical.py,152,"[0.1, 0.0]","'eps_F_PY': 0.10, 'eps_F_N': 0.0,",reviewed result-affecting/algebraic literal
code/model/coupled_econ_biophysical.py,153,"[0.2, 0.4, 0.3]","'eps_LD_PL': -0.30, 'eps_LD_PY': 0.20, 'eps_LS_PL': 0.40,",reviewed result-affecting/algebraic literal
code/model/coupled_econ_biophysical.py,156,"[0.08, 0.35, 0.25]","'eta': -0.35, 'alpha': 0.08, 'eps_F_PF': -0.25,",reviewed result-affecting/algebraic literal
code/model/coupled_econ_biophysical.py,157,"[0.1, 0.0]","'eps_F_PY': 0.10, 'eps_F_N': 0.0,",reviewed result-affecting/algebraic literal
code/model/coupled_econ_biophysical.py,158,"[0.15, 0.3, 0.3]","'eps_LD_PL': -0.30, 'eps_LD_PY': 0.15, 'eps_LS_PL': 0.30,",reviewed result-affecting/algebraic literal
code/model/coupled_econ_biophysical.py,161,"[0.1, 0.45, 0.3]","'eta': -0.45, 'alpha': 0.10, 'eps_F_PF': -0.30,",reviewed result-affecting/algebraic literal
code/model/coupled_econ_biophysical.py,162,"[0.1, 0.0]","'eps_F_PY': 0.10, 'eps_F_N': 0.0,",reviewed result-affecting/algebraic literal
code/model/coupled_econ_biophysical.py,163,"[0.15, 0.3, 0.3]","'eps_LD_PL': -0.30, 'eps_LD_PY': 0.15, 'eps_LS_PL': 0.30,",reviewed result-affecting/algebraic literal
code/model/coupled_econ_biophysical.py,166,"[0.12, 0.6, 0.4]","'eta': -0.60, 'alpha': 0.12, 'eps_F_PF': -0.40,",reviewed result-affecting/algebraic literal
code/model/coupled_econ_biophysical.py,167,"[0.1, 0.0]","'eps_F_PY': 0.10, 'eps_F_N': 0.0,",reviewed result-affecting/algebraic literal
code/model/coupled_econ_biophysical.py,168,"[0.2, 0.5, 0.3]","'eps_LD_PL': -0.30, 'eps_LD_PY': 0.20, 'eps_LS_PL': 0.50,",reviewed result-affecting/algebraic literal
code/model/coupled_econ_biophysical.py,171,"[0.12, 0.55, 0.4]","'eta': -0.55, 'alpha': 0.12, 'eps_F_PF': -0.40,",reviewed result-affecting/algebraic literal
code/model/coupled_econ_biophysical.py,172,"[0.1, 0.0]","'eps_F_PY': 0.10, 'eps_F_N': 0.0,",reviewed result-affecting/algebraic literal
code/model/coupled_econ_biophysical.py,173,"[0.2, 0.5, 0.3]","'eps_LD_PL': -0.30, 'eps_LD_PY': 0.20, 'eps_LS_PL': 0.50,",reviewed result-affecting/algebraic literal
code/model/coupled_econ_biophysical.py,176,"[0.15, 0.5, 0.3]","'eta': -0.50, 'alpha': 0.15, 'eps_F_PF': -0.30,",reviewed result-affecting/algebraic literal
code/model/coupled_econ_biophysical.py,177,"[0.1, 0.0]","'eps_F_PY': 0.10, 'eps_F_N': 0.0,",reviewed result-affecting/algebraic literal
code/model/coupled_econ_biophysical.py,178,"[0.25, 0.7, 0.3]","'eps_LD_PL': -0.30, 'eps_LD_PY': 0.25, 'eps_LS_PL': 0.70,",reviewed result-affecting/algebraic literal
code/model/coupled_econ_biophysical.py,181,"[0.15, 0.7, 0.5]","'eta': -0.70, 'alpha': 0.15, 'eps_F_PF': -0.50,",reviewed result-affecting/algebraic literal
code/model/coupled_econ_biophysical.py,182,"[0.03, 0.0]","'eps_F_PY': 0.03, 'eps_F_N': 0.0,",reviewed result-affecting/algebraic literal
code/model/coupled_econ_biophysical.py,183,"[0.25, 0.7, 0.3]","'eps_LD_PL': -0.30, 'eps_LD_PY': 0.25, 'eps_LS_PL': 0.70,",reviewed result-affecting/algebraic literal
code/model/coupled_econ_biophysical.py,186,"[0.12, 0.45, 0.3]","'eta': -0.45, 'alpha': 0.12, 'eps_F_PF': -0.30,",reviewed result-affecting/algebraic literal
code/model/coupled_econ_biophysical.py,187,"[0.1, 0.0]","'eps_F_PY': 0.10, 'eps_F_N': 0.0,",reviewed result-affecting/algebraic literal
code/model/coupled_econ_biophysical.py,188,"[0.2, 0.5, 0.3]","'eps_LD_PL': -0.30, 'eps_LD_PY': 0.20, 'eps_LS_PL': 0.50,",reviewed result-affecting/algebraic literal
code/model/coupled_econ_biophysical.py,227,"[0, 5.0]",self.y_max = region.yield_max_regional if region.yield_max_regional > 0 else crop_params.yield_max if crop_params else 5.0,reviewed result-affecting/algebraic literal
code/model/coupled_econ_biophysical.py,228,"[0, 0.015]",self.mit_c = region.mitscherlich_c_regional if region.mitscherlich_c_regional > 0 else crop_params.mitscherlich_c if crop_params else 0.015,reviewed result-affecting/algebraic literal
code/model/coupled_econ_biophysical.py,230,"[0.0, 0]",self.y_floor = region.yield_min_regional if region.yield_min_regional > 0 else 0.0,reviewed result-affecting/algebraic literal
code/model/coupled_econ_biophysical.py,233,[0],self.cre = region.cre_regional if region.cre_regional > 0 else self.fb.cre_base,reviewed result-affecting/algebraic literal
code/model/coupled_econ_biophysical.py,241,[3],for _ in range(3):,reviewed result-affecting/algebraic literal
code/model/coupled_econ_biophysical.py,262,[1000.0],self.som.k_active * self.C_active / self.som.cn_active * 1000.0 +,reviewed result-affecting/algebraic literal
code/model/coupled_econ_biophysical.py,263,[1000.0],self.som.k_slow * self.C_slow / self.som.cn_slow * 1000.0 +,reviewed result-affecting/algebraic literal
code/model/coupled_econ_biophysical.py,264,[1000.0],self.som.k_passive * self.C_passive / self.som.cn_passive * 1000.0,reviewed result-affecting/algebraic literal
code/model/coupled_econ_biophysical.py,270,[1.0],return 1.0,reviewed result-affecting/algebraic literal
code/model/coupled_econ_biophysical.py,272,[0.6],if frac > 0.60:,reviewed result-affecting/algebraic literal
code/model/coupled_econ_biophysical.py,273,[1.0],return 1.0,reviewed result-affecting/algebraic literal
code/model/coupled_econ_biophysical.py,274,[0.3],elif frac < 0.30:,reviewed result-affecting/algebraic literal
code/model/coupled_econ_biophysical.py,275,[0.6],return 0.6,reviewed result-affecting/algebraic literal
code/model/coupled_econ_biophysical.py,277,"[1.0, 0.3, 0.4, 0.6]",return 1.0 - 0.4 * (0.60 - frac) / 0.30,reviewed result-affecting/algebraic literal
code/model/coupled_econ_biophysical.py,281,[1.0],return 1.0,reviewed result-affecting/algebraic literal
code/model/coupled_econ_biophysical.py,287,[0],"total_deficit = self.region.baseline_water_deficit + max(0, whc_loss_mm)",reviewed result-affecting/algebraic literal
code/model/coupled_econ_biophysical.py,288,[1.0],stress = 1.0 - self.region.water_stress_coeff * total_deficit,reviewed result-affecting/algebraic literal
code/model/coupled_econ_biophysical.py,289,"[0.3, 1.0]","return max(0.3, min(1.0, stress))",reviewed result-affecting/algebraic literal
code/model/coupled_econ_biophysical.py,295,[0.0],"n_eff = max(0.0, n_available)",reviewed result-affecting/algebraic literal
code/model/coupled_econ_biophysical.py,296,[1.0],y = self.y_max * (1.0 - np.exp(-self.mit_c * n_eff)) * water_stress,reviewed result-affecting/algebraic literal
code/model/coupled_econ_biophysical.py,322,[1000],c_to_slow / self.som.cn_slow) * 1000  # kg N/ha,reviewed result-affecting/algebraic literal
code/model/coupled_econ_biophysical.py,324,[1000],n_supply = residue_c / self.crop.residue_cn * 1000  # kg N/ha,reviewed result-affecting/algebraic literal
code/model/coupled_econ_biophysical.py,326,[0.0],"return max(0.0, n_demand - n_supply)",reviewed result-affecting/algebraic literal
code/model/coupled_econ_biophysical.py,328,[1.0],"def step(self, fert_applied: float, bnf: float = None, dt: float = 1.0):",reviewed result-affecting/algebraic literal
code/model/coupled_econ_biophysical.py,352,[0.0],n_immob = 0.0,reviewed result-affecting/algebraic literal
code/model/coupled_econ_biophysical.py,353,[3],for _ in range(3):,reviewed result-affecting/algebraic literal
code/model/coupled_econ_biophysical.py,375,[1e-10],eps = 1e-10  # avoid division by zero,reviewed result-affecting/algebraic literal
code/model/coupled_econ_biophysical.py,377,[1.0],"denom = max(1.0 - exp_term, eps)",reviewed result-affecting/algebraic literal
code/model/coupled_econ_biophysical.py,385,[0.0],"beta = elasticity_n_total * max(0.0, n_min_share)",reviewed result-affecting/algebraic literal
code/model/coupled_econ_biophysical.py,412,[0.0],"self.C_active = max(0.0, self.C_active - d_active + c_in_active)",reviewed result-affecting/algebraic literal
code/model/coupled_econ_biophysical.py,413,[0.0],"self.C_slow = max(0.0, self.C_slow - d_slow + h_a_to_s + c_in_slow)",reviewed result-affecting/algebraic literal
code/model/coupled_econ_biophysical.py,414,[0.0],"self.C_passive = max(0.0, self.C_passive - d_passive + h_s_to_p)",reviewed result-affecting/algebraic literal
code/model/coupled_econ_biophysical.py,420,"[0, 0]","'yield_fraction': y / self.yield_baseline if self.yield_baseline > 0 else 0,",reviewed result-affecting/algebraic literal
code/model/coupled_econ_biophysical.py,439,[0.2],def calibrate_price_shock(target_reduction: float = 0.20) -> float:,reviewed result-affecting/algebraic literal
code/model/coupled_econ_biophysical.py,456,"[0.01, 20.0]","lo, hi = 0.01, 20.0",reviewed result-affecting/algebraic literal
code/model/coupled_econ_biophysical.py,457,[50],for _ in range(50):,reviewed result-affecting/algebraic literal
code/model/coupled_econ_biophysical.py,458,[2],mid = (lo + hi) / 2,reviewed result-affecting/algebraic literal
code/model/coupled_econ_biophysical.py,459,[1],PF_hat = np.log(1 + mid),reviewed result-affecting/algebraic literal
code/model/coupled_econ_biophysical.py,460,[0.0],weighted_reduction = 0.0,reviewed result-affecting/algebraic literal
code/model/coupled_econ_biophysical.py,466,[1],weighted_reduction += (1 - np.exp(F_hat)) * region_n,reviewed result-affecting/algebraic literal
code/model/coupled_econ_biophysical.py,472,[2],return (lo + hi) / 2,reviewed result-affecting/algebraic literal
code/model/coupled_econ_biophysical.py,499,[0.2],shock = calibrate_price_shock(0.20),reviewed result-affecting/algebraic literal
code/model/coupled_econ_biophysical.py,507,[0.0],"eps_F_PY=0.0,    # No food price response",reviewed result-affecting/algebraic literal
code/model/coupled_econ_biophysical.py,508,[0.0],"eps_F_N=0.0,      # No soil N response",reviewed result-affecting/algebraic literal
code/model/coupled_econ_biophysical.py,509,[0.0],"eps_LD_PL=0.0,    # No land response",reviewed result-affecting/algebraic literal
code/model/coupled_econ_biophysical.py,510,[0.0],"eps_LD_PY=0.0,",reviewed result-affecting/algebraic literal
code/model/coupled_econ_biophysical.py,511,[0.0],"eps_LS_PL=0.0,",reviewed result-affecting/algebraic literal
code/model/coupled_econ_biophysical.py,519,[0.0],"eps_F_PY=0.0,    # No food price fert response yet",reviewed result-affecting/algebraic literal
code/model/coupled_econ_biophysical.py,520,[0.0],"eps_F_N=0.0,",reviewed result-affecting/algebraic literal
code/model/coupled_econ_biophysical.py,550,[0.2],shock = calibrate_price_shock(0.20),reviewed result-affecting/algebraic literal
code/model/coupled_econ_biophysical.py,563,[0.8],"sc1 = EconParams(**base_kwargs, fert_supply_ceiling=0.80,",reviewed result-affecting/algebraic literal
code/model/coupled_econ_biophysical.py,564,[0.0],fert_capacity_recovery_years=0.0),reviewed result-affecting/algebraic literal
code/model/coupled_econ_biophysical.py,570,[0.8],"sc2 = EconParams(**base_kwargs, fert_supply_ceiling=0.80,",reviewed result-affecting/algebraic literal
code/model/coupled_econ_biophysical.py,571,[20.0],"fert_capacity_recovery_years=20.0,",reviewed result-affecting/algebraic literal
code/model/coupled_econ_biophysical.py,611,[100.0],"t_max: float = 100.0,",reviewed result-affecting/algebraic literal
code/model/coupled_econ_biophysical.py,612,[1.0],"dt: float = 1.0,",reviewed result-affecting/algebraic literal
code/model/coupled_econ_biophysical.py,641,[0.0],"self.eps_F_PY = econ.eps_F_PY if econ.eps_F_PY == 0.0 else rp.get('eps_F_PY', econ.eps_F_PY)",reviewed result-affecting/algebraic literal
code/model/coupled_econ_biophysical.py,646,"[0.0, 0.0, 0.0]",if econ.eps_LD_PL == 0.0 and econ.eps_LD_PY == 0.0 and econ.eps_LS_PL == 0.0:,reviewed result-affecting/algebraic literal
code/model/coupled_econ_biophysical.py,648,[0.0],self.eps_LD_PL = 0.0,reviewed result-affecting/algebraic literal
code/model/coupled_econ_biophysical.py,649,[0.0],self.eps_LD_PY = 0.0,reviewed result-affecting/algebraic literal
code/model/coupled_econ_biophysical.py,650,[0.0],self.eps_LS_PL = 0.0,reviewed result-affecting/algebraic literal
code/model/coupled_econ_biophysical.py,666,[1],self.PF_hat_base = np.log(1 + econ.fert_price_shock),reviewed result-affecting/algebraic literal
code/model/coupled_econ_biophysical.py,670,[0.0],self.PY_hat = 0.0  # Food price (endogenous),reviewed result-affecting/algebraic literal
code/model/coupled_econ_biophysical.py,671,[0.0],self.F_hat = 0.0   # Fertilizer applied,reviewed result-affecting/algebraic literal
code/model/coupled_econ_biophysical.py,672,[0.0],self.L_hat = 0.0   # Land,reviewed result-affecting/algebraic literal
code/model/coupled_econ_biophysical.py,673,[0.0],self.N_hat = 0.0   # Soil N stock (from biophysical model),reviewed result-affecting/algebraic literal
code/model/coupled_econ_biophysical.py,694,[1e-10],if abs(self.eps_LS_PL - self.eps_LD_PL) > 1e-10:,reviewed result-affecting/algebraic literal
code/model/coupled_econ_biophysical.py,697,[0.0],lambda_L = 0.0,reviewed result-affecting/algebraic literal
code/model/coupled_econ_biophysical.py,704,[1e-10],if abs(denominator) > 1e-10:,reviewed result-affecting/algebraic literal
code/model/coupled_econ_biophysical.py,707,[0.0],PY_hat = 0.0,reviewed result-affecting/algebraic literal
code/model/coupled_econ_biophysical.py,719,[1],n_steps = int(self.t_max / self.dt) + 1,reviewed result-affecting/algebraic literal
code/model/coupled_econ_biophysical.py,755,[0.0],_init_n_immob = 0.0,reviewed result-affecting/algebraic literal
code/model/coupled_econ_biophysical.py,756,[3],for _ in range(3):,reviewed result-affecting/algebraic literal
code/model/coupled_econ_biophysical.py,768,[1e-10],eps = 1e-10,reviewed result-affecting/algebraic literal
code/model/coupled_econ_biophysical.py,770,[1.0],"denom_mit = max(1.0 - exp_term, eps)",reviewed result-affecting/algebraic literal
code/model/coupled_econ_biophysical.py,774,[0.0],"init_beta = init_total_elast * max(0.0, n_min_share)",reviewed result-affecting/algebraic literal
code/model/coupled_econ_biophysical.py,781,[0],if i == 0:,reviewed result-affecting/algebraic literal
code/model/coupled_econ_biophysical.py,784,[0.0],results['PF_hat'][i] = 0.0,reviewed result-affecting/algebraic literal
code/model/coupled_econ_biophysical.py,785,[0.0],results['PY_hat'][i] = 0.0,reviewed result-affecting/algebraic literal
code/model/coupled_econ_biophysical.py,786,[0.0],results['F_hat'][i] = 0.0,reviewed result-affecting/algebraic literal
code/model/coupled_econ_biophysical.py,787,[0.0],results['L_hat'][i] = 0.0,reviewed result-affecting/algebraic literal
code/model/coupled_econ_biophysical.py,788,[0.0],results['N_hat'][i] = 0.0,reviewed result-affecting/algebraic literal
code/model/coupled_econ_biophysical.py,791,[1.0],results['food_price_index'][i] = 1.0,reviewed result-affecting/algebraic literal
code/model/coupled_econ_biophysical.py,793,[1.0],results['yield_fraction'][i] = 1.0,reviewed result-affecting/algebraic literal
code/model/coupled_econ_biophysical.py,796,[1.0],results['soc_fraction'][i] = 1.0,reviewed result-affecting/algebraic literal
code/model/coupled_econ_biophysical.py,800,[1.0],results['total_production_index'][i] = 1.0,reviewed result-affecting/algebraic literal
code/model/coupled_econ_biophysical.py,801,[1.0],results['carrying_capacity_fraction'][i] = 1.0,reviewed result-affecting/algebraic literal
code/model/coupled_econ_biophysical.py,806,[0],if self.N_min_baseline > 0:,reviewed result-affecting/algebraic literal
code/model/coupled_econ_biophysical.py,807,[1e-06],"self.N_hat = np.log(max(current_n_min, 1e-6) / self.N_min_baseline)",reviewed result-affecting/algebraic literal
code/model/coupled_econ_biophysical.py,809,[0.0],self.N_hat = 0.0,reviewed result-affecting/algebraic literal
code/model/coupled_econ_biophysical.py,813,"[0, 0]",self.econ.fert_capacity_recovery_years > 0 and t > 0):,reviewed result-affecting/algebraic literal
code/model/coupled_econ_biophysical.py,814,[1.0],"recovery_frac = min(1.0, t / self.econ.fert_capacity_recovery_years)",reviewed result-affecting/algebraic literal
code/model/coupled_econ_biophysical.py,815,[1.0],self.PF_hat = self.PF_hat_base * (1.0 - recovery_frac),reviewed result-affecting/algebraic literal
code/model/coupled_econ_biophysical.py,821,[1],beta = results['beta'][i-1],reviewed result-affecting/algebraic literal
code/model/coupled_econ_biophysical.py,822,[1],gamma = results['gamma'][i-1],reviewed result-affecting/algebraic literal
code/model/coupled_econ_biophysical.py,836,[0.0],"F_level = max(0.0, F_level)",reviewed result-affecting/algebraic literal
code/model/coupled_econ_biophysical.py,840,[1.0],if self.econ.fert_supply_ceiling < 1.0:,reviewed result-affecting/algebraic literal
code/model/coupled_econ_biophysical.py,843,"[0, 0]",if self.econ.fert_capacity_recovery_years > 0 and t > 0:,reviewed result-affecting/algebraic literal
code/model/coupled_econ_biophysical.py,844,[1.0],"recovery_frac = min(1.0, t / self.econ.fert_capacity_recovery_years)",reviewed result-affecting/algebraic literal
code/model/coupled_econ_biophysical.py,845,[1.0],ceiling = ceiling + (1.0 - ceiling) * recovery_frac,reviewed result-affecting/algebraic literal
code/model/coupled_econ_biophysical.py,849,[1e-06],"F_max = total_n_available / max(L_level, 1e-6)",reviewed result-affecting/algebraic literal
code/model/coupled_econ_biophysical.py,889,[100.0],"t_max: float = 100.0,",reviewed result-affecting/algebraic literal
code/model/coupled_econ_biophysical.py,923,[0],first_df = list(scenario_results.values())[0],reviewed result-affecting/algebraic literal
code/model/coupled_econ_biophysical.py,929,[0.0],agg[col] = 0.0,reviewed result-affecting/algebraic literal
code/model/coupled_econ_biophysical.py,935,[0.0],agg['pop_supported_millions'] = 0.0,reviewed result-affecting/algebraic literal
code/model/coupled_econ_biophysical.py,944,[0.0],agg['total_land_mha'] = 0.0,reviewed result-affecting/algebraic literal
code/model/coupled_econ_biophysical.py,955,[10.0],def validate_fert_reduction(t_max: float = 10.0):,reviewed result-affecting/algebraic literal
code/model/coupled_econ_biophysical.py,965,[0.0],total_n_baseline = 0.0,reviewed result-affecting/algebraic literal
code/model/coupled_econ_biophysical.py,966,[0.0],total_n_shocked = 0.0,reviewed result-affecting/algebraic literal
code/model/coupled_econ_biophysical.py,974,[1],fert_yr1 = df['fert_applied_kgha'].iloc[1],reviewed result-affecting/algebraic literal
code/model/coupled_econ_biophysical.py,975,"[100, 1]",reduction = (1 - fert_yr1 / region.synth_n_current) * 100,reviewed result-affecting/algebraic literal
code/model/coupled_econ_biophysical.py,986,"[100, 1]",global_reduction = (1 - total_n_shocked / total_n_baseline) * 100,reviewed result-affecting/algebraic literal
code/model/coupled_econ_biophysical.py,996,[100.0],"t_max: float = 100.0,",reviewed result-affecting/algebraic literal
code/model/coupled_econ_biophysical.py,1017,[70],"print(""="" * 70)",reviewed result-affecting/algebraic literal
code/model/coupled_econ_biophysical.py,1020,[70],"print(""="" * 70)",reviewed result-affecting/algebraic literal
code/model/coupled_econ_biophysical.py,1025,[0.2],shock = calibrate_price_shock(0.20),reviewed result-affecting/algebraic literal
code/model/coupled_econ_biophysical.py,1034,[70],"print(""-"" * 70)",reviewed result-affecting/algebraic literal
code/model/coupled_econ_biophysical.py,1042,[100],"all_results = run_all_scenarios(regions, t_max=100)",reviewed result-affecting/algebraic literal
code/model/coupled_econ_biophysical.py,1051,"[0, 5, 10, 25, 50, 100]","for yr in [0, 5, 10, 25, 50, 100]:",reviewed result-affecting/algebraic literal
code/model/coupled_econ_biophysical.py,1066,[100],"sc_results = run_supply_constrained(regions, t_max=100)",reviewed result-affecting/algebraic literal
code/model/coupled_econ_biophysical.py,1071,"[0, 5, 10, 25, 50, 100]","for yr in [0, 5, 10, 25, 50, 100]:",reviewed result-affecting/algebraic literal
code/model/coupled_econ_biophysical.py,1087,[91],"print(""-"" * 91)",reviewed result-affecting/algebraic literal
code/model/coupled_econ_biophysical.py,1089,[50],s1 = all_results['S1'][r_name].iloc[50],reviewed result-affecting/algebraic literal
code/model/coupled_econ_biophysical.py,1090,[50],s3 = all_results['S3'][r_name].iloc[50],reviewed result-affecting/algebraic literal
code/model/coupled_monthly.py,39,[0],"sys.path.insert(0, os.path.join(os.path.dirname(os.path.abspath(__file__)), 'scripts'))",reviewed result-affecting/algebraic literal
code/model/coupled_monthly.py,96,[0],if region.mitscherlich_c_regional > 0 else self.crop.mitscherlich_c),reviewed result-affecting/algebraic literal
code/model/coupled_monthly.py,103,"[0.0, 0]",self.y_floor = region.yield_min_regional if region.yield_min_regional > 0 else 0.0,reviewed result-affecting/algebraic literal
code/model/coupled_monthly.py,106,[1000],self.n_cost_per_tonne = self.crop.grain_n_fraction * 1000  # 18 kg N / t grain,reviewed result-affecting/algebraic literal
code/model/coupled_monthly.py,170,[1.0],return 1.0,reviewed result-affecting/algebraic literal
code/model/coupled_monthly.py,187,[0.0],if delta >= 0.0:,reviewed result-affecting/algebraic literal
code/model/coupled_monthly.py,192,[1.0],1.0 - np.exp(delta / whc_gain_sat_pct),reviewed result-affecting/algebraic literal
code/model/coupled_monthly.py,207,[0.5],total_deficit = 0.5 * (raw + np.sqrt(raw * raw + eps_mm * eps_mm)),reviewed result-affecting/algebraic literal
code/model/coupled_monthly.py,208,[1.0],stress = 1.0 - self.region.water_stress_coeff * total_deficit,reviewed result-affecting/algebraic literal
code/model/coupled_monthly.py,209,[1.0],"return max(WATER_STRESS_MIN_FACTOR, min(1.0, stress))",reviewed result-affecting/algebraic literal
code/model/coupled_monthly.py,242,[1.0],y_mit = self.y_max * (1.0 - np.exp(-self.mit_c * n_uptake)) * ws,reviewed result-affecting/algebraic literal
code/model/coupled_monthly.py,243,[0],y_stoich = n_uptake / self.n_cost_per_tonne if self.n_cost_per_tonne > 0 else y_mit,reviewed result-affecting/algebraic literal
code/model/coupled_monthly.py,249,[1],rf = (1 - hi) / hi,reviewed result-affecting/algebraic literal
code/model/coupled_monthly.py,269,[1e-10],eps = 1e-10,reviewed result-affecting/algebraic literal
code/model/coupled_monthly.py,274,[1.0],elasticity_n_total = 1.0  # unit elasticity (proportional),reviewed result-affecting/algebraic literal
code/model/coupled_monthly.py,278,[1.0],"denom = max(1.0 - exp_term, eps)",reviewed result-affecting/algebraic literal
code/model/coupled_monthly.py,288,[0.5],soil_share = 0.5,reviewed result-affecting/algebraic literal
code/model/coupled_monthly.py,289,[0.5],fert_share = 0.5,reviewed result-affecting/algebraic literal
code/model/coupled_monthly.py,291,[0.0],"beta = elasticity_n_total * max(0.0, soil_share)",reviewed result-affecting/algebraic literal
code/model/coupled_monthly.py,296,"[0, 0]","'yield_fraction': y / self.yield_baseline if self.yield_baseline > 0 else 0,",reviewed result-affecting/algebraic literal
code/model/coupled_monthly.py,303,"[1, 0]","'soc_fraction': soc_new / self.soc_initial if self.soc_initial > 0 else 1,",reviewed result-affecting/algebraic literal
code/model/coupled_monthly.py,332,[100.0],"t_max: float = 100.0,",reviewed result-affecting/algebraic literal
code/model/coupled_monthly.py,333,[1.0],"dt: float = 1.0,",reviewed result-affecting/algebraic literal
code/model/coupled_monthly.py,358,[0.0],"self.eps_F_PY = econ.eps_F_PY if econ.eps_F_PY == 0.0 else rp.get('eps_F_PY', econ.eps_F_PY)",reviewed result-affecting/algebraic literal
code/model/coupled_monthly.py,362,"[0.0, 0.0, 0.0]",if econ.eps_LD_PL == 0.0 and econ.eps_LD_PY == 0.0 and econ.eps_LS_PL == 0.0:,reviewed result-affecting/algebraic literal
code/model/coupled_monthly.py,363,[0.0],self.eps_LD_PL = 0.0,reviewed result-affecting/algebraic literal
code/model/coupled_monthly.py,364,[0.0],self.eps_LD_PY = 0.0,reviewed result-affecting/algebraic literal
code/model/coupled_monthly.py,365,[0.0],self.eps_LS_PL = 0.0,reviewed result-affecting/algebraic literal
code/model/coupled_monthly.py,389,[1],self.PF_hat_base = np.log(1 + econ.fert_price_shock),reviewed result-affecting/algebraic literal
code/model/coupled_monthly.py,393,[0.0],self.PY_hat = 0.0,reviewed result-affecting/algebraic literal
code/model/coupled_monthly.py,394,[0.0],self.F_hat = 0.0,reviewed result-affecting/algebraic literal
code/model/coupled_monthly.py,395,[0.0],self.L_hat = 0.0,reviewed result-affecting/algebraic literal
code/model/coupled_monthly.py,396,[0.0],self.N_hat = 0.0,reviewed result-affecting/algebraic literal
code/model/coupled_monthly.py,400,[1e-10],if abs(self.eps_LS_PL - self.eps_LD_PL) > 1e-10:,reviewed result-affecting/algebraic literal
code/model/coupled_monthly.py,402,[0.0],return 0.0,reviewed result-affecting/algebraic literal
code/model/coupled_monthly.py,409,[1e-10],if abs(self.eps_LS_PL - self.eps_LD_PL) > 1e-10:,reviewed result-affecting/algebraic literal
code/model/coupled_monthly.py,412,[0.0],lambda_L = 0.0,reviewed result-affecting/algebraic literal
code/model/coupled_monthly.py,418,[1e-10],if abs(denominator) > 1e-10:,reviewed result-affecting/algebraic literal
code/model/coupled_monthly.py,421,[0.0],PY_hat = 0.0,reviewed result-affecting/algebraic literal
code/model/coupled_monthly.py,443,[1e-10],if abs(self.eps_LS_PL - self.eps_LD_PL) > 1e-10:,reviewed result-affecting/algebraic literal
code/model/coupled_monthly.py,446,[0.0],lambda_L = 0.0,reviewed result-affecting/algebraic literal
code/model/coupled_monthly.py,450,"[0.0, 1e-10]",PY_hat = num / den if abs(den) > 1e-10 else 0.0,reviewed result-affecting/algebraic literal
code/model/coupled_monthly.py,457,[1],n_steps = int(self.t_max / self.dt) + 1,reviewed result-affecting/algebraic literal
code/model/coupled_monthly.py,499,[1e-10],eps = 1e-10,reviewed result-affecting/algebraic literal
code/model/coupled_monthly.py,503,[1.0],y_mit_init = self.bio.y_max * (1.0 - np.exp(-self.bio.mit_c * n_up_safe)),reviewed result-affecting/algebraic literal
code/model/coupled_monthly.py,507,[1.0],init_elast = 1.0,reviewed result-affecting/algebraic literal
code/model/coupled_monthly.py,510,[1.0],"denom = max(1.0 - exp_term, eps)",reviewed result-affecting/algebraic literal
code/model/coupled_monthly.py,517,[0.0],"init_beta = init_elast * max(0.0, soil_share)",reviewed result-affecting/algebraic literal
code/model/coupled_monthly.py,531,[0],if i == 0:,reviewed result-affecting/algebraic literal
code/model/coupled_monthly.py,534,[0.0],results['PF_hat'][i] = 0.0,reviewed result-affecting/algebraic literal
code/model/coupled_monthly.py,535,[0.0],results['PY_hat'][i] = 0.0,reviewed result-affecting/algebraic literal
code/model/coupled_monthly.py,536,[0.0],results['F_hat'][i] = 0.0,reviewed result-affecting/algebraic literal
code/model/coupled_monthly.py,537,[0.0],results['L_hat'][i] = 0.0,reviewed result-affecting/algebraic literal
code/model/coupled_monthly.py,538,[0.0],results['N_hat'][i] = 0.0,reviewed result-affecting/algebraic literal
code/model/coupled_monthly.py,541,[1.0],results['food_price_index'][i] = 1.0,reviewed result-affecting/algebraic literal
code/model/coupled_monthly.py,543,[1.0],results['yield_fraction'][i] = 1.0,reviewed result-affecting/algebraic literal
code/model/coupled_monthly.py,550,[1.0],results['soc_fraction'][i] = 1.0,reviewed result-affecting/algebraic literal
code/model/coupled_monthly.py,554,[1.0],results['total_production_index'][i] = 1.0,reviewed result-affecting/algebraic literal
code/model/coupled_monthly.py,555,[1.0],results['carrying_capacity_fraction'][i] = 1.0,reviewed result-affecting/algebraic literal
code/model/coupled_monthly.py,556,[0.0],results['cap_binding'][i] = 0.0,reviewed result-affecting/algebraic literal
code/model/coupled_monthly.py,557,[0.0],results['clearing_residual'][i] = 0.0,reviewed result-affecting/algebraic literal
code/model/coupled_monthly.py,561,[1],current_n_min = results['n_mineralized'][i-1],reviewed result-affecting/algebraic literal
code/model/coupled_monthly.py,562,[0],if self.N_min_baseline > 0:,reviewed result-affecting/algebraic literal
code/model/coupled_monthly.py,563,[1e-06],"self.N_hat = np.log(max(current_n_min, 1e-6) / self.N_min_baseline)",reviewed result-affecting/algebraic literal
code/model/coupled_monthly.py,565,[0.0],self.N_hat = 0.0,reviewed result-affecting/algebraic literal
code/model/coupled_monthly.py,569,"[0, 0]",self.econ.fert_capacity_recovery_years > 0 and t > 0):,reviewed result-affecting/algebraic literal
code/model/coupled_monthly.py,570,[1.0],"recovery_frac = min(1.0, t / self.econ.fert_capacity_recovery_years)",reviewed result-affecting/algebraic literal
code/model/coupled_monthly.py,571,[1.0],self.PF_hat = self.PF_hat_base * (1.0 - recovery_frac),reviewed result-affecting/algebraic literal
code/model/coupled_monthly.py,576,[1],beta = results['beta'][i-1],reviewed result-affecting/algebraic literal
code/model/coupled_monthly.py,577,[1],gamma = results['gamma'][i-1],reviewed result-affecting/algebraic literal
code/model/coupled_monthly.py,581,[0.0],"F_level = max(0.0, self.F_baseline * np.exp(F_hat))",reviewed result-affecting/algebraic literal
code/model/coupled_monthly.py,584,[0.0],clearing_residual = 0.0,reviewed result-affecting/algebraic literal
code/model/coupled_monthly.py,591,[1.0],if self.econ.fert_supply_ceiling < 1.0:,reviewed result-affecting/algebraic literal
code/model/coupled_monthly.py,593,"[0, 0]",if self.econ.fert_capacity_recovery_years > 0 and t > 0:,reviewed result-affecting/algebraic literal
code/model/coupled_monthly.py,594,[1.0],"recovery_frac = min(1.0, t / self.econ.fert_capacity_recovery_years)",reviewed result-affecting/algebraic literal
code/model/coupled_monthly.py,595,[1.0],ceiling = ceiling + (1.0 - ceiling) * recovery_frac,reviewed result-affecting/algebraic literal
code/model/coupled_monthly.py,596,[1e-06],"F_max = self.F_baseline * self.L_baseline * ceiling / max(L_level, 1e-6)",reviewed result-affecting/algebraic literal
code/model/coupled_monthly.py,597,"[1.0, 1e-09]",if F_level > F_max * (1.0 + 1e-9):,reviewed result-affecting/algebraic literal
code/model/coupled_monthly.py,600,[0.0],"F_level = max(0.0, self.F_baseline * np.exp(F_hat))",reviewed result-affecting/algebraic literal
code/model/coupled_monthly.py,647,"[1.0, 0.0]",results['cap_binding'][i] = 1.0 if cap_binding else 0.0,reviewed result-affecting/algebraic literal
code/model/coupled_monthly.py,688,[70],print('=' * 70),reviewed result-affecting/algebraic literal
code/model/coupled_monthly.py,690,[70],print('=' * 70),reviewed result-affecting/algebraic literal
code/model/coupled_monthly.py,705,[0.2],shock = calibrate_price_shock(0.20),reviewed result-affecting/algebraic literal
code/model/coupled_monthly.py,706,[100],print(f'\nCalibrated price shock: {shock:.4f} ({shock*100:.1f}%)'),reviewed result-affecting/algebraic literal
code/model/coupled_monthly.py,710,[90],print('-' * 90),reviewed result-affecting/algebraic literal
code/model/coupled_monthly.py,715,[30.0],"region=r, econ=s3, region_key=rk, t_max=30.0,",reviewed result-affecting/algebraic literal
code/model/coupled_monthly.py,719,"[0, 0]",yr0 = df[df['year'] == 0].iloc[0],reviewed result-affecting/algebraic literal
code/model/coupled_monthly.py,720,"[0, 10]",yr10 = df[df['year'] == 10].iloc[0],reviewed result-affecting/algebraic literal
code/model/coupled_monthly.py,721,"[100, 1]",loss = (1 - yr10['yield_fraction']) * 100,reviewed result-affecting/algebraic literal
code/model/monthly_model_v3.py,30,[0],"sys.path.insert(0, os.path.join(os.path.dirname(__file__), '..'))",reviewed result-affecting/algebraic literal
code/model/monthly_model_v3.py,56,"[3, 10, 17, 22, 24, 23, 18, 11, 3, 6, 4, 4]","[-6, -4, 3, 10, 17, 22, 24, 23, 18, 11, 3, -4],",reviewed result-affecting/algebraic literal
code/model/monthly_model_v3.py,57,"[25, 30, 55, 90, 115, 120, 105, 100, 85, 65, 50, 30]","[25, 30, 55, 90, 115, 120, 105, 100, 85, 65, 50, 30],",reviewed result-affecting/algebraic literal
code/model/monthly_model_v3.py,58,"[5, 8, 25, 55, 95, 125, 140, 120, 80, 45, 18, 7]","[5, 8, 25, 55, 95, 125, 140, 120, 80, 45, 18, 7],",reviewed result-affecting/algebraic literal
code/model/monthly_model_v3.py,59,"[5, 9]","5, 9),",reviewed result-affecting/algebraic literal
code/model/monthly_model_v3.py,61,"[3, 4, 7, 10, 14, 17, 19, 19, 15, 11, 6, 3]","[3, 4, 7, 10, 14, 17, 19, 19, 15, 11, 6, 3],",reviewed result-affecting/algebraic literal
code/model/monthly_model_v3.py,62,"[55, 45, 50, 50, 60, 55, 55, 55, 50, 55, 60, 60]","[55, 45, 50, 50, 60, 55, 55, 55, 50, 55, 60, 60],",reviewed result-affecting/algebraic literal
code/model/monthly_model_v3.py,63,"[10, 15, 30, 55, 80, 100, 110, 95, 60, 35, 15, 8]","[10, 15, 30, 55, 80, 100, 110, 95, 60, 35, 15, 8],",reviewed result-affecting/algebraic literal
code/model/monthly_model_v3.py,64,"[10, 7]","10, 7),   # winter wheat",reviewed result-affecting/algebraic literal
code/model/monthly_model_v3.py,66,"[0, 7, 15, 21, 26, 27, 26, 21, 14, 6, 3, 1]","[-3, 0, 7, 15, 21, 26, 27, 26, 21, 14, 6, -1],",reviewed result-affecting/algebraic literal
code/model/monthly_model_v3.py,67,"[5, 8, 15, 25, 40, 75, 150, 130, 55, 30, 12, 5]","[5, 8, 15, 25, 40, 75, 150, 130, 55, 30, 12, 5],",reviewed result-affecting/algebraic literal
code/model/monthly_model_v3.py,68,"[8, 12, 30, 60, 100, 130, 140, 120, 75, 40, 15, 8]","[8, 12, 30, 60, 100, 130, 140, 120, 75, 40, 15, 8],",reviewed result-affecting/algebraic literal
code/model/monthly_model_v3.py,69,"[6, 10]","6, 10),",reviewed result-affecting/algebraic literal
code/model/monthly_model_v3.py,71,"[15, 18, 24, 30, 33, 34, 31, 30, 29, 26, 20, 16]","[15, 18, 24, 30, 33, 34, 31, 30, 29, 26, 20, 16],",reviewed result-affecting/algebraic literal
code/model/monthly_model_v3.py,72,"[20, 15, 10, 10, 20, 100, 250, 250, 150, 30, 5, 10]","[20, 15, 10, 10, 20, 100, 250, 250, 150, 30, 5, 10],",reviewed result-affecting/algebraic literal
code/model/monthly_model_v3.py,73,"[40, 55, 90, 130, 160, 150, 120, 110, 100, 80, 50, 35]","[40, 55, 90, 130, 160, 150, 120, 110, 100, 80, 50, 35],",reviewed result-affecting/algebraic literal
code/model/monthly_model_v3.py,74,"[11, 4]","11, 4),   # rabi wheat",reviewed result-affecting/algebraic literal
code/model/monthly_model_v3.py,76,"[26, 27, 29, 30, 29, 28, 28, 28, 27, 27, 26, 25]","[26, 27, 29, 30, 29, 28, 28, 28, 27, 27, 26, 25],",reviewed result-affecting/algebraic literal
code/model/monthly_model_v3.py,77,"[10, 20, 40, 70, 150, 150, 160, 170, 200, 160, 50, 15]","[10, 20, 40, 70, 150, 150, 160, 170, 200, 160, 50, 15],",reviewed result-affecting/algebraic literal
code/model/monthly_model_v3.py,78,"[90, 95, 120, 130, 120, 110, 110, 110, 100, 100, 90, 85]","[90, 95, 120, 130, 120, 110, 110, 110, 100, 100, 90, 85],",reviewed result-affecting/algebraic literal
code/model/monthly_model_v3.py,79,"[6, 11]","6, 11),",reviewed result-affecting/algebraic literal
code/model/monthly_model_v3.py,81,"[25, 25, 24, 22, 19, 17, 17, 19, 21, 23, 24, 25]","[25, 25, 24, 22, 19, 17, 17, 19, 21, 23, 24, 25],",reviewed result-affecting/algebraic literal
code/model/monthly_model_v3.py,82,"[200, 180, 160, 80, 40, 25, 20, 25, 50, 100, 150, 190]","[200, 180, 160, 80, 40, 25, 20, 25, 50, 100, 150, 190],",reviewed result-affecting/algebraic literal
code/model/monthly_model_v3.py,83,"[130, 120, 120, 90, 60, 50, 50, 70, 90, 110, 120, 130]","[130, 120, 120, 90, 60, 50, 50, 70, 90, 110, 120, 130],",reviewed result-affecting/algebraic literal
code/model/monthly_model_v3.py,84,"[10, 3]","10, 3),",reviewed result-affecting/algebraic literal
code/model/monthly_model_v3.py,86,"[25, 26, 26, 25, 24, 22, 21, 22, 23, 24, 24, 25]","[25, 26, 26, 25, 24, 22, 21, 22, 23, 24, 24, 25],",reviewed result-affecting/algebraic literal
code/model/monthly_model_v3.py,87,"[30, 35, 80, 130, 150, 100, 60, 50, 80, 140, 100, 40]","[30, 35, 80, 130, 150, 100, 60, 50, 80, 140, 100, 40],",reviewed result-affecting/algebraic literal
code/model/monthly_model_v3.py,88,"[110, 110, 120, 110, 100, 80, 70, 80, 100, 110, 110, 110]","[110, 110, 120, 110, 100, 80, 70, 80, 100, 110, 110, 110],",reviewed result-affecting/algebraic literal
code/model/monthly_model_v3.py,89,"[4, 9]","4, 9),",reviewed result-affecting/algebraic literal
code/model/monthly_model_v3.py,91,"[1, 10, 16, 20, 22, 21, 15, 8, 1, 6, 5, 4]","[-6, -5, 1, 10, 16, 20, 22, 21, 15, 8, 1, -4],",reviewed result-affecting/algebraic literal
code/model/monthly_model_v3.py,92,"[35, 30, 30, 35, 45, 55, 55, 40, 35, 35, 40, 40]","[35, 30, 30, 35, 45, 55, 55, 40, 35, 35, 40, 40],",reviewed result-affecting/algebraic literal
code/model/monthly_model_v3.py,93,"[5, 8, 20, 50, 90, 120, 130, 110, 65, 30, 12, 5]","[5, 8, 20, 50, 90, 120, 130, 110, 65, 30, 12, 5],",reviewed result-affecting/algebraic literal
code/model/monthly_model_v3.py,94,"[4, 8]","4, 8),",reviewed result-affecting/algebraic literal
code/model/monthly_model_v3.py,98,"[5.5, 5.0, 6.0]","'north_america': 5.50, 'europe': 5.00, 'east_asia': 6.00,",reviewed result-affecting/algebraic literal
code/model/monthly_model_v3.py,99,"[3.2, 4.2, 4.5]","'south_asia': 3.20, 'southeast_asia': 4.20, 'latin_america': 4.50,",reviewed result-affecting/algebraic literal
code/model/monthly_model_v3.py,100,"[1.5, 2.8]","'sub_saharan_africa': 1.50, 'fsu_central_asia': 2.80",reviewed result-affecting/algebraic literal
code/model/monthly_model_v3.py,121,[12],if any(len(v) != 12 for v in vectors.values()):,reviewed result-affecting/algebraic literal
code/model/monthly_model_v3.py,142,"[0.5, 2]",total_deficit = 0.5 * (raw + np.sqrt(raw * raw + water_stress_eps_mm ** 2)),reviewed result-affecting/algebraic literal
code/model/monthly_model_v3.py,143,[1.0],stress = 1.0 - region.water_stress_coeff * total_deficit,reviewed result-affecting/algebraic literal
code/model/monthly_model_v3.py,144,[1.0],"return max(WATER_STRESS_MIN_FACTOR, min(1.0, stress))",reviewed result-affecting/algebraic literal
code/model/monthly_model_v3.py,153,[2.0],q10: float = 2.0,reviewed result-affecting/algebraic literal
code/model/monthly_model_v3.py,154,[25.0],t_ref: float = 25.0,reviewed result-affecting/algebraic literal
code/model/monthly_model_v3.py,155,[5.0],t_min: float = -5.0,reviewed result-affecting/algebraic literal
code/model/monthly_model_v3.py,158,[0.5],moist_opt_lo: float = 0.5,reviewed result-affecting/algebraic literal
code/model/monthly_model_v3.py,159,[1.5],moist_opt_hi: float = 1.5,reviewed result-affecting/algebraic literal
code/model/monthly_model_v3.py,160,[0.2],moist_min: float = 0.2       # Very dry,reviewed result-affecting/algebraic literal
code/model/monthly_model_v3.py,161,[0.5],moist_waterlog: float = 0.5  # Saturated,reviewed result-affecting/algebraic literal
code/model/monthly_model_v3.py,164,[0.1],"leach_coeff: float = 0.10    # Per mm drainage, on mineral N pool",reviewed result-affecting/algebraic literal
code/model/monthly_model_v3.py,165,[0.025],leach_base: float = 0.025    # Base monthly diffusion/matrix loss,reviewed result-affecting/algebraic literal
code/model/monthly_model_v3.py,166,[0.008],denitrif_base: float = 0.008,reviewed result-affecting/algebraic literal
code/model/monthly_model_v3.py,167,[4.0],denitrif_wet_mult: float = 4.0,reviewed result-affecting/algebraic literal
code/model/monthly_model_v3.py,170,[0.15],immob_frac: float = 0.15,reviewed result-affecting/algebraic literal
code/model/monthly_model_v3.py,175,[0.75],max_uptake_frac: float = 0.75,reviewed result-affecting/algebraic literal
code/model/monthly_model_v3.py,176,[2.0],min_n_pool: float = 2.0,reviewed result-affecting/algebraic literal
code/model/monthly_model_v3.py,185,[0.0],return 0.0,reviewed result-affecting/algebraic literal
code/model/monthly_model_v3.py,186,[10.0],return p.q10 ** ((t - p.t_ref) / 10.0),reviewed result-affecting/algebraic literal
code/model/monthly_model_v3.py,189,[0],if pe <= 0:,reviewed result-affecting/algebraic literal
code/model/monthly_model_v3.py,193,[1],return p.moist_min + (1 - p.moist_min) * (r / p.moist_opt_lo),reviewed result-affecting/algebraic literal
code/model/monthly_model_v3.py,195,[1.0],return 1.0,reviewed result-affecting/algebraic literal
code/model/monthly_model_v3.py,197,"[1.0, 0.3]","return max(p.moist_waterlog, 1.0 - (r - p.moist_opt_hi) * 0.3)",reviewed result-affecting/algebraic literal
code/model/monthly_model_v3.py,205,[1],pm = clim.planting_month - 1,reviewed result-affecting/algebraic literal
code/model/monthly_model_v3.py,206,[1],mm = clim.maturity_month - 1,reviewed result-affecting/algebraic literal
code/model/monthly_model_v3.py,208,[1],"return list(range(pm, mm + 1))",reviewed result-affecting/algebraic literal
code/model/monthly_model_v3.py,209,"[12, 0, 1]","return list(range(pm, 12)) + list(range(0, mm + 1))",reviewed result-affecting/algebraic literal
code/model/monthly_model_v3.py,213,"[12, 0.0]",d = [0.0] * 12,reviewed result-affecting/algebraic literal
code/model/monthly_model_v3.py,215,[0],if n == 0:,reviewed result-affecting/algebraic literal
code/model/monthly_model_v3.py,216,"[12, 1, 12]",return [1/12]*12,reviewed result-affecting/algebraic literal
code/model/monthly_model_v3.py,218,"[1, 1]","pos = i / max(n-1, 1)",reviewed result-affecting/algebraic literal
code/model/monthly_model_v3.py,219,"[2, 2, 0.15, 2, 0.6]",d[m] = np.exp(-((pos-0.6)**2)/(2*0.15**2)),reviewed result-affecting/algebraic literal
code/model/monthly_model_v3.py,221,"[0, 12, 1, 12]",return [x/s for x in d] if s > 0 else [1/12]*12,reviewed result-affecting/algebraic literal
code/model/monthly_model_v3.py,225,"[12, 0.0]",p = [0.0]*12,reviewed result-affecting/algebraic literal
code/model/monthly_model_v3.py,227,"[0.33, 0]",p[gm[0]] = 0.33,reviewed result-affecting/algebraic literal
code/model/monthly_model_v3.py,228,"[0.67, 2]",p[gm[len(gm)//2]] += 0.67,reviewed result-affecting/algebraic literal
code/model/monthly_model_v3.py,257,[12],monthly_bnf = bnf_annual / 12,reviewed result-affecting/algebraic literal
code/model/monthly_model_v3.py,258,[12],monthly_atm = atm_dep / 12,reviewed result-affecting/algebraic literal
code/model/monthly_model_v3.py,261,"[0, 0, 0, 0, 0]","ann = {'min': 0, 'leach': 0, 'den': 0, 'uptake': 0, 'immob': 0}",reviewed result-affecting/algebraic literal
code/model/monthly_model_v3.py,262,"[1.0, 0]",peak_demand = max(dem) if max(dem) > 0 else 1.0,reviewed result-affecting/algebraic literal
code/model/monthly_model_v3.py,264,[12],for month in range(12):,reviewed result-affecting/algebraic literal
code/model/monthly_model_v3.py,271,"[0.0, 0, 12.0]",abiotic = tf * mf / ref_tf / 12.0 if ref_tf > 0 else 0.0,reviewed result-affecting/algebraic literal
code/model/monthly_model_v3.py,275,[1000],som.k_passive * c_passive) / cn) * 1000 * abiotic,reviewed result-affecting/algebraic literal
code/model/monthly_model_v3.py,287,[0],"drainage = max(pr - pe, 0)",reviewed result-affecting/algebraic literal
code/model/monthly_model_v3.py,288,"[0.6, 100]","lf = min(p.leach_coeff * drainage / 100 + p.leach_base, 0.60)",reviewed result-affecting/algebraic literal
code/model/monthly_model_v3.py,293,[0.8],wet = pr > pe * 0.8,reviewed result-affecting/algebraic literal
code/model/monthly_model_v3.py,294,[1.0],dr = p.denitrif_base * (p.denitrif_wet_mult if wet else 1.0),reviewed result-affecting/algebraic literal
code/model/monthly_model_v3.py,299,[0.01],if dem[month] > 0.01:,reviewed result-affecting/algebraic literal
code/model/monthly_model_v3.py,303,[0],"n_up = max(n_up, 0)",reviewed result-affecting/algebraic literal
code/model/monthly_model_v3.py,305,[0.0],n_up = 0.0,reviewed result-affecting/algebraic literal
code/model/monthly_model_v3.py,331,[0.9],c_a_new = c_a - dec_a + c_in * 0.90,reviewed result-affecting/algebraic literal
code/model/monthly_model_v3.py,332,[0.1],c_s_new = c_s - dec_s + c_in * 0.10 + dec_a * som.h_active_to_slow,reviewed result-affecting/algebraic literal
code/model/monthly_model_v3.py,343,[2000],"n_spinup: int = 2000,",reviewed result-affecting/algebraic literal
code/model/monthly_model_v3.py,344,[0.002],"tol: float = 0.002,",reviewed result-affecting/algebraic literal
code/model/monthly_model_v3.py,433,[1],c_p = soc * (1 - som.f_active - som.f_slow),reviewed result-affecting/algebraic literal
code/model/monthly_model_v3.py,437,[0],if region.mitscherlich_c_regional > 0 else crop.mitscherlich_c),reviewed result-affecting/algebraic literal
code/model/monthly_model_v3.py,442,[0],if region.yield_max_regional > 0,reviewed result-affecting/algebraic literal
code/model/monthly_model_v3.py,446,[1000],n_grain_t = crop.grain_n_fraction * 1000,reviewed result-affecting/algebraic literal
code/model/monthly_model_v3.py,448,[1],rf = (1 - hi) / hi,reviewed result-affecting/algebraic literal
code/model/monthly_model_v3.py,451,[12.0],mineral_n = 12.0,reviewed result-affecting/algebraic literal
code/model/monthly_model_v3.py,456,[1.0],ws0 = baseline_water_stress(region) if apply_water_stress else 1.0,reviewed result-affecting/algebraic literal
code/model/monthly_model_v3.py,460,[50],conv_window = 50,reviewed result-affecting/algebraic literal
code/model/monthly_model_v3.py,474,[1],y = ym * (1 - np.exp(-mit_c * n_eff)) * ws0,reviewed result-affecting/algebraic literal
code/model/monthly_model_v3.py,475,[0],y_stoich = n_eff / n_grain_t if n_grain_t > 0 else y,reviewed result-affecting/algebraic literal
code/model/monthly_model_v3.py,477,"[0.0, 0]","y = max(region.yield_min_regional if region.yield_min_regional > 0 else 0.0, y)",reviewed result-affecting/algebraic literal
code/model/monthly_model_v3.py,495,[0.1],"frac_drift = abs(soc - soc_old) / max(soc_old, 0.1)",reviewed result-affecting/algebraic literal
code/model/monthly_model_v3.py,496,[100],if frac_drift < tol and yr >= 100:,reviewed result-affecting/algebraic literal
code/model/monthly_model_v3.py,498,[1],years_to_converge = yr + 1,reviewed result-affecting/algebraic literal
code/model/monthly_model_v3.py,506,[1.0],frac_drift = 1.0,reviewed result-affecting/algebraic literal
code/model/monthly_model_v3.py,508,"[5, 0, 50]",if verbose and (yr < 5 or yr % 50 == 0):,reviewed result-affecting/algebraic literal
code/model/monthly_model_v3.py,539,[200],"n_years: int = 200,",reviewed result-affecting/algebraic literal
code/model/monthly_model_v3.py,564,[1],c_p = soc * (1 - som.f_active - som.f_slow),reviewed result-affecting/algebraic literal
code/model/monthly_model_v3.py,571,[0],if region.yield_max_regional > 0,reviewed result-affecting/algebraic literal
code/model/monthly_model_v3.py,575,[1000],n_grain_t = crop.grain_n_fraction * 1000,reviewed result-affecting/algebraic literal
code/model/monthly_model_v3.py,578,[12.0],mineral_n = 12.0,reviewed result-affecting/algebraic literal
code/model/monthly_model_v3.py,590,[1],y = ym * (1 - np.exp(-c_mits * n_eff)),reviewed result-affecting/algebraic literal
code/model/monthly_model_v3.py,591,[0],y_stoich = n_eff / n_grain_t if n_grain_t > 0 else y,reviewed result-affecting/algebraic literal
code/model/monthly_model_v3.py,597,[1],rf = (1 - hi) / hi,reviewed result-affecting/algebraic literal
code/model/monthly_model_v3.py,616,"[5, 0, 50, 1]",if verbose and (year < 5 or year % 50 == 0 or year == n_years-1):,reviewed result-affecting/algebraic literal
code/model/monthly_model_v3.py,629,[5],"r = run_model(region_key, n_years=5, yield_max_override=ym, p=p)",reviewed result-affecting/algebraic literal
code/model/monthly_model_v3.py,630,[2],return r['yield_tha'][2] - target,reviewed result-affecting/algebraic literal
code/model/monthly_model_v3.py,632,"[1.0, 50.0, 0.01]","return brentq(obj, 1.0, 50.0, xtol=0.01)",reviewed result-affecting/algebraic literal
code/model/monthly_model_v3.py,634,"[10.0, 999]","best, best_e = 10.0, 999",reviewed result-affecting/algebraic literal
code/model/monthly_model_v3.py,635,"[2.0, 40.0, 0.5]","for ym in np.arange(2.0, 40.0, 0.5):",reviewed result-affecting/algebraic literal
code/model/monthly_model_v3.py,636,[5],"r = run_model(region_key, n_years=5, yield_max_override=ym, p=p)",reviewed result-affecting/algebraic literal
code/model/monthly_model_v3.py,637,[2],e = abs(r['yield_tha'][2] - target),reviewed result-affecting/algebraic literal
code/model/monthly_model_v3.py,695,[300],"def compute_dep(region_key, ym, n_years=300, managed=False, p=None):",reviewed result-affecting/algebraic literal
code/model/monthly_model_v3.py,699,[5],"rc = run_model(region_key, n_years=5, yield_max_override=ym, p=p)",reviewed result-affecting/algebraic literal
code/model/monthly_model_v3.py,700,[2],yc = rc['yield_tha'][2],reviewed result-affecting/algebraic literal
code/model/monthly_model_v3.py,702,[0.0],"kw = dict(synth_n=0.0, n_years=n_years, yield_max_override=ym, p=p)",reviewed result-affecting/algebraic literal
code/model/monthly_model_v3.py,712,[1],/ (1 - mt['legume_frac'])),reviewed result-affecting/algebraic literal
code/model/monthly_model_v3.py,714,"[0.95, 0.15]","kw['residue_ret_override'] = min(region.residue_retention + 0.15, 0.95)",reviewed result-affecting/algebraic literal
code/model/monthly_model_v3.py,717,[20],yss_per_ha = np.mean(rnf['yield_tha'][-20:]),reviewed result-affecting/algebraic literal
code/model/monthly_model_v3.py,718,[20],soc_ss = np.mean(rnf['soc'][-20:]),reviewed result-affecting/algebraic literal
code/model/monthly_model_v3.py,726,[1],yss_effective = yss_per_ha * (1 - lf) + mt['legume_yield_ceq'] * lf,reviewed result-affecting/algebraic literal
code/model/monthly_model_v3.py,734,[100],"'soc_loss': (region.soc_initial - soc_ss)/region.soc_initial*100,",reviewed result-affecting/algebraic literal
code/model/monthly_model_v3.py,735,"[0, 0, 100]","'dep': (yc - yss_effective)/yc*100 if yc > 0 else 0,",reviewed result-affecting/algebraic literal
code/model/monthly_model_v3.py,736,[2],"'n_up_c': rc['n_uptake'][2],",reviewed result-affecting/algebraic literal
code/model/monthly_model_v3.py,737,[20],"'n_up_ss': np.mean(rnf['n_uptake'][-20:]),",reviewed result-affecting/algebraic literal
code/model/monthly_model_v3.py,738,[20],"'n_lch_ss': np.mean(rnf['n_leach'][-20:]),",reviewed result-affecting/algebraic literal
code/model/monthly_model_v3.py,739,[20],"'n_den_ss': np.mean(rnf['n_den'][-20:]),",reviewed result-affecting/algebraic literal
code/model/monthly_model_v3.py,740,[20],"'n_min_ss': np.mean(rnf['n_min'][-20:]),",reviewed result-affecting/algebraic literal
code/model/monthly_model_v3.py,753,[110],"print(""="" * 110)",reviewed result-affecting/algebraic literal
code/model/monthly_model_v3.py,755,[110],"print(""="" * 110)",reviewed result-affecting/algebraic literal
code/model/monthly_model_v3.py,764,[5],"r = run_model(rk, n_years=5, yield_max_override=ym, p=p)",reviewed result-affecting/algebraic literal
code/model/monthly_model_v3.py,766,"[2, 2]","f""actual={r['yield_tha'][2]:.2f}, Nup={r['n_uptake'][2]:.1f}, """,reviewed result-affecting/algebraic literal
code/model/monthly_model_v3.py,767,"[2, 2]","f""Nlch={r['n_leach'][2]:.1f}, Nden={r['n_den'][2]:.1f}"")",reviewed result-affecting/algebraic literal
code/model/monthly_model_v3.py,773,[108],"print(""-"" * 108)",reviewed result-affecting/algebraic literal
code/model/monthly_model_v3.py,775,[0],tp_c = tp_s = 0,reviewed result-affecting/algebraic literal
code/model/monthly_model_v3.py,779,[300],"d = compute_dep(rk, cal[rk], n_years=300, managed=False, p=p)",reviewed result-affecting/algebraic literal
code/model/monthly_model_v3.py,786,[300],ss_yr = 300,reviewed result-affecting/algebraic literal
code/model/monthly_model_v3.py,788,"[0.02, 0.01]","if abs(y - d['yss']) / max(d['yss'], 0.01) < 0.02:",reviewed result-affecting/algebraic literal
code/model/monthly_model_v3.py,794,"[100, 1]",gdep_a = (1 - tp_s/tp_c)*100,reviewed result-affecting/algebraic literal
code/model/monthly_model_v3.py,798,[100],"print(f""  Population at risk: {gdep_a/100*pop:.0f} M of {pop:.0f} M"")",reviewed result-affecting/algebraic literal
code/model/monthly_model_v3.py,803,[105],"print(""-"" * 105)",reviewed result-affecting/algebraic literal
code/model/monthly_model_v3.py,805,[0],tp_c2 = tp_s2 = 0,reviewed result-affecting/algebraic literal
code/model/monthly_model_v3.py,809,[300],"d = compute_dep(rk, cal[rk], n_years=300, managed=True, p=p)",reviewed result-affecting/algebraic literal
code/model/monthly_model_v3.py,813,[1],/ (1 - mt['legume_frac'])) + mt['free_living_bnf'],reviewed result-affecting/algebraic literal
code/model/monthly_model_v3.py,821,"[100, 1]",gdep_m = (1 - tp_s2/tp_c2)*100,reviewed result-affecting/algebraic literal
code/model/monthly_model_v3.py,823,[100],"print(f""  Population at risk: {gdep_m/100*pop:.0f} M"")",reviewed result-affecting/algebraic literal
code/model/monthly_model_v3.py,832,"[0.0, 180]","res_bb = run_model('europe', synth_n=0.0, n_years=180,",reviewed result-affecting/algebraic literal
code/model/monthly_model_v3.py,834,[20],ybb = np.mean(res_bb['yield_tha'][-20:]),reviewed result-affecting/algebraic literal
code/model/monthly_model_v3.py,835,[20],socbb = np.mean(res_bb['soc'][-20:]),reviewed result-affecting/algebraic literal
code/model/monthly_model_v3.py,838,"[0.0, 150]","res_mw = run_model('north_america', synth_n=0.0, n_years=150,",reviewed result-affecting/algebraic literal
code/model/monthly_model_v3.py,840,[20],ymw = np.mean(res_mw['yield_tha'][-20:]),reviewed result-affecting/algebraic literal
code/model/monthly_model_v3.py,841,[20],socmw = np.mean(res_mw['soc'][-20:]),reviewed result-affecting/algebraic literal
code/model/monthly_model_v3.py,846,"[0.0, 120]","res_bl = run_model('europe', synth_n=0.0, n_years=120,",reviewed result-affecting/algebraic literal
code/model/monthly_model_v3.py,848,[20],ybl = np.mean(res_bl['yield_tha'][-20:]),reviewed result-affecting/algebraic literal
code/model/monthly_model_v3.py,849,[20],socbl = np.mean(res_bl['soc'][-20:]),reviewed result-affecting/algebraic literal
code/model/monthly_model_v3.py,853,[110],"print(""\n\n"" + ""="" * 110)",reviewed result-affecting/algebraic literal
code/model/monthly_model_v3.py,855,[110],"print(""="" * 110)",reviewed result-affecting/algebraic literal
code/model/monthly_model_v3.py,857,[85],"print(f""  {'-'*85}"")",reviewed result-affecting/algebraic literal
code/model/monthly_model_v3.py,866,[5],"rd = run_model('north_america', n_years=5, yield_max_override=cal['north_america'],",reviewed result-affecting/algebraic literal
code/model/monthly_model_v3.py,868,[2],i = 2,reviewed result-affecting/algebraic literal
code/model/monthly_model_v3.py,872,[5.0],na_bnf = 5.0,reviewed result-affecting/algebraic literal
code/model/parameter_registry.py,16,[39.0],SOC_T_C_HA_PER_PERCENT_30CM = 39.0,reviewed result-affecting/algebraic literal
code/model/parameter_registry.py,17,[0.45],RESIDUE_C_FRACTION = 0.45,reviewed result-affecting/algebraic literal
code/model/parameter_registry.py,18,[1.0],WATER_STRESS_GAIN_SAT_SOC_PCT = 1.0,reviewed result-affecting/algebraic literal
code/model/parameter_registry.py,19,[3.0],WATER_STRESS_SOFTPLUS_EPS_MM = 3.0,reviewed result-affecting/algebraic literal
code/model/parameter_registry.py,20,[0.3],WATER_STRESS_MIN_FACTOR = 0.30,reviewed result-affecting/algebraic literal
code/model/parameter_registry.py,26,[3.48],WHC_MM_PER_SOC_PCT_30CM = 3.48,reviewed result-affecting/algebraic literal
code/model/parameter_registry.py,27,[2.32],WHC_MM_PER_SOC_PCT_LOW = 2.32,reviewed result-affecting/algebraic literal
code/model/parameter_registry.py,28,[8.4],WHC_MM_PER_SOC_PCT_HIGH = 8.40,reviewed result-affecting/algebraic literal
code/model/parameter_registry.py,34,[0.0],SOIL_N_RESPONSE_ELASTICITY_CENTRAL = 0.0,reviewed result-affecting/algebraic literal
code/model/parameter_registry.py,35,"[0.0, 0.25, 0.5, 1.0]","SOIL_N_RESPONSE_ELASTICITY_SENSITIVITY = (0.0, -0.25, -0.50, -1.0)",reviewed result-affecting/algebraic literal
code/model/parameter_registry.py,46,"[0.35, 50.0]","""legume_frac"": 0.35, ""net_n_credit"": 50.0,",reviewed result-affecting/algebraic literal
code/model/parameter_registry.py,47,"[1.8, 5.0]","""legume_yield_ceq"": 1.8, ""free_living_bnf"": 5.0,",reviewed result-affecting/algebraic literal
code/model/parameter_registry.py,50,"[0.25, 40.0]","""legume_frac"": 0.25, ""net_n_credit"": 40.0,",reviewed result-affecting/algebraic literal
code/model/parameter_registry.py,51,"[1.3, 5.0]","""legume_yield_ceq"": 1.3, ""free_living_bnf"": 5.0,",reviewed result-affecting/algebraic literal
code/model/parameter_registry.py,54,"[0.2, 35.0]","""legume_frac"": 0.20, ""net_n_credit"": 35.0,",reviewed result-affecting/algebraic literal
code/model/parameter_registry.py,55,"[1.2, 5.0]","""legume_yield_ceq"": 1.2, ""free_living_bnf"": 5.0,",reviewed result-affecting/algebraic literal
code/model/parameter_registry.py,58,"[0.3, 40.0]","""legume_frac"": 0.30, ""net_n_credit"": 40.0,",reviewed result-affecting/algebraic literal
code/model/parameter_registry.py,59,"[1.0, 5.0]","""legume_yield_ceq"": 1.0, ""free_living_bnf"": 5.0,",reviewed result-affecting/algebraic literal
code/model/parameter_registry.py,62,"[0.25, 45.0]","""legume_frac"": 0.25, ""net_n_credit"": 45.0,",reviewed result-affecting/algebraic literal
code/model/parameter_registry.py,63,"[1.2, 8.0]","""legume_yield_ceq"": 1.2, ""free_living_bnf"": 8.0,",reviewed result-affecting/algebraic literal
code/model/parameter_registry.py,66,"[0.45, 40.0]","""legume_frac"": 0.45, ""net_n_credit"": 40.0,",reviewed result-affecting/algebraic literal
code/model/parameter_registry.py,67,"[1.5, 5.0]","""legume_yield_ceq"": 1.5, ""free_living_bnf"": 5.0,",reviewed result-affecting/algebraic literal
code/model/parameter_registry.py,70,"[0.25, 30.0]","""legume_frac"": 0.25, ""net_n_credit"": 30.0,",reviewed result-affecting/algebraic literal
code/model/parameter_registry.py,71,"[0.8, 5.0]","""legume_yield_ceq"": 0.8, ""free_living_bnf"": 5.0,",reviewed result-affecting/algebraic literal
code/model/parameter_registry.py,74,"[0.2, 35.0]","""legume_frac"": 0.20, ""net_n_credit"": 35.0,",reviewed result-affecting/algebraic literal
code/model/parameter_registry.py,75,"[1.0, 5.0]","""legume_yield_ceq"": 1.0, ""free_living_bnf"": 5.0,",reviewed result-affecting/algebraic literal
code/model/parameter_registry.py,86,[1.0],"frac * p[""net_n_credit""] / (1.0 - frac)",reviewed result-affecting/algebraic literal
code/model/parameter_registry.py,109,"[2.3, 300.0]","""sub_saharan_africa"": RegionalPrice(2.30, 300.0, ""non-subsidized retail""),",reviewed result-affecting/algebraic literal
code/model/parameter_registry.py,110,"[1.2, 280.0]","""south_asia"": RegionalPrice(1.20, 280.0, ""market replacement cost""),",reviewed result-affecting/algebraic literal
code/model/parameter_registry.py,111,"[1.15, 260.0]","""latin_america"": RegionalPrice(1.15, 260.0, ""market replacement cost""),",reviewed result-affecting/algebraic literal
code/model/parameter_registry.py,112,"[1.1, 250.0]","""north_america"": RegionalPrice(1.10, 250.0, ""market replacement cost""),",reviewed result-affecting/algebraic literal
code/model/parameter_registry.py,118,[0.39],SOUTH_ASIA_FARMER_PAID_N_PRICE = 0.39,reviewed result-affecting/algebraic literal
code/model/parameter_registry.py,131,[0],if yield_t_ha <= 0:,reviewed result-affecting/algebraic literal
code/model/soil_n_model.py,48,[0.04],f_active: float = 0.04      # 2-5% of total SOM,reviewed result-affecting/algebraic literal
code/model/soil_n_model.py,49,[0.38],f_slow: float = 0.38        # 25-50% of total SOM,reviewed result-affecting/algebraic literal
code/model/soil_n_model.py,50,[0.58],f_passive: float = 0.58     # 45-73% of total SOM,reviewed result-affecting/algebraic literal
code/model/soil_n_model.py,53,[0.33],k_active: float = 0.33      # ~3 yr turnover,reviewed result-affecting/algebraic literal
code/model/soil_n_model.py,54,[0.03705],k_slow: float = 0.03705     # ~27 yr turnover (calibrated for SOC equilibrium),reviewed result-affecting/algebraic literal
code/model/soil_n_model.py,55,[0.000728],"k_passive: float = 0.000728 # ~1,373 yr turnover (calibrated for SOC equilibrium)",reviewed result-affecting/algebraic literal
code/model/soil_n_model.py,58,[8.0],cn_active: float = 8.0,reviewed result-affecting/algebraic literal
code/model/soil_n_model.py,59,[12.0],cn_slow: float = 12.0,reviewed result-affecting/algebraic literal
code/model/soil_n_model.py,60,[12.0],cn_passive: float = 12.0,reviewed result-affecting/algebraic literal
code/model/soil_n_model.py,63,[0.4],h_active_to_slow: float = 0.40,reviewed result-affecting/algebraic literal
code/model/soil_n_model.py,64,[0.03],h_slow_to_passive: float = 0.03,reviewed result-affecting/algebraic literal
code/model/soil_n_model.py,89,[1.3],LAUB_K_SLOW_RATIO = 1.30     # 0.13 / 0.10,reviewed result-affecting/algebraic literal
code/model/soil_n_model.py,90,[1.71],LAUB_K_PASSIVE_RATIO = 1.71  # 0.0060 / 0.0035,reviewed result-affecting/algebraic literal
code/model/soil_n_model.py,135,[5.0],yield_max: float = 5.0,reviewed result-affecting/algebraic literal
code/model/soil_n_model.py,140,[0.015],mitscherlich_c: float = 0.015,reviewed result-affecting/algebraic literal
code/model/soil_n_model.py,147,[0.0],yield_min: float = 0.0      # t/ha — effectively disabled,reviewed result-affecting/algebraic literal
code/model/soil_n_model.py,150,[1.0],residue_grain_ratio: float = 1.0,reviewed result-affecting/algebraic literal
code/model/soil_n_model.py,158,[75.0],residue_cn: float = 75.0,reviewed result-affecting/algebraic literal
code/model/soil_n_model.py,161,[0.018],grain_n_fraction: float = 0.018  # ~1.8% N in grain,reviewed result-affecting/algebraic literal
code/model/soil_n_model.py,164,[0.45],harvest_index: float = 0.45,reviewed result-affecting/algebraic literal
code/model/soil_n_model.py,175,[0.75],nue_apparent: float = 0.75,reviewed result-affecting/algebraic literal
code/model/soil_n_model.py,187,[10.0],cn_bulk: float = 10.0,reviewed result-affecting/algebraic literal
code/model/soil_n_model.py,190,[100.0],cropland_mha: float = 100.0,reviewed result-affecting/algebraic literal
code/model/soil_n_model.py,193,[120.0],synth_n_current: float = 120.0,reviewed result-affecting/algebraic literal
code/model/soil_n_model.py,196,[500.0],pop_supported: float = 500.0,reviewed result-affecting/algebraic literal
code/model/soil_n_model.py,200,[1],texture_class: int = 1,reviewed result-affecting/algebraic literal
code/model/soil_n_model.py,207,[0.004],water_stress_coeff: float = 0.004,reviewed result-affecting/algebraic literal
code/model/soil_n_model.py,210,[0.0],baseline_water_deficit: float = 0.0,reviewed result-affecting/algebraic literal
code/model/soil_n_model.py,217,[8.0],atm_n_deposition: float = 8.0,reviewed result-affecting/algebraic literal
code/model/soil_n_model.py,227,[25.0],bnf_potential: float = 25.0,reviewed result-affecting/algebraic literal
code/model/soil_n_model.py,230,[10.0],bnf_ramp_years: float = 10.0,reviewed result-affecting/algebraic literal
code/model/soil_n_model.py,233,[0.85],residue_retention: float = 0.85,reviewed result-affecting/algebraic literal
code/model/soil_n_model.py,241,[0.0],yield_max_regional: float = 0.0    # 0 = use CropParams default,reviewed result-affecting/algebraic literal
code/model/soil_n_model.py,242,[0.0],mitscherlich_c_regional: float = 0.0  # 0 = use CropParams default,reviewed result-affecting/algebraic literal
code/model/soil_n_model.py,248,[0.0],yield_min_regional: float = 0.0     # 0 = use CropParams.yield_min (0.0),reviewed result-affecting/algebraic literal
code/model/soil_n_model.py,255,[0.8],root_shoot_c_ratio: float = 0.80,reviewed result-affecting/algebraic literal
code/model/soil_n_model.py,265,[0.0],cre_regional: float = 0.0,reviewed result-affecting/algebraic literal
code/model/soil_n_model.py,274,[0.0],withdrawal_years: float = 0.0   # 0 = abrupt,reviewed result-affecting/algebraic literal
code/model/soil_n_model.py,286,[0.0],legume_fraction_target: float = 0.0,reviewed result-affecting/algebraic literal
code/model/soil_n_model.py,289,[10.0],legume_ramp_years: float = 10.0,reviewed result-affecting/algebraic literal
code/model/soil_n_model.py,302,[1.0],physical_strength: float = 1.0,reviewed result-affecting/algebraic literal
code/model/soil_n_model.py,311,[0.11],cre_base: float = 0.11  # 11% long-term average (Lehtinen et al. 2014),reviewed result-affecting/algebraic literal
code/model/soil_n_model.py,314,[0.6],cre_to_active: float = 0.60,reviewed result-affecting/algebraic literal
code/model/soil_n_model.py,315,[0.4],cre_to_slow: float = 0.40,reviewed result-affecting/algebraic literal
code/model/soil_n_model.py,338,[50.0],"soc_initial=50.0,       # t C/ha, 0-30 cm; blended US+Canada",reviewed result-affecting/algebraic literal
code/model/soil_n_model.py,339,[10.0],"cn_bulk=10.0,",reviewed result-affecting/algebraic literal
code/model/soil_n_model.py,340,[170.0],"cropland_mha=170.0,     # US ~155 + Canada ~35 Mha arable (FAO)",reviewed result-affecting/algebraic literal
code/model/soil_n_model.py,341,[76.0],"synth_n_current=76.0,   # ~13 Tg N / 170 Mha (USDA ERS, IFA)",reviewed result-affecting/algebraic literal
code/model/soil_n_model.py,342,[900.0],"pop_supported=900.0,    # ~12% of global crop calories (high yields, major exporter)",reviewed result-affecting/algebraic literal
code/model/soil_n_model.py,343,[1],"texture_class=1,        # Loam dominant",reviewed result-affecting/algebraic literal
code/model/soil_n_model.py,345,[0.003],"water_stress_coeff=0.003,",reviewed result-affecting/algebraic literal
code/model/soil_n_model.py,346,[0.0],"baseline_water_deficit=0.0,",reviewed result-affecting/algebraic literal
code/model/soil_n_model.py,347,[10.0],"atm_n_deposition=10.0,  # NADP monitoring: 8-12 kg N/ha in Corn Belt (Vet et al. 2014)",reviewed result-affecting/algebraic literal
code/model/soil_n_model.py,349,[8.0],"bnf_ramp_years=8.0,",reviewed result-affecting/algebraic literal
code/model/soil_n_model.py,350,[0.9],"residue_retention=0.90,",reviewed result-affecting/algebraic literal
code/model/soil_n_model.py,351,[0.0],"yield_max_regional=0.0,     # Disabled: canonical y_max is solved at runtime",reviewed result-affecting/algebraic literal
code/model/soil_n_model.py,352,[1.1],"yield_min_regional=1.1,     # Morrow Plots/Sanborn Field unfertilized: ~1.0-1.1 t/ha",reviewed result-affecting/algebraic literal
code/model/soil_n_model.py,353,[0.8],"root_shoot_c_ratio=0.80,    # Bolinder et al. 2007; temperate cereals",reviewed result-affecting/algebraic literal
code/model/soil_n_model.py,354,[0.28],"cre_regional=0.280,         # Calibrated: active pool equilibrium at initial SOC",reviewed result-affecting/algebraic literal
code/model/soil_n_model.py,358,[42.0],"soc_initial=42.0,       # t C/ha; LUCAS 2018, Lugato et al. 2014",reviewed result-affecting/algebraic literal
code/model/soil_n_model.py,359,[10.5],"cn_bulk=10.5,",reviewed result-affecting/algebraic literal
code/model/soil_n_model.py,360,[130.0],"cropland_mha=130.0,     # EU27 + UK + non-EU Europe (FAO)",reviewed result-affecting/algebraic literal
code/model/soil_n_model.py,361,[85.0],"synth_n_current=85.0,   # ~11 Tg N / 130 Mha (Eurostat, IFA)",reviewed result-affecting/algebraic literal
code/model/soil_n_model.py,362,[900.0],"pop_supported=900.0,    # ~12% of global crop calories",reviewed result-affecting/algebraic literal
code/model/soil_n_model.py,363,[1],"texture_class=1,",reviewed result-affecting/algebraic literal
code/model/soil_n_model.py,365,[0.003],"water_stress_coeff=0.003,",reviewed result-affecting/algebraic literal
code/model/soil_n_model.py,366,[0.0],"baseline_water_deficit=0.0,",reviewed result-affecting/algebraic literal
code/model/soil_n_model.py,367,[12.0],"atm_n_deposition=12.0,  # EMEP: 10-15 kg N/ha in W. Europe (Simpson et al. 2014)",reviewed result-affecting/algebraic literal
code/model/soil_n_model.py,369,[8.0],"bnf_ramp_years=8.0,",reviewed result-affecting/algebraic literal
code/model/soil_n_model.py,370,[0.9],"residue_retention=0.90,",reviewed result-affecting/algebraic literal
code/model/soil_n_model.py,371,[0.0],"yield_max_regional=0.0,",reviewed result-affecting/algebraic literal
code/model/soil_n_model.py,372,[1.0],"yield_min_regional=1.0,     # Rothamsted Broadbalk unfertilized: ~1.0 t/ha",reviewed result-affecting/algebraic literal
code/model/soil_n_model.py,373,[0.8],"root_shoot_c_ratio=0.80,    # Bolinder et al. 2007; temperate cereals",reviewed result-affecting/algebraic literal
code/model/soil_n_model.py,374,[0.259],"cre_regional=0.259,         # Calibrated: active pool equilibrium at initial SOC",reviewed result-affecting/algebraic literal
code/model/soil_n_model.py,378,[35.0],"soc_initial=35.0,       # t C/ha; China SOC variable, much degraded",reviewed result-affecting/algebraic literal
code/model/soil_n_model.py,379,[10.0],"cn_bulk=10.0,",reviewed result-affecting/algebraic literal
code/model/soil_n_model.py,380,[120.0],"cropland_mha=120.0,     # China ~120 Mha arable (NBS, FAO)",reviewed result-affecting/algebraic literal
code/model/soil_n_model.py,381,[20.0],"atm_n_deposition=20.0,  # Very high in E. China: 15-30 kg N/ha (Liu et al. 2013)",reviewed result-affecting/algebraic literal
code/model/soil_n_model.py,382,[250.0],"synth_n_current=250.0,  # ~30 Tg N / 120 Mha; China is world's largest N consumer",reviewed result-affecting/algebraic literal
code/model/soil_n_model.py,383,[1875.0],"pop_supported=1875.0,   # ~25% of global crop calories (China dominates)",reviewed result-affecting/algebraic literal
code/model/soil_n_model.py,384,[1],"texture_class=1,",reviewed result-affecting/algebraic literal
code/model/soil_n_model.py,386,[0.004],"water_stress_coeff=0.004,",reviewed result-affecting/algebraic literal
code/model/soil_n_model.py,387,[5.0],"baseline_water_deficit=5.0,",reviewed result-affecting/algebraic literal
code/model/soil_n_model.py,389,[10.0],"bnf_ramp_years=10.0,",reviewed result-affecting/algebraic literal
code/model/soil_n_model.py,390,[0.75],"residue_retention=0.75, # Significant residue burning despite bans",reviewed result-affecting/algebraic literal
code/model/soil_n_model.py,391,[0.0],"yield_max_regional=0.0,",reviewed result-affecting/algebraic literal
code/model/soil_n_model.py,392,[0.9],"yield_min_regional=0.9,     # China 1949 avg ~1.0; depleted dryland blended: 0.9",reviewed result-affecting/algebraic literal
code/model/soil_n_model.py,393,[0.6],"root_shoot_c_ratio=0.60,    # Lower for rice-dominated systems (Katterer 2011)",reviewed result-affecting/algebraic literal
code/model/soil_n_model.py,394,[0.226],"cre_regional=0.226,         # Calibrated: active pool equilibrium at initial SOC",reviewed result-affecting/algebraic literal
code/model/soil_n_model.py,398,[25.0],"soc_initial=25.0,       # t C/ha; severely depleted (Lal 2004, SoilGrids)",reviewed result-affecting/algebraic literal
code/model/soil_n_model.py,399,[9.5],"cn_bulk=9.5,",reviewed result-affecting/algebraic literal
code/model/soil_n_model.py,400,[200.0],"cropland_mha=200.0,     # India ~155 + Pakistan ~22 + Bangladesh ~8 (FAO)",reviewed result-affecting/algebraic literal
code/model/soil_n_model.py,401,[110.0],"synth_n_current=110.0,  # ~22 Tg N / 200 Mha (FAI India, IFA)",reviewed result-affecting/algebraic literal
code/model/soil_n_model.py,402,[1350.0],"pop_supported=1350.0,   # ~18% of global crop calories",reviewed result-affecting/algebraic literal
code/model/soil_n_model.py,403,[1],"texture_class=1,",reviewed result-affecting/algebraic literal
code/model/soil_n_model.py,405,[0.005],"water_stress_coeff=0.005,  # Monsoon dependence, high evaporative demand",reviewed result-affecting/algebraic literal
code/model/soil_n_model.py,406,[10.0],"baseline_water_deficit=10.0,",reviewed result-affecting/algebraic literal
code/model/soil_n_model.py,407,[12.0],"atm_n_deposition=12.0,  # Indo-Gangetic Plain: 10-15 (Dentener et al. 2006)",reviewed result-affecting/algebraic literal
code/model/soil_n_model.py,409,[12.0],"bnf_ramp_years=12.0,",reviewed result-affecting/algebraic literal
code/model/soil_n_model.py,410,[0.5],"residue_retention=0.50, # Widespread harvesting for fuel/fodder",reviewed result-affecting/algebraic literal
code/model/soil_n_model.py,411,[0.0],"yield_max_regional=0.0,",reviewed result-affecting/algebraic literal
code/model/soil_n_model.py,412,[0.5],"yield_min_regional=0.5,     # ICRISAT Vertisol trials: 0.3-0.6; pre-GR wheat: 0.66",reviewed result-affecting/algebraic literal
code/model/soil_n_model.py,413,[0.7],"root_shoot_c_ratio=0.70,    # Moderate; rice+wheat systems (Johnson et al. 2006)",reviewed result-affecting/algebraic literal
code/model/soil_n_model.py,414,[0.341],"cre_regional=0.341,         # Calibrated: active pool equilibrium at initial SOC",reviewed result-affecting/algebraic literal
code/model/soil_n_model.py,418,[32.0],"soc_initial=32.0,       # t C/ha; tropical soils, variable",reviewed result-affecting/algebraic literal
code/model/soil_n_model.py,419,[10.0],"cn_bulk=10.0,",reviewed result-affecting/algebraic literal
code/model/soil_n_model.py,420,[90.0],"cropland_mha=90.0,      # Indonesia, Vietnam, Thailand, Myanmar, etc.",reviewed result-affecting/algebraic literal
code/model/soil_n_model.py,421,[89.0],"synth_n_current=89.0,   # ~8 Tg N / 90 Mha (IFA)",reviewed result-affecting/algebraic literal
code/model/soil_n_model.py,422,[750.0],"pop_supported=750.0,    # ~10% of global crop calories (rice-dominant)",reviewed result-affecting/algebraic literal
code/model/soil_n_model.py,423,[1],"texture_class=1,",reviewed result-affecting/algebraic literal
code/model/soil_n_model.py,425,[0.004],"water_stress_coeff=0.004,",reviewed result-affecting/algebraic literal
code/model/soil_n_model.py,426,[5.0],"baseline_water_deficit=5.0,",reviewed result-affecting/algebraic literal
code/model/soil_n_model.py,427,[8.0],"atm_n_deposition=8.0,   # Moderate tropical: 5-10 (Vet et al. 2014)",reviewed result-affecting/algebraic literal
code/model/soil_n_model.py,429,[10.0],"bnf_ramp_years=10.0,",reviewed result-affecting/algebraic literal
code/model/soil_n_model.py,430,[0.7],"residue_retention=0.70, # Some residue burning in rice systems",reviewed result-affecting/algebraic literal
code/model/soil_n_model.py,431,[0.0],"yield_max_regional=0.0,",reviewed result-affecting/algebraic literal
code/model/soil_n_model.py,432,[1.2],"yield_min_regional=1.2,     # Wetland rice BNF advantage: 30-60 kg N/ha/yr",reviewed result-affecting/algebraic literal
code/model/soil_n_model.py,433,[0.6],"root_shoot_c_ratio=0.60,    # Lower for rice systems (Katterer 2011)",reviewed result-affecting/algebraic literal
code/model/soil_n_model.py,434,[0.307],"cre_regional=0.307,         # Calibrated: active pool equilibrium at initial SOC",reviewed result-affecting/algebraic literal
code/model/soil_n_model.py,438,[45.0],"soc_initial=45.0,       # t C/ha; blended; Cerrado degraded, Pampas higher",reviewed result-affecting/algebraic literal
code/model/soil_n_model.py,439,[11.0],"cn_bulk=11.0,",reviewed result-affecting/algebraic literal
code/model/soil_n_model.py,440,[160.0],"cropland_mha=160.0,     # Brazil ~55, Argentina ~30, Mexico ~20, etc. (FAO)",reviewed result-affecting/algebraic literal
code/model/soil_n_model.py,441,[5.0],"atm_n_deposition=5.0,   # Low: relatively clean atmosphere (Vet et al. 2014)",reviewed result-affecting/algebraic literal
code/model/soil_n_model.py,442,[50.0],"synth_n_current=50.0,   # ~8 Tg N / 160 Mha (IFA); soybean BNF offsets",reviewed result-affecting/algebraic literal
code/model/soil_n_model.py,443,[900.0],"pop_supported=900.0,    # ~12% of global crop calories (major exporter)",reviewed result-affecting/algebraic literal
code/model/soil_n_model.py,444,[1],"texture_class=1,",reviewed result-affecting/algebraic literal
code/model/soil_n_model.py,446,[0.003],"water_stress_coeff=0.003,",reviewed result-affecting/algebraic literal
code/model/soil_n_model.py,447,[0.0],"baseline_water_deficit=0.0,",reviewed result-affecting/algebraic literal
code/model/soil_n_model.py,449,[8.0],"bnf_ramp_years=8.0,",reviewed result-affecting/algebraic literal
code/model/soil_n_model.py,450,[0.8],"residue_retention=0.80,",reviewed result-affecting/algebraic literal
code/model/soil_n_model.py,451,[0.0],"yield_max_regional=0.0,",reviewed result-affecting/algebraic literal
code/model/soil_n_model.py,452,[0.9],"yield_min_regional=0.9,     # Pampas ~1.0-1.5, Cerrado degraded; blended: 0.9",reviewed result-affecting/algebraic literal
code/model/soil_n_model.py,453,[0.9],"root_shoot_c_ratio=0.90,    # High; diverse cropping, deep-rooted tropical systems",reviewed result-affecting/algebraic literal
code/model/soil_n_model.py,454,[0.308],"cre_regional=0.308,         # Calibrated: active pool equilibrium at initial SOC",reviewed result-affecting/algebraic literal
code/model/soil_n_model.py,458,[9.0],"soc_initial=9.0,        # t C/ha, 0-30 cm; cropland-specific on degraded",reviewed result-affecting/algebraic literal
code/model/soil_n_model.py,462,[11.0],"cn_bulk=11.0,",reviewed result-affecting/algebraic literal
code/model/soil_n_model.py,463,[230.0],"cropland_mha=230.0,     # Largest cropland area, low intensity (FAO)",reviewed result-affecting/algebraic literal
code/model/soil_n_model.py,464,[7.0],"synth_n_current=7.0,    # ~1.5 Tg N / 230 Mha (IFA); extremely low",reviewed result-affecting/algebraic literal
code/model/soil_n_model.py,465,[600.0],"pop_supported=600.0,    # ~8% of global crop calories (low yields)",reviewed result-affecting/algebraic literal
code/model/soil_n_model.py,466,[0],"texture_class=0,        # Sandy dominant in many regions",reviewed result-affecting/algebraic literal
code/model/soil_n_model.py,468,[0.005],"water_stress_coeff=0.005,",reviewed result-affecting/algebraic literal
code/model/soil_n_model.py,469,[15.0],"baseline_water_deficit=15.0,",reviewed result-affecting/algebraic literal
code/model/soil_n_model.py,470,[5.0],"atm_n_deposition=5.0,   # Low: 3-7 kg/ha (Dentener et al. 2006)",reviewed result-affecting/algebraic literal
code/model/soil_n_model.py,472,[15.0],"bnf_ramp_years=15.0,",reviewed result-affecting/algebraic literal
code/model/soil_n_model.py,473,[0.55],"residue_retention=0.55, # Fuel, construction, livestock feed",reviewed result-affecting/algebraic literal
code/model/soil_n_model.py,474,[0.0],"yield_max_regional=0.0,",reviewed result-affecting/algebraic literal
code/model/soil_n_model.py,475,[0.4],"yield_min_regional=0.4,     # TSBF network controls: 0.3-0.6; Oxisol/Ultisol baseline",reviewed result-affecting/algebraic literal
code/model/soil_n_model.py,476,[1.0],"root_shoot_c_ratio=1.0,     # High; grassland-origin soils, deep roots (Bolinder 2007)",reviewed result-affecting/algebraic literal
code/model/soil_n_model.py,477,[0.2],"cre_regional=0.20,          # Within literature range; equilibrium at SOC=9",reviewed result-affecting/algebraic literal
code/model/soil_n_model.py,481,[35.0],"soc_initial=35.0,       # t C/ha; cultivated chernozems (lower than native ~50+)",reviewed result-affecting/algebraic literal
code/model/soil_n_model.py,484,[10.0],"cn_bulk=10.0,",reviewed result-affecting/algebraic literal
code/model/soil_n_model.py,485,[130.0],"cropland_mha=130.0,     # Russia ~80, Ukraine ~33, Kazakhstan ~12, etc.",reviewed result-affecting/algebraic literal
code/model/soil_n_model.py,486,[38.0],"synth_n_current=38.0,   # ~5 Tg N / 130 Mha (IFA)",reviewed result-affecting/algebraic literal
code/model/soil_n_model.py,487,[375.0],"pop_supported=375.0,    # ~5% of global crop calories",reviewed result-affecting/algebraic literal
code/model/soil_n_model.py,488,[5.0],"atm_n_deposition=5.0,   # Low: continental interior (Vet et al. 2014)",reviewed result-affecting/algebraic literal
code/model/soil_n_model.py,489,[1],"texture_class=1,",reviewed result-affecting/algebraic literal
code/model/soil_n_model.py,491,[0.004],"water_stress_coeff=0.004,",reviewed result-affecting/algebraic literal
code/model/soil_n_model.py,492,[10.0],"baseline_water_deficit=10.0,",reviewed result-affecting/algebraic literal
code/model/soil_n_model.py,494,[10.0],"bnf_ramp_years=10.0,",reviewed result-affecting/algebraic literal
code/model/soil_n_model.py,495,[0.85],"residue_retention=0.85,",reviewed result-affecting/algebraic literal
code/model/soil_n_model.py,496,[0.0],"yield_max_regional=0.0,",reviewed result-affecting/algebraic literal
code/model/soil_n_model.py,497,[0.9],"yield_min_regional=0.9,     # Pryanishnikov Institute trials: 0.8-1.0 t/ha",reviewed result-affecting/algebraic literal
code/model/soil_n_model.py,498,[1.0],"root_shoot_c_ratio=1.0,     # High; steppe-origin soils, deep roots (Bolinder 2007)",reviewed result-affecting/algebraic literal
code/model/soil_n_model.py,499,[0.35],"cre_regional=0.35,          # Slightly elevated; includes manure/organic amendments",reviewed result-affecting/algebraic literal
code/model/soil_n_model.py,510,[0.0],"withdrawal_years=0.0,",reviewed result-affecting/algebraic literal
code/model/soil_n_model.py,517,[20.0],"withdrawal_years=20.0,",reviewed result-affecting/algebraic literal
code/model/soil_n_model.py,524,[20.0],"withdrawal_years=20.0,",reviewed result-affecting/algebraic literal
code/model/soil_n_model.py,528,[0.25],"legume_fraction_target=0.25,",reviewed result-affecting/algebraic literal
code/model/soil_n_model.py,529,[15.0],"legume_ramp_years=15.0,",reviewed result-affecting/algebraic literal
code/model/soil_n_model.py,562,[1.0],"dt: float = 1.0,          # Time step (years)",reviewed result-affecting/algebraic literal
code/model/soil_n_model.py,563,[100.0],"t_max: float = 100.0,     # Simulation length (years)",reviewed result-affecting/algebraic literal
code/model/soil_n_model.py,604,[1000.0],return k * C_pool / cn_ratio * 1000.0,reviewed result-affecting/algebraic literal
code/model/soil_n_model.py,608,[0],if self.scenario.withdrawal_years <= 0:,reviewed result-affecting/algebraic literal
code/model/soil_n_model.py,610,"[0.0, 0]",return self.region.synth_n_current if t < 0 else 0.0,reviewed result-affecting/algebraic literal
code/model/soil_n_model.py,613,"[0.0, 1.0]","frac = max(0.0, 1.0 - t / self.scenario.withdrawal_years)",reviewed result-affecting/algebraic literal
code/model/soil_n_model.py,628,[0],if t <= 0:,reviewed result-affecting/algebraic literal
code/model/soil_n_model.py,631,[1.0],"ramp_frac = min(1.0, t / self.region.bnf_ramp_years)",reviewed result-affecting/algebraic literal
code/model/soil_n_model.py,640,[1.0],"legume_ramp = min(1.0, t / self.scenario.legume_ramp_years)",reviewed result-affecting/algebraic literal
code/model/soil_n_model.py,641,[30.0],legume_n = legume_ramp * self.scenario.legume_fraction_target * 30.0,reviewed result-affecting/algebraic literal
code/model/soil_n_model.py,646,[1.0],"def _yield_from_n(self, n_available: float, water_stress_factor: float = 1.0) -> float:",reviewed result-affecting/algebraic literal
code/model/soil_n_model.py,661,[0],y_max = self.region.yield_max_regional if self.region.yield_max_regional > 0 else self.crop.yield_max,reviewed result-affecting/algebraic literal
code/model/soil_n_model.py,662,[0],mit_c = self.region.mitscherlich_c_regional if self.region.mitscherlich_c_regional > 0 else self.crop.mitscherlich_c,reviewed result-affecting/algebraic literal
code/model/soil_n_model.py,664,[0.0],"n_eff = max(0.0, n_available)",reviewed result-affecting/algebraic literal
code/model/soil_n_model.py,665,[1.0],y = y_max * (1.0 - np.exp(-mit_c * n_eff)),reviewed result-affecting/algebraic literal
code/model/soil_n_model.py,674,[1000],n_grain_per_tonne = self.crop.grain_n_fraction * 1000  # kg N / t grain,reviewed result-affecting/algebraic literal
code/model/soil_n_model.py,675,[0],y_n_limited = n_eff / n_grain_per_tonne if n_grain_per_tonne > 0 else y,reviewed result-affecting/algebraic literal
code/model/soil_n_model.py,679,[0],y_floor = self.region.yield_min_regional if self.region.yield_min_regional > 0 else self.crop.yield_min,reviewed result-affecting/algebraic literal
code/model/soil_n_model.py,692,[1.0],return 1.0,reviewed result-affecting/algebraic literal
code/model/soil_n_model.py,700,[0.0],if delta_soc_pct >= 0.0:,reviewed result-affecting/algebraic literal
code/model/soil_n_model.py,705,[1.0],1.0 - np.exp(delta_soc_pct / whc_gain_sat_pct),reviewed result-affecting/algebraic literal
code/model/soil_n_model.py,712,[0.5],total_deficit = 0.5 * (raw + np.sqrt(raw * raw + eps_mm * eps_mm)),reviewed result-affecting/algebraic literal
code/model/soil_n_model.py,713,[1.0],stress = 1.0 - self.region.water_stress_coeff * total_deficit,reviewed result-affecting/algebraic literal
code/model/soil_n_model.py,714,[1.0],"return max(WATER_STRESS_MIN_FACTOR, min(1.0, stress))",reviewed result-affecting/algebraic literal
code/model/soil_n_model.py,728,"[1.0, 1.1]","above_ground *= min(1.0, 1.1)  # 10% improvement in retention",reviewed result-affecting/algebraic literal
code/model/soil_n_model.py,753,[0],cre = self.region.cre_regional if self.region.cre_regional > 0 else self.fb.cre_base,reviewed result-affecting/algebraic literal
code/model/soil_n_model.py,759,[1000],c_to_slow / self.som.cn_slow) * 1000  # kg N/ha,reviewed result-affecting/algebraic literal
code/model/soil_n_model.py,762,[1000],n_supply = residue_c / self.crop.residue_cn * 1000  # kg N/ha,reviewed result-affecting/algebraic literal
code/model/soil_n_model.py,765,[0.0],"return max(0.0, n_demand - n_supply)",reviewed result-affecting/algebraic literal
code/model/soil_n_model.py,778,[0],if not self.scenario.legume_expansion or self.scenario.legume_fraction_target <= 0:,reviewed result-affecting/algebraic literal
code/model/soil_n_model.py,779,[1.0],return 1.0,reviewed result-affecting/algebraic literal
code/model/soil_n_model.py,781,"[1.0, 0.0]","legume_ramp = min(1.0, max(0.0, t) / self.scenario.legume_ramp_years)",reviewed result-affecting/algebraic literal
code/model/soil_n_model.py,785,[0.2],legume_calorie_fraction = 0.20  # blended: 50% grain legumes at 40% caloric equiv,reviewed result-affecting/algebraic literal
code/model/soil_n_model.py,786,[1.0],effective = (1.0 - current_legume_frac) + current_legume_frac * legume_calorie_fraction,reviewed result-affecting/algebraic literal
code/model/soil_n_model.py,796,[1.0],return 1.0,reviewed result-affecting/algebraic literal
code/model/soil_n_model.py,802,[0.6],if frac_remaining > 0.60:,reviewed result-affecting/algebraic literal
code/model/soil_n_model.py,803,[1.0],return 1.0,reviewed result-affecting/algebraic literal
code/model/soil_n_model.py,804,[0.3],elif frac_remaining < 0.30:,reviewed result-affecting/algebraic literal
code/model/soil_n_model.py,805,[0.6],return 0.6  # 40% reduction at severe depletion,reviewed result-affecting/algebraic literal
code/model/soil_n_model.py,808,"[1.0, 0.3, 0.4, 0.6]",return 1.0 - 0.4 * (0.60 - frac_remaining) / 0.30,reviewed result-affecting/algebraic literal
code/model/soil_n_model.py,812,[1],n_steps = int(self.t_max / self.dt) + 1,reviewed result-affecting/algebraic literal
code/model/soil_n_model.py,813,"[0, 2]","times = np.arange(0, self.t_max + self.dt/2, self.dt)",reviewed result-affecting/algebraic literal
code/model/soil_n_model.py,898,"[0, 0]",cc_frac = (y / yield_0 * legume_disp) if yield_0 > 0 else 0,reviewed result-affecting/algebraic literal
code/model/soil_n_model.py,913,"[0, 0]",results['yield_fraction'][i] = y / yield_0 if yield_0 > 0 else 0,reviewed result-affecting/algebraic literal
code/model/soil_n_model.py,920,[1],if i < n_steps - 1:,reviewed result-affecting/algebraic literal
code/model/soil_n_model.py,932,[0],cre = self.region.cre_regional if self.region.cre_regional > 0 else self.fb.cre_base,reviewed result-affecting/algebraic literal
code/model/soil_n_model.py,944,"[1.0, 0]",C_a += (-d_active + c_in_active + 0) * 1.0  # No input to active from other pools,reviewed result-affecting/algebraic literal
code/model/soil_n_model.py,945,[1.0],C_s += (-d_slow + h_a_to_s + c_in_slow) * 1.0,reviewed result-affecting/algebraic literal
code/model/soil_n_model.py,946,[1.0],C_p += (-d_passive + h_s_to_p) * 1.0,reviewed result-affecting/algebraic literal
code/model/soil_n_model.py,949,[0.0],"C_a = max(0.0, C_a)",reviewed result-affecting/algebraic literal
code/model/soil_n_model.py,950,[0.0],"C_s = max(0.0, C_s)",reviewed result-affecting/algebraic literal
code/model/soil_n_model.py,951,[0.0],"C_p = max(0.0, C_p)",reviewed result-affecting/algebraic literal
code/model/soil_n_model.py,972,[100.0],"t_max: float = 100.0,",reviewed result-affecting/algebraic literal
code/model/soil_n_model.py,1009,[100.0],"def run_global_scenarios(t_max: float = 100.0) -> Dict[str, Dict[str, pd.DataFrame]]:",reviewed result-affecting/algebraic literal
code/model/soil_n_model.py,1030,[0],agg = dfs[0][['year']].copy(),reviewed result-affecting/algebraic literal
code/model/soil_n_model.py,1031,[0.0],agg['pop_total_millions'] = 0.0,reviewed result-affecting/algebraic literal
code/model/soil_n_model.py,1041,[0.0],agg['yield_fraction_weighted'] = 0.0,reviewed result-affecting/algebraic literal
code/model/soil_n_model.py,1063,[2],"json.dump(params, f, indent=2)",reviewed result-affecting/algebraic literal
code/model/soil_n_model.py,1075,[100.0],"t_max=100.0,",reviewed result-affecting/algebraic literal
code/model/soil_n_model.py,1081,"[0, 10, 50, 100]","for yr in [0, 10, 50, 100]:",reviewed result-affecting/algebraic literal
code/repro/climate_comparison.py,7,[0],"HERE=os.path.dirname(os.path.abspath(__file__)); sys.path.insert(0, os.path.join(HERE,'..','model'))",reviewed result-affecting/algebraic literal
code/repro/climate_comparison.py,15,[10.0],def run(t_max=10.0):,reviewed result-affecting/algebraic literal
code/repro/climate_comparison.py,17,[0.2],s3=get_scenario_params()['S3']; s3.fert_price_shock=calibrate_price_shock(0.20),reviewed result-affecting/algebraic literal
code/repro/climate_comparison.py,22,"[100, 1, 0]",f=lambda yr:(1-df[df['year']==yr]['yield_fraction'].iloc[0])*100,reviewed result-affecting/algebraic literal
code/repro/climate_comparison.py,23,"[0, 1, 10, 0]","out[rk]=dict(ybase=float(df[df['year']==0]['yield_tha'].iloc[0]),l1=float(f(1)),l10=float(f(10)))",reviewed result-affecting/algebraic literal
code/repro/climate_comparison.py,33,"[2, 2, 2, 2, 2, 2, 2]","for k in RO: w.writerow([k,round(old[k]['ybase'],2),round(new[k]['ybase'],2),round(old[k]['l1'],2),round(new[k]['l1'],2),round(old[k]['l10'],2),round(new[k]['l10'],2),round(new[k]['l10']-old[k]['l10'],2)])",reviewed result-affecting/algebraic literal
code/repro/compute_figS8_curves.py,16,[0],"sys.path.insert(0, os.path.join(HERE, '..', 'model'))",reviewed result-affecting/algebraic literal
code/repro/compute_figS8_curves.py,44,[0.5],REGIONAL_ECON_PARAMS[k]['eps_F_PF'] = saved[k] * 0.5,reviewed result-affecting/algebraic literal
code/repro/compute_figS8_curves.py,49,[30.0],"t_max=30.0,",reviewed result-affecting/algebraic literal
code/repro/compute_figS8_curves.py,51,"[100, 1, 0]",per[rk] = {str(y): float((1 - df[df['year'] == y]['yield_fraction'].iloc[0]) * 100),reviewed result-affecting/algebraic literal
code/repro/compute_figS8_curves.py,52,[31],for y in range(31)},reviewed result-affecting/algebraic literal
code/repro/compute_figS8_curves.py,53,"[0, 0]",yb.append(float(df[df['year'] == 0]['yield_tha'].iloc[0])),reviewed result-affecting/algebraic literal
code/repro/compute_figS8_curves.py,57,[31],"g = [float(sum(per[k][str(y)] * W[j] for j, k in enumerate(RO))) for y in range(31)]",reviewed result-affecting/algebraic literal
code/repro/compute_figS8_curves.py,68,[0.2],s3.fert_price_shock = calibrate_price_shock(0.20),reviewed result-affecting/algebraic literal
code/repro/compute_figS8_curves.py,72,[1],"json.dump(out, open(os.path.join(DATA, 'figS8_curves.json'), 'w'), indent=1)",reviewed result-affecting/algebraic literal
code/repro/compute_figS8_curves.py,75,"[0, 1]","np.argsort(np.argsort([half[k]['10'] for k in RO])))[0, 1]",reviewed result-affecting/algebraic literal
code/repro/compute_figS8_curves.py,76,"[10, 10]","print(""global yr10 baseline / halved = %.2f / %.2f %%"" % (gbase[10], ghalf[10]))",reviewed result-affecting/algebraic literal
code/repro/make_broadbalk_benchmark.py,45,[1],ROOT_DIR = SCRIPT_DIR.parents[1],reviewed result-affecting/algebraic literal
code/repro/make_broadbalk_benchmark.py,61,"[1.0, 1.48]","('Nil',    'P3', 1.00,  1.48),",reviewed result-affecting/algebraic literal
code/repro/make_broadbalk_benchmark.py,62,"[8.5, 10.65]","('N3PKMg', 'P8', 8.50, 10.65),",reviewed result-affecting/algebraic literal
code/repro/make_broadbalk_benchmark.py,69,"[0.85, 1.1]","'Nil':    (0.85, 1.10),   # ""slightly below 1"" -> conservative narrow band",reviewed result-affecting/algebraic literal
code/repro/make_broadbalk_benchmark.py,70,"[8.0, 9.0]","'N3PKMg': (8.0, 9.0),     # ""~8-9"" reported range",reviewed result-affecting/algebraic literal
code/repro/make_broadbalk_benchmark.py,72,[100.0],YIELD['resid_pct'] = (YIELD['mod'] - YIELD['obs']) / YIELD['obs'] * 100.0,reviewed result-affecting/algebraic literal
code/repro/make_broadbalk_benchmark.py,92,[0.36],w = 0.36,reviewed result-affecting/algebraic literal
code/repro/make_broadbalk_benchmark.py,96,[0],"[(YIELD['obs'].iloc[i] - OBS_RANGE[t][0]) for i, t in enumerate(ydf['treatment'])],",reviewed result-affecting/algebraic literal
code/repro/make_broadbalk_benchmark.py,97,[1],"[(OBS_RANGE[t][1] - YIELD['obs'].iloc[i]) for i, t in enumerate(ydf['treatment'])],",reviewed result-affecting/algebraic literal
code/repro/make_broadbalk_benchmark.py,99,[2],"ax.bar(x - w/2, ydf['obs'], width=w, color='#888888',",excluded visual formatting
code/repro/make_broadbalk_benchmark.py,100,[0.5],"edgecolor='black', lw=0.5, label='Observed (2000\u20132015)',",excluded visual formatting
code/repro/make_broadbalk_benchmark.py,101,[3],"yerr=obs_err, capsize=3,",reviewed result-affecting/algebraic literal
code/repro/make_broadbalk_benchmark.py,102,[0.8],"error_kw=dict(ecolor='#222222', lw=0.8))",excluded visual formatting
code/repro/make_broadbalk_benchmark.py,103,[2],"ax.bar(x + w/2, ydf['mod'], width=w,",excluded visual formatting
code/repro/make_broadbalk_benchmark.py,105,"[0.5, 0.85]","edgecolor='black', lw=0.5, alpha=0.85,",excluded visual formatting
code/repro/make_broadbalk_benchmark.py,110,"[0.45, 2]","ax.text(xi - w/2, o + 0.45, f'{o:.2f}', ha='center', va='bottom',",excluded visual formatting
code/repro/make_broadbalk_benchmark.py,111,[8],"fontsize=8, color='#333333')",excluded visual formatting
code/repro/make_broadbalk_benchmark.py,112,"[0.18, 2]","ax.text(xi + w/2, m + 0.18, f'{m:.2f}', ha='center', va='bottom',",excluded visual formatting
code/repro/make_broadbalk_benchmark.py,113,[8],"fontsize=8, color='#333333')",excluded visual formatting
code/repro/make_broadbalk_benchmark.py,117,[9],"zip(ydf['treatment'], ydf['plot'])], fontsize=9)",excluded visual formatting
code/repro/make_broadbalk_benchmark.py,118,[9],"ax.set_ylabel('Grain yield (t ha$^{-1}$)', fontsize=9)",excluded visual formatting
code/repro/make_broadbalk_benchmark.py,119,"[0, 8, 1.5]","ax.set_ylim(0, max(ydf[['obs', 'mod']].values.max() + 1.5, 8))",excluded visual formatting
code/repro/make_broadbalk_benchmark.py,121,[10],"fontsize=10, fontweight='bold')",excluded visual formatting
code/repro/make_broadbalk_benchmark.py,122,"[8, 0.95]","ax.legend(fontsize=8, loc='upper left', frameon=True, framealpha=0.95)",excluded visual formatting
code/repro/make_broadbalk_benchmark.py,123,"[0.25, 0.4]","ax.grid(True, axis='y', alpha=0.25, lw=0.4)",excluded visual formatting
code/repro/make_broadbalk_benchmark.py,124,[8],ax.tick_params(labelsize=8),excluded visual formatting
code/repro/make_broadbalk_benchmark.py,131,"[0.5, 0.9]","edgecolor='black', lw=0.5, alpha=0.9)",excluded visual formatting
code/repro/make_broadbalk_benchmark.py,133,"[2, 0, 2]",offs = 2 if v >= 0 else -2,reviewed result-affecting/algebraic literal
code/repro/make_broadbalk_benchmark.py,134,[0],va = 'bottom' if v >= 0 else 'top',reviewed result-affecting/algebraic literal
code/repro/make_broadbalk_benchmark.py,136,[9],"fontsize=9, fontweight='bold', color='#222222')",excluded visual formatting
code/repro/make_broadbalk_benchmark.py,139,"[0, 0.7]","ax.axhline(0, color='black', lw=0.7)",excluded visual formatting
code/repro/make_broadbalk_benchmark.py,141,"[10, 10, 0.35, 0]","ax.axhspan(-10, 10, color='#cccccc', alpha=0.35, lw=0)",excluded visual formatting
code/repro/make_broadbalk_benchmark.py,144,[9],"ax.set_xticklabels([t for t in ydf['treatment']], fontsize=9)",excluded visual formatting
code/repro/make_broadbalk_benchmark.py,145,[9],"ax.set_ylabel('Model bias relative to observed (%)', fontsize=9)",excluded visual formatting
code/repro/make_broadbalk_benchmark.py,146,"[70, 18]","ymax = max(70, ydf['resid_pct'].max() + 18)",reviewed result-affecting/algebraic literal
code/repro/make_broadbalk_benchmark.py,147,"[15, 10]","ymin = min(-15, ydf['resid_pct'].min() - 10)",reviewed result-affecting/algebraic literal
code/repro/make_broadbalk_benchmark.py,150,[10],"fontsize=10, fontweight='bold')",excluded visual formatting
code/repro/make_broadbalk_benchmark.py,151,"[0.25, 0.4]","ax.grid(True, axis='y', alpha=0.25, lw=0.4)",excluded visual formatting
code/repro/make_broadbalk_benchmark.py,152,[8],ax.tick_params(labelsize=8),excluded visual formatting
code/repro/make_broadbalk_benchmark.py,162,[1.6],"ax.plot(yrs, century, color='#1f77b4', lw=1.6, ls='-',",excluded visual formatting
code/repro/make_broadbalk_benchmark.py,163,[2],"label='Century', zorder=2)",reviewed result-affecting/algebraic literal
code/repro/make_broadbalk_benchmark.py,164,[1.6],"ax.plot(yrs, mems, color='#9467bd', lw=1.6, ls='--',",excluded visual formatting
code/repro/make_broadbalk_benchmark.py,165,[2],"label='MEMS', zorder=2)",reviewed result-affecting/algebraic literal
code/repro/make_broadbalk_benchmark.py,167,[28],"ax.scatter(yrs[mask], obs[mask], s=28, color='#222222',",excluded visual formatting
code/repro/make_broadbalk_benchmark.py,168,"[4, 0.6]","zorder=4, label='Observed', edgecolor='white', lw=0.6)",excluded visual formatting
code/repro/make_broadbalk_benchmark.py,170,[9],"ax.set_xlabel('Year', fontsize=9)",excluded visual formatting
code/repro/make_broadbalk_benchmark.py,171,[9],"ax.set_ylabel('SOC (t C ha$^{-1}$)', fontsize=9)",excluded visual formatting
code/repro/make_broadbalk_benchmark.py,172,[10],"ax.set_title(title, loc='left', fontsize=10, fontweight='bold')",excluded visual formatting
code/repro/make_broadbalk_benchmark.py,173,"[1840, 2020]","ax.set_xlim(1840, 2020)",excluded visual formatting
code/repro/make_broadbalk_benchmark.py,174,"[8, 0.95]","ax.legend(fontsize=8, loc='best', frameon=True, framealpha=0.95)",excluded visual formatting
code/repro/make_broadbalk_benchmark.py,175,"[0.25, 0.4]","ax.grid(True, alpha=0.25, lw=0.4)",excluded visual formatting
code/repro/make_broadbalk_benchmark.py,176,[8],ax.tick_params(labelsize=8),excluded visual formatting
code/repro/make_broadbalk_benchmark.py,183,[0],"observed_low=YIELD[""treatment""].map(lambda x: OBS_RANGE[x][0]),",reviewed result-affecting/algebraic literal
code/repro/make_broadbalk_benchmark.py,184,[1],"observed_high=YIELD[""treatment""].map(lambda x: OBS_RANGE[x][1]),",reviewed result-affecting/algebraic literal
code/repro/make_broadbalk_benchmark.py,187,"[2, 2, 11, 7.0]","fig, axes = plt.subplots(2, 2, figsize=(11, 7.0))",excluded visual formatting
code/repro/make_broadbalk_benchmark.py,189,"[0, 0]","panel_yield_bars(axes[0, 0], YIELD)",reviewed result-affecting/algebraic literal
code/repro/make_broadbalk_benchmark.py,190,"[0, 1]","panel_residuals(axes[0, 1], YIELD)",reviewed result-affecting/algebraic literal
code/repro/make_broadbalk_benchmark.py,191,"[1, 0]","panel_soc(axes[1, 0], df, SOC_KEY_NIL,",reviewed result-affecting/algebraic literal
code/repro/make_broadbalk_benchmark.py,193,"[1, 1]","panel_soc(axes[1, 1], df, SOC_KEY_FYM,",reviewed result-affecting/algebraic literal
code/repro/make_broadbalk_benchmark.py,199,"[11, 0.995]","fontsize=11, y=0.995,",excluded visual formatting
code/repro/make_broadbalk_benchmark.py,202,"[0, 0.02, 1, 0.96]","plt.tight_layout(rect=[0, 0.02, 1, 0.96])",excluded visual formatting
code/repro/make_broadbalk_benchmark.py,206,[300],"fig.savefig(png, dpi=300, bbox_inches='tight')",excluded visual formatting
code/repro/make_figure_1.py,20,[0],"sys.path.insert(0, HERE)",reviewed result-affecting/algebraic literal
code/repro/make_figure_1.py,61,"[1, 2, 13.5, 6.2]","fig, (axa, axb) = plt.subplots(1, 2, figsize=(13.5, 6.2))",excluded visual formatting
code/repro/make_figure_1.py,67,"[2.6, 3]","ax.plot(x, res[rk][key], lw=2.6, color=COLOR[rk], zorder=3)",excluded visual formatting
code/repro/make_figure_1.py,68,"[0, 0.8]","ax.axhline(0, color='0.6', lw=0.8)",excluded visual formatting
code/repro/make_figure_1.py,69,"[100, 0.9]","ax.axvline(100, color='0.65', lw=0.9, ls=':')",excluded visual formatting
code/repro/make_figure_1.py,70,"[100, 200, 0.06, 0]","ax.axvspan(100, 200, color='#2e7d32', alpha=0.06, zorder=0)",excluded visual formatting
code/repro/make_figure_1.py,71,[13],"ax.set_xlabel('Farm SOC (% of regional mean)', fontsize=13)",excluded visual formatting
code/repro/make_figure_1.py,72,[13],"ax.set_ylabel(ylab, fontsize=13)",excluded visual formatting
code/repro/make_figure_1.py,73,"[10, 232]","ax.set_xlim(10, 232)",excluded visual formatting
code/repro/make_figure_1.py,74,"[50, 100, 150, 200]","ax.set_xticks([50, 100, 150, 200])",excluded visual formatting
code/repro/make_figure_1.py,75,[11],ax.tick_params(labelsize=11),excluded visual formatting
code/repro/make_figure_1.py,78,"[1.04, 0.11, 17]","ax.text(-0.11, 1.04, tag, transform=ax.transAxes, fontsize=17,",excluded visual formatting
code/repro/make_figure_1.py,81,"[1.12, 0.35, 0.06]","ax.set_ylim(lo * 1.12, max(0.35, -lo * 0.06))",excluded visual formatting
code/repro/make_figure_1.py,82,"[97, 1.06, 9]","ax.text(97, lo * 1.06, 'Regional\nmean', fontsize=9, color='0.45',",excluded visual formatting
code/repro/make_figure_1.py,84,"[152, 1.06, 12]","ax.text(152, lo * 1.06, 'Restoration potential', fontsize=12,",excluded visual formatting
code/repro/make_figure_1.py,86,[1],"ends = sorted(((res[rk][key][-1], rk) for rk in PANEL_REGIONS),",reviewed result-affecting/algebraic literal
code/repro/make_figure_1.py,88,[0.075],span = abs(lo) * 0.075,reviewed result-affecting/algebraic literal
code/repro/make_figure_1.py,93,"[204, 1, 11.5]","ax.text(204, ypos, LABEL[rk].replace(' ', '\n', 1), fontsize=11.5,",excluded visual formatting
code/repro/make_figure_1.py,96,"[0.5, 0.015]","fig.text(0.5, 0.015,",excluded visual formatting
code/repro/make_figure_1.py,101,[10.5],"ha='center', fontsize=10.5, style='italic', color='0.35')",excluded visual formatting
code/repro/make_figure_1.py,102,"[0, 0.045, 1, 1]","fig.tight_layout(rect=[0, 0.045, 1, 1])",reviewed result-affecting/algebraic literal
code/repro/make_figure_1.py,106,[300],"dpi=300, bbox_inches='tight')",excluded visual formatting
code/repro/make_figure_1.py,109,"[50.0, 100.0, 200.0]","i50, i100, i200 = (list(x).index(v) for v in (50.0, 100.0, 200.0))",reviewed result-affecting/algebraic literal
code/repro/make_figure_2.py,25,[0],"sys.path.insert(0, HERE)",reviewed result-affecting/algebraic literal
code/repro/make_figure_2.py,66,[1.0],out['soc_fraction'] = 1.0,reviewed result-affecting/algebraic literal
code/repro/make_figure_2.py,78,[0.2],s3.fert_price_shock = calibrate_price_shock(0.20),reviewed result-affecting/algebraic literal
code/repro/make_figure_2.py,90,[10.0],"t_max=10.0, yield_max_override=ym).run()",reviewed result-affecting/algebraic literal
code/repro/make_figure_2.py,92,[10.0],"t_max=10.0, yield_max_override=ym).run()",reviewed result-affecting/algebraic literal
code/repro/make_figure_2.py,93,"[100, 1, 0, 10]",tot = float((1 - full[full['year'] == 10]['yield_fraction'].iloc[0]) * 100),reviewed result-affecting/algebraic literal
code/repro/make_figure_2.py,94,"[100, 1, 0, 10]",dir_ = float((1 - froz[froz['year'] == 10]['yield_fraction'].iloc[0]) * 100),reviewed result-affecting/algebraic literal
code/repro/make_figure_2.py,95,"[0, 0]",yb.append(float(full[full['year'] == 0]['yield_tha'].iloc[0])),reviewed result-affecting/algebraic literal
code/repro/make_figure_2.py,97,[0.0],"direct=dir_, som=max(0.0, tot - dir_),",reviewed result-affecting/algebraic literal
code/repro/make_figure_2.py,105,[0.0],"g['som'] = max(0.0, g['total'] - g['direct'])",reviewed result-affecting/algebraic literal
code/repro/make_figure_2.py,125,[0],"% (rk, grad[rk]['yield_pct'][0],",reviewed result-affecting/algebraic literal
code/repro/make_figure_2.py,126,[100.0],"grad[rk]['yield_pct'][list(x).index(100.0)],",reviewed result-affecting/algebraic literal
code/repro/make_figure_2.py,127,[1],grad[rk]['yield_pct'][-1])),reviewed result-affecting/algebraic literal
code/repro/make_figure_2.py,137,[1],"open(os.path.join(DATA, 'figure2_panels.json'), 'w'), indent=1)",reviewed result-affecting/algebraic literal
code/repro/make_figure_2.py,139,"[16.5, 6.4]","fig = plt.figure(figsize=(16.5, 6.4))",excluded visual formatting
code/repro/make_figure_2.py,140,"[1, 3, 0.32, 1.15, 1.0, 1.0]","gs = fig.add_gridspec(1, 3, width_ratios=[1.15, 1.0, 1.0], wspace=0.32)",reviewed result-affecting/algebraic literal
code/repro/make_figure_2.py,141,"[3, 0]","axa, axb, axc = (fig.add_subplot(gs[0, i]) for i in range(3))",reviewed result-affecting/algebraic literal
code/repro/make_figure_2.py,145,"[2.4, 3]","axa.plot(x, grad[rk]['yield_pct'], lw=2.4, color=COLOR[rk], zorder=3)",excluded visual formatting
code/repro/make_figure_2.py,146,"[0, 0.9]","axa.axhline(0, color='0.25', lw=0.9)",excluded visual formatting
code/repro/make_figure_2.py,147,"[100, 0.9]","axa.axvline(100, color='0.65', lw=0.9, ls=':')",excluded visual formatting
code/repro/make_figure_2.py,148,"[100, 200, 0.07, 0]","axa.axvspan(100, 200, color='#2e7d32', alpha=0.07, zorder=0)",excluded visual formatting
code/repro/make_figure_2.py,149,"[10, 236]","axa.set_xlim(10, 236)",excluded visual formatting
code/repro/make_figure_2.py,150,"[25, 50, 75, 100, 125, 150, 175, 200]","axa.set_xticks([25, 50, 75, 100, 125, 150, 175, 200])",excluded visual formatting
code/repro/make_figure_2.py,151,[12],"axa.set_xlabel('Farm SOC (% of regional mean)', fontsize=12)",excluded visual formatting
code/repro/make_figure_2.py,152,[12],"axa.set_ylabel('Year-10 shock-induced yield change (%)', fontsize=12)",excluded visual formatting
code/repro/make_figure_2.py,154,"[1.1, 0.4, 0.05]","axa.set_ylim(lo * 1.10, max(0.4, -lo * 0.05))",excluded visual formatting
code/repro/make_figure_2.py,155,"[97, 1.045, 8.5]","axa.text(97, lo * 1.045, 'Regional\nmean', fontsize=8.5, color='0.45',",excluded visual formatting
code/repro/make_figure_2.py,157,"[155, 1.02, 10]","axa.text(155, lo * 1.02, 'Restoration potential', fontsize=10, style='italic',",excluded visual formatting
code/repro/make_figure_2.py,159,[1],"ends = sorted(((grad[rk]['yield_pct'][-1], rk) for rk in RO), reverse=True)",reviewed result-affecting/algebraic literal
code/repro/make_figure_2.py,160,[0.062],span = abs(lo) * 0.062,reviewed result-affecting/algebraic literal
code/repro/make_figure_2.py,165,"[204, 11.5]","axa.text(204, ypos, ABBR[rk], fontsize=11.5, fontweight='bold',",excluded visual formatting
code/repro/make_figure_2.py,175,[0.72],"axb.bar(xs, d, color=C_DIRECT, width=0.72, label='Direct fertilizer-shortfall effect')",excluded visual formatting
code/repro/make_figure_2.py,176,[0.72],"axb.bar(xs, s, bottom=d, color=C_SOM, width=0.72,",excluded visual formatting
code/repro/make_figure_2.py,179,[0.018],"axb.text(i, d[i] + s[i] - abs(lo) * 0.018, '%.1f' % (d[i] + s[i]),",excluded visual formatting
code/repro/make_figure_2.py,180,[9.5],"ha='center', va='top', fontsize=9.5)",excluded visual formatting
code/repro/make_figure_2.py,181,"[0, 0.9]","axb.axhline(0, color='0.25', lw=0.9)",excluded visual formatting
code/repro/make_figure_2.py,182,"[0.5, 0.9]","axb.axvline(0.5, color='0.7', lw=0.9, ls=':')",excluded visual formatting
code/repro/make_figure_2.py,184,"[40, 10.5]","axb.set_xticklabels([lut[k]['abbr'] for k in order], rotation=40, ha='right', fontsize=10.5)",excluded visual formatting
code/repro/make_figure_2.py,185,[12],"axb.set_ylabel('Year-10 yield change (%)', fontsize=12)",excluded visual formatting
code/repro/make_figure_2.py,186,"[0.6, 1.22]","axb.set_ylim(min(np.array(d) + np.array(s)) * 1.22, 0.6)",excluded visual formatting
code/repro/make_figure_2.py,187,[9.5],"axb.legend(loc='lower left', fontsize=9.5, frameon=False)",excluded visual formatting
code/repro/make_figure_2.py,191,[2200],"axc.scatter(r['soc'], -r['total'], s=r['eps'] * 2200, color=COLOR[r['region']],",excluded visual formatting
code/repro/make_figure_2.py,192,"[0.75, 3]","alpha=0.75, edgecolor='none', zorder=3)",excluded visual formatting
code/repro/make_figure_2.py,194,"[11.5, 0, 20]","xytext=(0, 20), ha='center', fontsize=11.5, fontweight='bold',",excluded visual formatting
code/repro/make_figure_2.py,196,"[0, 0.9]","axc.axhline(0, color='0.25', lw=0.9)",excluded visual formatting
code/repro/make_figure_2.py,197,[12],"axc.set_xlabel('Regional mean SOC (t C ha$^{-1}$)', fontsize=12)",excluded visual formatting
code/repro/make_figure_2.py,198,[12],"axc.set_ylabel('Year-10 yield change (%)', fontsize=12)",excluded visual formatting
code/repro/make_figure_2.py,199,"[0, 58]","axc.set_xlim(0, 58)",excluded visual formatting
code/repro/make_figure_2.py,200,"[1.2, 1.35]","axc.set_ylim(-max(r['total'] for r in rows) * 1.35, 1.2)",excluded visual formatting
code/repro/make_figure_2.py,201,"[0.2, 0.35, 0.5]","for e in (0.20, 0.35, 0.50):",reviewed result-affecting/algebraic literal
code/repro/make_figure_2.py,202,"[0.7, 2200]","axc.scatter([], [], s=e * 2200, color='0.6', alpha=0.7, label='%.2f' % e)",excluded visual formatting
code/repro/make_figure_2.py,203,[9],"axc.legend(title='$|\\varepsilon_{F,P_F}|$', loc='lower right', fontsize=9,",excluded visual formatting
code/repro/make_figure_2.py,204,"[10, 1.5, 1.0]","title_fontsize=10, frameon=True, labelspacing=1.5, borderpad=1.0)",excluded visual formatting
code/repro/make_figure_2.py,209,[10.5],ax.tick_params(labelsize=10.5),excluded visual formatting
code/repro/make_figure_2.py,210,"[1.04, 0.14, 17]","ax.text(-0.14, 1.04, tag, transform=ax.transAxes, fontsize=17, fontweight='bold')",excluded visual formatting
code/repro/make_figure_2.py,215,[300],"dpi=300, bbox_inches='tight')",excluded visual formatting
code/repro/make_figure_s10.py,25,[0],"sys.path.insert(0, str(MODEL_DIR))",reviewed result-affecting/algebraic literal
code/repro/make_figure_s10.py,26,[0],"sys.path.insert(0, str(SCRIPT_DIR))",reviewed result-affecting/algebraic literal
code/repro/make_figure_s10.py,47,[10.0],T_MAX = 10.0,reviewed result-affecting/algebraic literal
code/repro/make_figure_s10.py,48,"[0.45, 0.55, 0.65, 0.75, 0.85, 0.95]","NUE_VALUES = [0.45, 0.55, 0.65, 0.75, 0.85, 0.95]",reviewed result-affecting/algebraic literal
code/repro/make_figure_s10.py,49,[0.75],NUE_DEFAULT = 0.75,reviewed result-affecting/algebraic literal
code/repro/make_figure_s10.py,115,[0],yrs = traj[nue][region_list[0]]['year'].values,reviewed result-affecting/algebraic literal
code/repro/make_figure_s10.py,122,"[0, 0]",y0 = traj[nue][rn][traj[nue][rn]['year'] == 0]['yield_tha'].iloc[0],reviewed result-affecting/algebraic literal
code/repro/make_figure_s10.py,123,[0],yt = traj[nue][rn][traj[nue][rn]['year'] == y]['yield_tha'].iloc[0],reviewed result-affecting/algebraic literal
code/repro/make_figure_s10.py,124,"[0.0, 0, 100]",loss_pct_per_region.append((y0 - yt) / y0 * 100 if y0 > 0 else 0.0),reviewed result-affecting/algebraic literal
code/repro/make_figure_s10.py,139,"[1, 2, 11, 4.2]","1, 2, figsize=(11, 4.2),",excluded visual formatting
code/repro/make_figure_s10.py,140,"[1, 1.1]","gridspec_kw={'width_ratios': [1, 1.1]},",reviewed result-affecting/algebraic literal
code/repro/make_figure_s10.py,148,"[0.15, 0.85]","cmap = plt.cm.viridis(np.linspace(0.15, 0.85, len(NUE_VALUES)))",excluded visual formatting
code/repro/make_figure_s10.py,151,[2.0],"axA.plot(yrs, loss, color=cmap[i], linewidth=2.0,",excluded visual formatting
code/repro/make_figure_s10.py,152,[3],"label=f'NUE = {nue:.2f}', zorder=3,",reviewed result-affecting/algebraic literal
code/repro/make_figure_s10.py,153,[3.5],"marker='o', markersize=3.5)",reviewed result-affecting/algebraic literal
code/repro/make_figure_s10.py,156,"[0, 10]","axA.set_xlim(0, 10)",excluded visual formatting
code/repro/make_figure_s10.py,157,"[8, 0.9, 2]","axA.legend(loc='upper left', fontsize=8, framealpha=0.9, ncol=2)",excluded visual formatting
code/repro/make_figure_s10.py,158,"[1.05, 0.08]","axA.text(-0.08, 1.05, 'a', transform=axA.transAxes,",excluded visual formatting
code/repro/make_figure_s10.py,159,[11],"fontsize=11, fontweight='bold', va='top')",excluded visual formatting
code/repro/make_figure_s10.py,162,"[0.5, 0.7, 0]","axA.grid(axis='y', color='#DDDDDD', linewidth=0.5, alpha=0.7, zorder=0)",excluded visual formatting
code/repro/make_figure_s10.py,166,"[1, 0, 10, 0.45, 0.45]",rn: (1 - traj[0.45][rn][traj[0.45][rn]['year'] == 10]['yield_tha'].iloc[0],reviewed result-affecting/algebraic literal
code/repro/make_figure_s10.py,167,"[100, 0, 0, 0.45, 0.45]",/ traj[0.45][rn][traj[0.45][rn]['year'] == 0]['yield_tha'].iloc[0]) * 100,reviewed result-affecting/algebraic literal
code/repro/make_figure_s10.py,171,"[1, 0, 10, 0.65, 0.65]",rn: (1 - traj[0.65][rn][traj[0.65][rn]['year'] == 10]['yield_tha'].iloc[0],reviewed result-affecting/algebraic literal
code/repro/make_figure_s10.py,172,"[100, 0, 0, 0.65, 0.65]",/ traj[0.65][rn][traj[0.65][rn]['year'] == 0]['yield_tha'].iloc[0]) * 100,reviewed result-affecting/algebraic literal
code/repro/make_figure_s10.py,180,"[1.8, 1]","linewidth=1.8, zorder=1)",excluded visual formatting
code/repro/make_figure_s10.py,181,"[85, 3]","axB.scatter(lo, i, s=85, color=REGION_COLORS[rn], zorder=3,",excluded visual formatting
code/repro/make_figure_s10.py,182,[0.5],"edgecolors='black', linewidth=0.5,",excluded visual formatting
code/repro/make_figure_s10.py,183,[0],label='NUE = 0.45' if i == 0 else None),reviewed result-affecting/algebraic literal
code/repro/make_figure_s10.py,184,[85],"axB.scatter(hi, i, s=85, facecolors='white',",reviewed result-affecting/algebraic literal
code/repro/make_figure_s10.py,185,"[1.8, 3]","edgecolors=REGION_COLORS[rn], linewidth=1.8, zorder=3,",excluded visual formatting
code/repro/make_figure_s10.py,186,[0],label='NUE = 0.65' if i == 0 else None),reviewed result-affecting/algebraic literal
code/repro/make_figure_s10.py,187,[0.6],"axB.text(lo + 0.6, i, f'{lo:.1f}%', va='center', ha='left',",excluded visual formatting
code/repro/make_figure_s10.py,188,[7],"fontsize=7, color='#333333')",excluded visual formatting
code/repro/make_figure_s10.py,189,[0.6],"axB.text(hi - 0.6, i, f'{hi:.1f}%', va='center', ha='right',",excluded visual formatting
code/repro/make_figure_s10.py,190,[7],"fontsize=7, color='#666666')",excluded visual formatting
code/repro/make_figure_s10.py,193,[8],"axB.set_yticklabels([REGION_LABELS[rn] for rn in region_order], fontsize=8)",excluded visual formatting
code/repro/make_figure_s10.py,196,"[1, 1.25]","axB.set_xlim(-1, max(y10_low.values()) * 1.25)",excluded visual formatting
code/repro/make_figure_s10.py,197,"[0, 0.5, 0.4]","axB.axvline(0, color='gray', linewidth=0.5, linestyle=':', alpha=0.4)",excluded visual formatting
code/repro/make_figure_s10.py,198,"[7.5, 0.9]","axB.legend(loc='lower right', fontsize=7.5, framealpha=0.9)",excluded visual formatting
code/repro/make_figure_s10.py,199,"[1.05, 0.18]","axB.text(-0.18, 1.05, 'b', transform=axB.transAxes,",excluded visual formatting
code/repro/make_figure_s10.py,200,[11],"fontsize=11, fontweight='bold', va='top')",excluded visual formatting
code/repro/make_figure_s10.py,205,[300],"fig.savefig(f'{out_path}.png', dpi=300,",excluded visual formatting
code/repro/make_figure_s10.py,215,"[100, 1]","f""({(1 - ssa_hi / ssa_lo) * 100:.0f}% reduction)""",reviewed result-affecting/algebraic literal
code/repro/make_figure_s10.py,235,[0],* traj[NUE_DEFAULT][rn]['yield_tha'].iloc[0],reviewed result-affecting/algebraic literal
code/repro/make_figure_s10.py,248,"[1, 0, 10]",rn: float((1 - traj[nue][rn][traj[nue][rn]['year'] == 10]['yield_tha'].iloc[0],reviewed result-affecting/algebraic literal
code/repro/make_figure_s10.py,249,"[100, 0, 0]",/ traj[nue][rn][traj[nue][rn]['year'] == 0]['yield_tha'].iloc[0]) * 100),reviewed result-affecting/algebraic literal
code/repro/make_figure_s10.py,251,[1],"json.dump(dump, open(DATA / 'figS10_nue_sensitivity.json', 'w'), indent=1)",reviewed result-affecting/algebraic literal
code/repro/make_figure_s11.py,21,[0],"sys.path.insert(0, HERE)",reviewed result-affecting/algebraic literal
code/repro/make_figure_s11.py,35,"[0.0, 0.25, 0.5, 0.75, 1.0, 1.25, 1.5, 2.0, 2.5, 3.0]","SHOCKS = [0.0, 0.25, 0.50, 0.75, 1.00, 1.25, 1.50, 2.00, 2.50, 3.00]",reviewed result-affecting/algebraic literal
code/repro/make_figure_s11.py,36,"[100, 75, 50, 25]","SOC_LEVELS = [100, 75, 50, 25]",reviewed result-affecting/algebraic literal
code/repro/make_figure_s11.py,58,"[1.0, 1.5]","% (rn, sp[SHOCKS.index(1.00)], sp[SHOCKS.index(1.50)],",reviewed result-affecting/algebraic literal
code/repro/make_figure_s11.py,59,[3.0],sp[SHOCKS.index(3.00)])),reviewed result-affecting/algebraic literal
code/repro/make_figure_s11.py,66,[1],"open(os.path.join(DATA, 'figS11_severity_sweep.json'), 'w'), indent=1)",reviewed result-affecting/algebraic literal
code/repro/make_figure_s11.py,68,"[2, 2, 10, 8]","fig, axes = plt.subplots(2, 2, figsize=(10, 8), sharex=True, sharey=True)",excluded visual formatting
code/repro/make_figure_s11.py,70,[1.05],ymax_global = max(max(v) for rn in KEY4 for v in out[rn].values()) * 1.05,reviewed result-affecting/algebraic literal
code/repro/make_figure_s11.py,71,[100],x = np.array(SHOCKS) * 100,reviewed result-affecting/algebraic literal
code/repro/make_figure_s11.py,77,"[2.0, 3]","linewidth=2.0, zorder=3,",excluded visual formatting
code/repro/make_figure_s11.py,78,[0],label=('SOC %s' % lbl) if idx == 0 else None),reviewed result-affecting/algebraic literal
code/repro/make_figure_s11.py,79,"[50, 150, 0.12, 0]","ax.axvspan(50, 150, alpha=0.12, color='#888888', zorder=0)",excluded visual formatting
code/repro/make_figure_s11.py,80,[0],if idx == 0:,reviewed result-affecting/algebraic literal
code/repro/make_figure_s11.py,81,"[100, 0.95, 7]","ax.text(100, -ymax_global * 0.95, 'Typical crisis\nrange', fontsize=7,",excluded visual formatting
code/repro/make_figure_s11.py,83,[10],"ax.set_title(LABELS[rn], fontsize=10, fontweight='bold')",excluded visual formatting
code/repro/make_figure_s11.py,84,[2],if idx >= 2:,reviewed result-affecting/algebraic literal
code/repro/make_figure_s11.py,86,"[0, 2]",if idx % 2 == 0:,reviewed result-affecting/algebraic literal
code/repro/make_figure_s11.py,88,"[0, 300]","ax.set_xlim(0, 300)",excluded visual formatting
code/repro/make_figure_s11.py,89,[0.5],"ax.set_ylim(-ymax_global, 0.5)",excluded visual formatting
code/repro/make_figure_s11.py,92,"[1.08, 0.08, 10]","ax.text(-0.08, 1.08, 'abcd'[idx], transform=ax.transAxes, fontsize=10,",excluded visual formatting
code/repro/make_figure_s11.py,95,[0],"handles, labels = axes_flat[0].get_legend_handles_labels()",excluded visual formatting
code/repro/make_figure_s11.py,96,"[4, 8.5]","fig.legend(handles, labels, loc='upper center', ncol=4, fontsize=8.5,",excluded visual formatting
code/repro/make_figure_s11.py,97,"[0.9, 0.5, 0.02]","bbox_to_anchor=(0.5, 0.02), framealpha=0.9)",excluded visual formatting
code/repro/make_figure_s11.py,98,"[0, 0.04, 1, 1]","plt.tight_layout(rect=[0, 0.04, 1, 1])",excluded visual formatting
code/repro/make_figure_s11.py,101,[300],"dpi=300, bbox_inches='tight', facecolor='white')",excluded visual formatting
code/repro/make_figure_s12.py,9,[11],"plt.rcParams.update({'font.family':'sans-serif','font.sans-serif':['DejaVu Sans'],'font.size':11})",excluded visual formatting
code/repro/make_figure_s12.py,10,"[2, 4, 16.5, 8.2]","fig,axes=plt.subplots(2,4,figsize=(16.5,8.2)); axes=axes.flatten()",excluded visual formatting
code/repro/make_figure_s12.py,15,[2.2],"ax.plot(x,y,color=col,lw=2.2)",excluded visual formatting
code/repro/make_figure_s12.py,16,[1],"ax.axhline(d['floor'],color='#888',ls=':',lw=1)",excluded visual formatting
code/repro/make_figure_s12.py,17,"[55, 5, 0]","ax.scatter([d['Ncur']],[d['fao']],s=55,c='black',zorder=5,label='FAOSTAT ~2020' if i==0 else None)",excluded visual formatting
code/repro/make_figure_s12.py,18,"[55, 1.6, 5]","ax.scatter([d['Nns']],[d['y_nosynth']],s=55,facecolors='none',edgecolors='#C0392B',linewidth=1.6,zorder=5)",excluded visual formatting
code/repro/make_figure_s12.py,20,"[0, 400, 0, 7]","ax.set_xlim(0,400); ax.set_ylim(0,7)",excluded visual formatting
code/repro/make_figure_s12.py,21,"[0.97, 0.1, 9]","ax.text(0.97,0.10,f'y_max={d[""ym""]:.2f}',transform=ax.transAxes,ha='right',fontsize=9,color='#555')",excluded visual formatting
code/repro/make_figure_s12.py,22,"[0.97, 0.03, 9]","ax.text(0.97,0.03,f'floor={d[""floor""]:.2f}',transform=ax.transAxes,ha='right',fontsize=9,color='#555')",excluded visual formatting
code/repro/make_figure_s12.py,23,"[0, 9]","if i==0: ax.legend(loc='upper left',fontsize=9,frameon=False)",excluded visual formatting
code/repro/make_figure_s12.py,24,"[0, 4]",if i%4==0: ax.set_ylabel('Yield (t ha$^{-1}$)'),excluded visual formatting
code/repro/make_figure_s12.py,25,[4],if i>=4: ax.set_xlabel('Total N availability (kg N ha$^{-1}$ yr$^{-1}$)'),excluded visual formatting
code/repro/make_figure_s12.py,26,"[12.5, 0.99]","fig.suptitle('Regional crop nitrogen-response calibration (simulated year-2 yield; c=0.015 uniform, y_max numerically calibrated to FAOSTAT, empirical floor)',fontsize=12.5,y=0.99)",excluded visual formatting
code/repro/make_figure_s12.py,27,"[0, 0, 1, 0.97]","plt.tight_layout(rect=[0,0,1,0.97])",excluded visual formatting
code/repro/make_figure_s12.py,28,[200],"fig.savefig(os.path.join(HERE,'..','..','figures','Figure_S12_crop_response_calibration.png'),dpi=200,bbox_inches='tight',facecolor='white')",excluded visual formatting
code/repro/make_figure_s6.py,15,[100],eps = np.abs([r['eps_F_PF'] for r in d]);   buf = np.array([r['buffer_ratio_pct'] for r in d]) / 100,reviewed result-affecting/algebraic literal
code/repro/make_figure_s6.py,17,"[8.5, 9, 8, 8]","'font.size': 8.5, 'axes.labelsize': 9, 'xtick.labelsize': 8, 'ytick.labelsize': 8,",reviewed result-affecting/algebraic literal
code/repro/make_figure_s6.py,18,"[200, 200]","'figure.dpi': 200, 'savefig.dpi': 200, 'savefig.facecolor': 'white', 'figure.facecolor': 'white',",reviewed result-affecting/algebraic literal
code/repro/make_figure_s6.py,19,[0.8],"'axes.spines.top': False, 'axes.spines.right': False, 'axes.linewidth': 0.8})",excluded visual formatting
code/repro/make_figure_s6.py,28,"[2, 3, 12, 7.4]","fig, axes = plt.subplots(2, 3, figsize=(12, 7.4)); axes = axes.flatten()",excluded visual formatting
code/repro/make_figure_s6.py,30,[0],"ax = axes[i]; rho = stats.spearmanr(x, y)[0]",reviewed result-affecting/algebraic literal
code/repro/make_figure_s6.py,31,"[80, 0.5, 3]","ax.scatter(x, y, s=80, c=BLUE, edgecolors='black', linewidth=0.5, zorder=3)",excluded visual formatting
code/repro/make_figure_s6.py,33,"[7, 4, 3]","ax.annotate(ab, (x[j], y[j]), xytext=(4, 3), textcoords='offset points', fontsize=7, color='black')",excluded visual formatting
code/repro/make_figure_s6.py,35,[5],if i == 5:,reviewed result-affecting/algebraic literal
code/repro/make_figure_s6.py,36,"[1, 50]","b1, b0 = np.polyfit(x, y, 1); xs = np.linspace(x.min(), x.max(), 50)",reviewed result-affecting/algebraic literal
code/repro/make_figure_s6.py,37,"[1.0, 2]","ax.plot(xs, b0 + b1 * xs, color='#888888', lw=1.0, ls='--', zorder=2)",excluded visual formatting
code/repro/make_figure_s6.py,38,"[2, 0, 1]","r2 = np.corrcoef(x, y)[0, 1] ** 2",reviewed result-affecting/algebraic literal
code/repro/make_figure_s6.py,39,"[0.97, 0.95]","ax.text(0.97, 0.95, f'$\\rho$ = {rho:+.2f}  (R$^2$ = {r2:.2f})', transform=ax.transAxes,",excluded visual formatting
code/repro/make_figure_s6.py,40,[9],"fontsize=9, fontweight='bold', color='#c0392b', ha='right', va='top',",excluded visual formatting
code/repro/make_figure_s6.py,41,[0.9],"bbox=dict(boxstyle='round,pad=0.25', facecolor='white', edgecolor='gray', alpha=0.9))",excluded visual formatting
code/repro/make_figure_s6.py,42,"[0.97, 0.03]","ax.text(0.97, 0.03, 'Weak cross-regional association reflects opposing mechanisms: LATAM\n'",excluded visual formatting
code/repro/make_figure_s6.py,44,[6.3],"transform=ax.transAxes, fontsize=6.3, style='italic', color='#555555', ha='right', va='bottom')",excluded visual formatting
code/repro/make_figure_s6.py,46,"[0.97, 0.95, 9]","ax.text(0.97, 0.95, f'$\\rho$ = {rho:+.2f}', transform=ax.transAxes, fontsize=9,",excluded visual formatting
code/repro/make_figure_s6.py,47,[0.85],"ha='right', va='top', bbox=dict(boxstyle='round,pad=0.25', facecolor='white', edgecolor='gray', alpha=0.85))",excluded visual formatting
code/repro/make_figure_s6.py,50,[200],"fig.savefig(os.path.join(outdir, 'Figure_S6_pairwise_diagnostics.png'), dpi=200, bbox_inches='tight', facecolor='white')",excluded visual formatting
code/repro/make_figure_s7.py,31,[0],"sys.path.insert(0, HERE)",reviewed result-affecting/algebraic literal
code/repro/make_figure_s7.py,32,[0],"sys.path.insert(0, os.path.join(HERE, '..', 'model'))",reviewed result-affecting/algebraic literal
code/repro/make_figure_s7.py,65,"[0.5, 0.2]","rp['eps_F_PF'] = rp.get('eps_F_PF', -0.20) * 0.5",reviewed result-affecting/algebraic literal
code/repro/make_figure_s7.py,104,[1],"json.dump(payload, f, indent=1)",reviewed result-affecting/algebraic literal
code/repro/make_figure_s7.py,107,"[1, 2, 14.0, 5.9]","fig, (axa, axb) = plt.subplots(1, 2, figsize=(14.0, 5.9))",excluded visual formatting
code/repro/make_figure_s7.py,123,"[2.4, 3]","ax.plot(x, b, lw=2.4, color=COLOR[rn], zorder=3)",excluded visual formatting
code/repro/make_figure_s7.py,124,"[2.0, 0.85]","ax.plot(x, h, lw=2.0, ls='--', color=COLOR[rn], alpha=0.85,",excluded visual formatting
code/repro/make_figure_s7.py,125,[3],zorder=3),reviewed result-affecting/algebraic literal
code/repro/make_figure_s7.py,126,"[0, 0.8]","ax.axhline(0, color='0.6', lw=0.8)",excluded visual formatting
code/repro/make_figure_s7.py,127,"[100, 0.9]","ax.axvline(100, color='0.65', lw=0.9, ls=':')",excluded visual formatting
code/repro/make_figure_s7.py,128,"[100, 200, 0.06, 0]","ax.axvspan(100, 200, color='#2e7d32', alpha=0.06, zorder=0)",excluded visual formatting
code/repro/make_figure_s7.py,129,[13],"ax.set_xlabel('Farm SOC (% of regional mean)', fontsize=13)",excluded visual formatting
code/repro/make_figure_s7.py,130,[13],"ax.set_ylabel(ylab, fontsize=13)",excluded visual formatting
code/repro/make_figure_s7.py,131,"[10, 232]","ax.set_xlim(10, 232)",excluded visual formatting
code/repro/make_figure_s7.py,132,"[25, 50, 75, 100, 125, 150, 175, 200]","ax.set_xticks([25, 50, 75, 100, 125, 150, 175, 200])",excluded visual formatting
code/repro/make_figure_s7.py,133,[11],ax.tick_params(labelsize=11),excluded visual formatting
code/repro/make_figure_s7.py,136,"[1.04, 0.1, 17]","ax.text(-0.10, 1.04, tag, transform=ax.transAxes, fontsize=17,",excluded visual formatting
code/repro/make_figure_s7.py,138,"[0, 1]","lo = min(min(series[key][rn][0].min(), series[key][rn][1].min())",reviewed result-affecting/algebraic literal
code/repro/make_figure_s7.py,140,"[1.12, 0.35, 0.06]","ax.set_ylim(lo * 1.12, max(0.35, -lo * 0.06))",excluded visual formatting
code/repro/make_figure_s7.py,141,"[0, 1, 1, 1]","ends = sorted(((max(series[key][rn][0][-1], series[key][rn][1][-1]),",reviewed result-affecting/algebraic literal
code/repro/make_figure_s7.py,143,[0.075],span = abs(lo) * 0.075,reviewed result-affecting/algebraic literal
code/repro/make_figure_s7.py,148,"[204, 11.5]","ax.text(204, ypos, LABEL[rn], fontsize=11.5, fontweight='bold',",excluded visual formatting
code/repro/make_figure_s7.py,151,[2.4],"axa.legend(handles=[Line2D([], [], color='0.35', lw=2.4,",excluded visual formatting
code/repro/make_figure_s7.py,153,[2.0],"Line2D([], [], color='0.35', lw=2.0, ls='--',",excluded visual formatting
code/repro/make_figure_s7.py,155,[11],"loc='lower left', fontsize=11, frameon=True)",excluded visual formatting
code/repro/make_figure_s7.py,161,[300],"dpi=300, bbox_inches='tight')",excluded visual formatting
code/repro/make_figure_s7.py,164,"[10, 50, 100, 200]","i10, i50, i100, i200 = (FINE_SOC_PCTS.index(v) for v in (10, 50, 100, 200))",reviewed result-affecting/algebraic literal
code/repro/make_figure_s7.py,169,"[0, 1]","for j, tag in ((0, 'baseline'), (1, 'halved')):",reviewed result-affecting/algebraic literal
code/repro/make_figure_s7.py,175,[0],% (series['yield']['sub_saharan_africa'][0][i200],reviewed result-affecting/algebraic literal
code/repro/make_figure_s7.py,176,[0],- series['yield']['sub_saharan_africa'][0][i10])),reviewed result-affecting/algebraic literal
code/repro/make_figure_s7.py,177,"[0, 1]",gaps = [series['margin'][rn][0] - series['margin'][rn][1],reviewed result-affecting/algebraic literal
code/repro/make_figure_s7.py,183,"[0, 1]",g = series['margin'][rn][0] - series['margin'][rn][1],reviewed result-affecting/algebraic literal
code/repro/make_figure_s8.py,11,[31],yrs=list(range(31)),reviewed result-affecting/algebraic literal
code/repro/make_figure_s8.py,12,[12],"plt.rcParams.update({'font.family':'sans-serif','font.sans-serif':['DejaVu Sans'],'font.size':12})",excluded visual formatting
code/repro/make_figure_s8.py,13,"[1, 2, 16.4, 6.4, 1, 1.15]","fig,(axa,axb)=plt.subplots(1,2,figsize=(16.4,6.4),gridspec_kw={'width_ratios':[1,1.15]})",excluded visual formatting
code/repro/make_figure_s8.py,15,[0.7],"axa.fill_between(yrs,ghalf,gbase,color='0.8',alpha=0.7,label='Elasticity range')",excluded visual formatting
code/repro/make_figure_s8.py,16,[2.6],"axa.plot(yrs,gbase,color='#C0392B',lw=2.6,label='Baseline ε$_{F,PF}$')",excluded visual formatting
code/repro/make_figure_s8.py,17,[2.4],"axa.plot(yrs,ghalf,color='#1565C0',lw=2.4,ls='--',label='Halved ε$_{F,PF}$ (0.5×)')",excluded visual formatting
code/repro/make_figure_s8.py,19,"[0, 30, 0, 4.5]","axa.set_xlim(0,30); axa.set_ylim(0,4.5); axa.legend(loc='upper left',frameon=True)",excluded visual formatting
code/repro/make_figure_s8.py,20,"[1.02, 0.08, 17]","axa.text(-0.08,1.02,'a',transform=axa.transAxes,fontsize=17,fontweight='bold')",excluded visual formatting
code/repro/make_figure_s8.py,26,"[2, 1]","axb.plot([h,b],[i,i],color='0.6',lw=2,zorder=1)",excluded visual formatting
code/repro/make_figure_s8.py,27,"[130, 0.5, 3]","axb.scatter([b],[i],s=130,c=COL[k],edgecolors='black',lw=0.5,zorder=3)",excluded visual formatting
code/repro/make_figure_s8.py,28,"[130, 2, 3]","axb.scatter([h],[i],s=130,facecolors='white',edgecolors=COL[k],lw=2,zorder=3)",excluded visual formatting
code/repro/make_figure_s8.py,29,"[0.12, 10.5]","axb.text(h-0.12,i,f'{h:.1f}%',ha='right',va='center',fontsize=10.5,color='0.35')",excluded visual formatting
code/repro/make_figure_s8.py,30,"[0.12, 10.5]","axb.text(b+0.12,i,f'{b:.1f}%',ha='left',va='center',fontsize=10.5,color='black')",excluded visual formatting
code/repro/make_figure_s8.py,32,"[0, 8.0, 0, 1]","axb.set_xlabel('Year-10 yield loss (%)'); axb.set_xlim(0,8.0); axb.axvline(0,color='0.7',ls=':',lw=1)",excluded visual formatting
code/repro/make_figure_s8.py,33,"[1.02, 0.02, 17]","axb.text(-0.02,1.02,'b',transform=axb.transAxes,fontsize=17,fontweight='bold')",excluded visual formatting
code/repro/make_figure_s8.py,35,"[0, 0, 11]","axb.legend(handles=[Line2D([0],[0],marker='o',color='w',markerfacecolor='#C62828',markeredgecolor='black',markersize=11,label='Baseline'),",excluded visual formatting
code/repro/make_figure_s8.py,36,"[0, 0, 11]","Line2D([0],[0],marker='o',color='w',markerfacecolor='white',markeredgecolor='#C62828',markersize=11,label='Halved (0.5×)')],",excluded visual formatting
code/repro/make_figure_s8.py,38,"[0.99, 0.14, 10]","axb.text(0.99,-0.14,'Regional ordering preserved: Spearman ρ = 0.98',transform=axb.transAxes,ha='right',fontsize=10,style='italic',color='0.4')",excluded visual formatting
code/repro/make_figure_s8.py,40,[200],"fig.savefig(os.path.join(HERE,'..','..','figures','Figure_S8_elasticity_sensitivity.png'),dpi=200,bbox_inches='tight',facecolor='white')",excluded visual formatting
code/repro/make_figure_s8.py,41,"[10, 10]","print('saved; global yr10 base/half = %.1f / %.1f'%(gbase[10],ghalf[10]))",reviewed result-affecting/algebraic literal
code/repro/make_figure_s9.py,49,[0],REGIONS = [r[0] for r in REGIONS_ORDERED],reviewed result-affecting/algebraic literal
code/repro/make_figure_s9.py,50,[1],LABELS = [r[1] for r in REGIONS_ORDERED],reviewed result-affecting/algebraic literal
code/repro/make_figure_s9.py,52,"[50, 100, 150]","SOC_LEVELS = [50, 100, 150]",reviewed result-affecting/algebraic literal
code/repro/make_figure_s9.py,53,"[50, 100, 150]","SOC_COLORS = {50: '#c0392b', 100: '#7f8c8d', 150: '#2980b9'}",reviewed result-affecting/algebraic literal
code/repro/make_figure_s9.py,54,"[50, 100, 150]","SOC_LABELS = {50: 'Low SOC (50%)', 100: 'Mean SOC (100%)', 150: 'High SOC (150%)'}",reviewed result-affecting/algebraic literal
code/repro/make_figure_s9.py,64,[0.55],"return dict(boxprops=dict(facecolor=color, alpha=0.55, edgecolor=color),",excluded visual formatting
code/repro/make_figure_s9.py,65,[1.5],"medianprops=dict(color='white', linewidth=1.5),",excluded visual formatting
code/repro/make_figure_s9.py,68,[2],"flierprops=dict(marker='o', markersize=2, markerfacecolor=color,",excluded visual formatting
code/repro/make_figure_s9.py,69,[0.4],"markeredgecolor='none', alpha=0.4))",excluded visual formatting
code/repro/make_figure_s9.py,75,[0.22],width = 0.22,reviewed result-affecting/algebraic literal
code/repro/make_figure_s9.py,76,"[50, 100, 150, 0.0]","offsets = {50: -width, 100: 0.0, 150: +width}",reviewed result-affecting/algebraic literal
code/repro/make_figure_s9.py,87,[0.9],"widths=width * 0.9,",reviewed result-affecting/algebraic literal
code/repro/make_figure_s9.py,89,"[5, 95]","whis=(5, 95),",reviewed result-affecting/algebraic literal
code/repro/make_figure_s9.py,95,"[0, 9]","ax.set_xticklabels(LABELS, rotation=0, fontsize=9)",excluded visual formatting
code/repro/make_figure_s9.py,98,[11],"loc='left', fontsize=11, fontweight='bold')",excluded visual formatting
code/repro/make_figure_s9.py,99,[0.4],"ax.grid(axis='y', linestyle=':', alpha=0.4)",excluded visual formatting
code/repro/make_figure_s9.py,101,"[0, 10, 1]","ax.set_ylim(0, max(10, ax.get_ylim()[1]))",excluded visual formatting
code/repro/make_figure_s9.py,104,[0.55],"alpha=0.55, label=SOC_LABELS[soc])",excluded visual formatting
code/repro/make_figure_s9.py,106,[8],"ax.legend(handles=handles, loc='upper left', frameon=False, fontsize=8)",excluded visual formatting
code/repro/make_figure_s9.py,111,[100],sub100 = df[df['soc_pct'] == 100],reviewed result-affecting/algebraic literal
code/repro/make_figure_s9.py,112,[0],priced_keys = [x[0] for x in PRICED_REGIONS],reviewed result-affecting/algebraic literal
code/repro/make_figure_s9.py,113,[1],priced_labels = [x[1] for x in PRICED_REGIONS],reviewed result-affecting/algebraic literal
code/repro/make_figure_s9.py,120,[0.55],"widths=0.55,",reviewed result-affecting/algebraic literal
code/repro/make_figure_s9.py,122,"[5, 95]","whis=(5, 95),",reviewed result-affecting/algebraic literal
code/repro/make_figure_s9.py,126,"[0, 0.8, 0.6]","ax.axhline(0, color='black', linewidth=0.8, linestyle='--', alpha=0.6)",excluded visual formatting
code/repro/make_figure_s9.py,128,"[0, 9]","ax.set_xticklabels(priced_labels, rotation=0, fontsize=9)",excluded visual formatting
code/repro/make_figure_s9.py,131,[11],"loc='left', fontsize=11, fontweight='bold')",excluded visual formatting
code/repro/make_figure_s9.py,132,[0.4],"ax.grid(axis='y', linestyle=':', alpha=0.4)",excluded visual formatting
code/repro/make_figure_s9.py,140,[50],s50 = df[(df['region'] == rn) & (df['soc_pct'] == 50)].set_index('draw')['yield_pen'],excluded visual formatting
code/repro/make_figure_s9.py,141,[150],s150 = df[(df['region'] == rn) & (df['soc_pct'] == 150)].set_index('draw')['yield_pen'],excluded visual formatting
code/repro/make_figure_s9.py,149,[0.55],"widths=0.55,",reviewed result-affecting/algebraic literal
code/repro/make_figure_s9.py,151,"[5, 95]","whis=(5, 95),",reviewed result-affecting/algebraic literal
code/repro/make_figure_s9.py,155,"[0, 0.8, 0.6]","ax.axhline(0, color='black', linewidth=0.8, linestyle='--', alpha=0.6)",excluded visual formatting
code/repro/make_figure_s9.py,157,"[0, 9]","ax.set_xticklabels(LABELS, rotation=0, fontsize=9)",excluded visual formatting
code/repro/make_figure_s9.py,160,[11],"loc='left', fontsize=11, fontweight='bold')",excluded visual formatting
code/repro/make_figure_s9.py,161,[0.4],"ax.grid(axis='y', linestyle=':', alpha=0.4)",excluded visual formatting
code/repro/make_figure_s9.py,171,"[3, 1, 10.5, 11.5]","fig, axes = plt.subplots(3, 1, figsize=(10.5, 11.5))",excluded visual formatting
code/repro/make_figure_s9.py,172,"[0.93, 0.45, 0.1, 0.97, 0.05]","fig.subplots_adjust(top=0.93, hspace=0.45, left=0.10, right=0.97, bottom=0.05)",excluded visual formatting
code/repro/make_figure_s9.py,173,[0],"plot_panel_yield(axes[0], df)",reviewed result-affecting/algebraic literal
code/repro/make_figure_s9.py,174,[1],"plot_panel_profit(axes[1], df)",reviewed result-affecting/algebraic literal
code/repro/make_figure_s9.py,175,[2],"plot_panel_buffer(axes[2], df)",reviewed result-affecting/algebraic literal
code/repro/make_figure_s9.py,179,"[12, 0.985]","fontsize=12, y=0.985,",excluded visual formatting
code/repro/make_figure_s9.py,184,[300],"fig.savefig(out_png, dpi=300, bbox_inches='tight')",excluded visual formatting
code/repro/make_food_price_table.py,20,[0],"sys.path.insert(0, HERE)",reviewed result-affecting/algebraic literal
code/repro/make_food_price_table.py,21,[0],"sys.path.insert(0, os.path.join(HERE, '..', 'model'))",reviewed result-affecting/algebraic literal
code/repro/make_food_price_table.py,36,[0.2],s3.fert_price_shock = calibrate_price_shock(0.20),reviewed result-affecting/algebraic literal
code/repro/make_food_price_table.py,43,[30.0],"t_max=30.0, yield_max_override=ym).run()",reviewed result-affecting/algebraic literal
code/repro/make_food_price_table.py,44,"[0, 0]",y0 = df[df['year'] == 0].iloc[0],reviewed result-affecting/algebraic literal
code/repro/make_food_price_table.py,47,[0],v = float(df[df['year'] == yr]['food_price_index'].iloc[0]),reviewed result-affecting/algebraic literal
code/repro/make_food_price_table.py,48,"[2, 100, 1.0]","return round((v - 1.0) * 100, 2)",reviewed result-affecting/algebraic literal
code/repro/make_food_price_table.py,53,[1],"food_price_pct_yr1=pct(1),",reviewed result-affecting/algebraic literal
code/repro/make_food_price_table.py,54,[10],"food_price_pct_yr10=pct(10),",reviewed result-affecting/algebraic literal
code/repro/make_food_price_table.py,55,[30],food_price_pct_yr30=pct(30))),reviewed result-affecting/algebraic literal
code/repro/make_food_price_table.py,59,[2],"glob = {k: round(float(np.dot(w, [x[k] for x in rows])), 2)",reviewed result-affecting/algebraic literal
code/repro/make_food_price_table.py,66,[0],"wr = csv.DictWriter(f, fieldnames=list(rows[0].keys()))",reviewed result-affecting/algebraic literal
code/repro/make_hindcast_benchmark.py,15,[2],ROOT = Path(__file__).resolve().parents[2],reviewed result-affecting/algebraic literal
code/repro/make_hindcast_benchmark.py,16,[0],"sys.path.insert(0, str(ROOT / 'code' / 'model'))",reviewed result-affecting/algebraic literal
code/repro/make_hindcast_benchmark.py,17,[0],"sys.path.insert(0, str(ROOT / 'code' / 'model' / 'scripts'))",reviewed result-affecting/algebraic literal
code/repro/make_hindcast_benchmark.py,33,"[1.5, 2.0, 3.0, 4.0]","obs_err = [1.5, 2.0, 3.0, 4.0]",reviewed result-affecting/algebraic literal
code/repro/make_hindcast_benchmark.py,34,[0.15],shock_baseline = calibrate_price_shock(0.15),reviewed result-affecting/algebraic literal
code/repro/make_hindcast_benchmark.py,41,[0.0],"s3 = EconParams(fert_price_shock=shock_baseline, eps_F_N=0.0)",reviewed result-affecting/algebraic literal
code/repro/make_hindcast_benchmark.py,45,"[5.0, 0.0, 0.0]","m_b = CoupledMonthlyModel(region=r, econ=EconParams(fert_price_shock=0.0, eps_F_N=0.0), region_key=rn, t_max=5.0)",reviewed result-affecting/algebraic literal
code/repro/make_hindcast_benchmark.py,47,"[0, 1]",fb = df_b[df_b['year']==1]['fert_applied_kgha'].iloc[0],reviewed result-affecting/algebraic literal
code/repro/make_hindcast_benchmark.py,48,[5.0],"m = CoupledMonthlyModel(region=r, econ=s3, region_key=rn, t_max=5.0)",reviewed result-affecting/algebraic literal
code/repro/make_hindcast_benchmark.py,50,"[0, 1]",fs = df[df['year']==1]['fert_applied_kgha'].iloc[0],reviewed result-affecting/algebraic literal
code/repro/make_hindcast_benchmark.py,51,"[0, 0, 100, 1]",preds.append((1 - fs/fb)*100 if fb>0 else 0),reviewed result-affecting/algebraic literal
code/repro/make_hindcast_benchmark.py,56,"[0.5, 1.0, 2.0]","scenarios = [('Halved (0.5×)', 0.5), ('Baseline (1.0×)', 1.0), ('Doubled (2.0×)', 2.0)]",reviewed result-affecting/algebraic literal
code/repro/make_hindcast_benchmark.py,76,"[1, 2, 2]",return 1 - np.sum((o-p)**2) / np.sum((o-o.mean())**2),reviewed result-affecting/algebraic literal
code/repro/make_hindcast_benchmark.py,79,[0],"return spearmanr(p,o)[0]",reviewed result-affecting/algebraic literal
code/repro/make_hindcast_benchmark.py,83,"[1, 3, 13, 4.3]","fig, axes = plt.subplots(1, 3, figsize=(13, 4.3), sharey=True)",excluded visual formatting
code/repro/make_hindcast_benchmark.py,87,[2],"rmse = float(np.sqrt(np.mean([(o-p)**2 for o,p in zip(observed, preds)])))",reviewed result-affecting/algebraic literal
code/repro/make_hindcast_benchmark.py,89,"[0, 1, 3]","keep = (0, 1, 3)",reviewed result-affecting/algebraic literal
code/repro/make_hindcast_benchmark.py,91,"[0, 40, 0, 40, 1, 0.6]","ax.plot([0,40], [0,40], color='gray', linewidth=1, linestyle='--', alpha=0.6, label='1:1 line')",excluded visual formatting
code/repro/make_hindcast_benchmark.py,93,[10],"ax.errorbar(preds[i], observed[i], yerr=obs_err[i], fmt='o', color=colors[rn], markersize=10,",excluded visual formatting
code/repro/make_hindcast_benchmark.py,94,"[4, 1.5, 1.5, 0.8]","capsize=4, capthick=1.5, elinewidth=1.5, markeredgecolor='white', markeredgewidth=0.8)",excluded visual formatting
code/repro/make_hindcast_benchmark.py,95,"[0.8, 1.5]",off_y = -1.5 if labels_short[i]=='SA' else 0.8,reviewed result-affecting/algebraic literal
code/repro/make_hindcast_benchmark.py,96,"[0.8, 7.5]","ax.text(preds[i]+0.8, observed[i]+off_y, labels_full[i], fontsize=7.5, color=colors[rn], fontweight='bold')",excluded visual formatting
code/repro/make_hindcast_benchmark.py,100,[9.0],"fontsize=9.0,",excluded visual formatting
code/repro/make_hindcast_benchmark.py,103,"[0, 0.7]","ax.axhline(0, color=""#666666"", linewidth=0.7)",excluded visual formatting
code/repro/make_hindcast_benchmark.py,104,"[0, 42, 22, 5]","ax.set_xlim(0, 42); ax.set_ylim(-5, 22)",excluded visual formatting
code/repro/make_hindcast_benchmark.py,105,[7],"ax.legend(fontsize=7, loc='upper left')",excluded visual formatting
code/repro/make_hindcast_benchmark.py,106,[0],axes[0].set_ylabel('Observed fertilizer purchase reduction (%)'),reviewed result-affecting/algebraic literal
code/repro/make_hindcast_benchmark.py,109,[300],"fig.savefig(f'{out}.png', dpi=300, bbox_inches='tight', facecolor='white')",excluded visual formatting
code/repro/make_ofra_validation.py,8,"[0, 1, 0, 0]",return 0<C<1 and A>=0 and B>0,reviewed result-affecting/algebraic literal
code/repro/make_ofra_validation.py,11,"[0, 120, 61]","N=np.linspace(0,120,61)",reviewed result-affecting/algebraic literal
code/repro/make_ofra_validation.py,12,[1],Y=np.array([float(r['A_control'])+float(r['B_gain'])*(1-float(r['C_base'])**N) for r in funcs]),reviewed result-affecting/algebraic literal
code/repro/make_ofra_validation.py,13,"[0, 25, 0, 75, 0]","med=np.median(Y,0); p25=np.percentile(Y,25,0); p75=np.percentile(Y,75,0)",reviewed result-affecting/algebraic literal
code/repro/make_ofra_validation.py,14,"[10, 0, 90, 0]","p10=np.percentile(Y,10,0); p90=np.percentile(Y,90,0)",reviewed result-affecting/algebraic literal
code/repro/make_ofra_validation.py,20,[12],"plt.rcParams.update({'font.family':'sans-serif','font.sans-serif':['DejaVu Sans'],'font.size':12})",excluded visual formatting
code/repro/make_ofra_validation.py,21,"[11, 6.8]","fig,ax=plt.subplots(figsize=(11,6.8))",excluded visual formatting
code/repro/make_ofra_validation.py,22,[0.15],"ax.fill_between(N,p10,p90,color='#4C6EA0',alpha=0.15,label=f'OFRA maize-N 10–90th pct (n={len(funcs)})')",excluded visual formatting
code/repro/make_ofra_validation.py,23,[0.35],"ax.fill_between(N,p25,p75,color='#4C6EA0',alpha=0.35,label='OFRA maize-N IQR')",excluded visual formatting
code/repro/make_ofra_validation.py,24,[2.5],"ax.plot(N,med,color='#1A2E5A',lw=2.5,label='OFRA maize-N median')",excluded visual formatting
code/repro/make_ofra_validation.py,25,[2],"ax.axhline(YMAX,color='#C0392B',lw=2,ls='--',label=f'Model SSA ceiling (y_max={YMAX:.2f})')",excluded visual formatting
code/repro/make_ofra_validation.py,26,[2],"ax.axhline(CTRL,color='#C0392B',lw=2,ls=':',label=f'Model SSA control (no synth N ≈{CTRL:.1f})')",excluded visual formatting
code/repro/make_ofra_validation.py,27,"[124, 0, 8, 6]","ax.set_xlim(-6,124); ax.set_ylim(0,8)",excluded visual formatting
code/repro/make_ofra_validation.py,29,[13],"ax.set_title('SSA maize N-response: model vs OFRA on-farm database (Wortmann et al.)',fontsize=13)",excluded visual formatting
code/repro/make_ofra_validation.py,30,"[11, 0.9]","ax.legend(loc='upper left',fontsize=11,framealpha=0.9)",excluded visual formatting
code/repro/make_ofra_validation.py,31,"[0.99, 0.02]","ax.text(0.99,0.02,'Model ceiling sits below the OFRA median but within the interquartile range;\nthe no-synthetic-N control sits at the low edge, consistent with degraded regional-mean soils.\nNote: model x-axis is N availability/uptake; OFRA is applied N.',",excluded visual formatting
code/repro/make_ofra_validation.py,32,[9],"transform=ax.transAxes,ha='right',va='bottom',fontsize=9,color='#555555',style='italic')",excluded visual formatting
code/repro/make_ofra_validation.py,34,[200],"fig.savefig(os.path.join(HERE,'..','..','figures','Figure_S13_OFRA_SSA_validation.png'),dpi=200,bbox_inches='tight',facecolor='white')",excluded visual formatting
code/repro/make_ofra_validation.py,35,"[0, 1, 1, 1]","print('n=%d  median[0]=%.2f median[-1]=%.2f  IQR[-1]=[%.2f,%.2f]'%(len(funcs),med[0],med[-1],p25[-1],p75[-1]))",reviewed result-affecting/algebraic literal
code/repro/make_ofra_validation.py,37,"[1, 1, 1, 1, 1]","%(YMAX,med[-1],p25[-1],p75[-1],p25[-1]<=YMAX<=p75[-1]))",reviewed result-affecting/algebraic literal
code/repro/make_parameter_ledger_sol.py,22,[0],"sys.path.insert(0, str(MODEL))",reviewed result-affecting/algebraic literal
code/repro/make_parameter_ledger_sol.py,87,[1],"""parameter_id"": f""P{len(rows) + 1:04d}"",",reviewed result-affecting/algebraic literal
code/repro/make_parameter_ledger_sol.py,506,[0.3],"(""SOC layer depth"", 0.30, ""m"", ""physical conversion""),",reviewed result-affecting/algebraic literal
code/repro/make_parameter_ledger_sol.py,507,[1.3],"(""SOC conversion bulk density"", 1.30, ""Mg m-3"", ""physical conversion""),",reviewed result-affecting/algebraic literal
code/repro/make_parameter_ledger_sol.py,508,[1000.0],"(""kg_per_t"", 1000.0, ""kg t-1"", ""unit conversion""),",reviewed result-affecting/algebraic literal
code/repro/make_parameter_ledger_sol.py,509,[0.33],"(""fertilizer split at planting"", 0.33, ""fraction"", ""fertilizer timing""),",reviewed result-affecting/algebraic literal
code/repro/make_parameter_ledger_sol.py,510,[0.67],"(""fertilizer split midseason"", 0.67, ""fraction"", ""fertilizer timing""),",reviewed result-affecting/algebraic literal
code/repro/make_parameter_ledger_sol.py,511,[0.6],"(""crop demand peak position"", 0.60, ""fraction of season"", ""demand profile""),",reviewed result-affecting/algebraic literal
code/repro/make_parameter_ledger_sol.py,512,[0.15],"(""crop demand profile width"", 0.15, ""fraction of season"", ""demand profile""),",reviewed result-affecting/algebraic literal
code/repro/make_parameter_ledger_sol.py,513,[0.9],"(""SOM input to active"", 0.90, ""fraction"", ""pool update""),",reviewed result-affecting/algebraic literal
code/repro/make_parameter_ledger_sol.py,514,[0.1],"(""SOM input to slow"", 0.10, ""fraction"", ""pool update""),",reviewed result-affecting/algebraic literal
code/repro/make_parameter_ledger_sol.py,515,[12.0],"(""initial mineral N"", 12.0, ""kg N ha-1"", ""initial condition""),",reviewed result-affecting/algebraic literal
code/repro/make_parameter_ledger_sol.py,516,[2000],"(""spinup maximum"", 2000, ""yr"", ""solver""),",reviewed result-affecting/algebraic literal
code/repro/make_parameter_ledger_sol.py,517,[50],"(""spinup convergence window"", 50, ""yr"", ""solver""),",reviewed result-affecting/algebraic literal
code/repro/make_parameter_ledger_sol.py,518,[100],"(""spinup minimum before convergence"", 100, ""yr"", ""solver""),",reviewed result-affecting/algebraic literal
code/repro/make_parameter_ledger_sol.py,519,[0.002],"(""spinup fractional tolerance"", 0.002, ""fraction over 50 yr"", ""solver""),",reviewed result-affecting/algebraic literal
code/repro/make_parameter_ledger_sol.py,520,[1.0],"(""y_max Brent lower bound"", 1.0, ""t ha-1"", ""calibration solver""),",reviewed result-affecting/algebraic literal
code/repro/make_parameter_ledger_sol.py,521,[50.0],"(""y_max Brent upper bound"", 50.0, ""t ha-1"", ""calibration solver""),",reviewed result-affecting/algebraic literal
code/repro/make_parameter_ledger_sol.py,522,[0.01],"(""y_max Brent xtol"", 0.01, ""t ha-1"", ""calibration solver""),",reviewed result-affecting/algebraic literal
code/repro/make_parameter_ledger_sol.py,523,[0.01],"(""price-shock search lower bound"", 0.01, ""proportional change"", ""calibration solver""),",reviewed result-affecting/algebraic literal
code/repro/make_parameter_ledger_sol.py,524,[20.0],"(""price-shock search upper bound"", 20.0, ""proportional change"", ""calibration solver""),",reviewed result-affecting/algebraic literal
code/repro/make_parameter_ledger_sol.py,525,[50],"(""price-shock bisection iterations"", 50, ""iterations"", ""calibration solver""),",reviewed result-affecting/algebraic literal
code/repro/make_parameter_ledger_sol.py,526,[0.2],"(""global fertilizer-reduction target"", 0.20, ""fraction"", ""scenario calibration""),",reviewed result-affecting/algebraic literal
code/repro/make_parameter_ledger_sol.py,527,[1e-10],"(""equilibrium denominator epsilon"", 1e-10, ""dimensionless"", ""numerical tolerance""),",reviewed result-affecting/algebraic literal
code/repro/make_parameter_ledger_sol.py,528,[1e-06],"(""mineralization log floor"", 1e-6, ""kg N ha-1 yr-1"", ""numerical tolerance""),",reviewed result-affecting/algebraic literal
code/repro/make_parameter_ledger_sol.py,529,[1e-09],"(""cap binding relative tolerance"", 1e-9, ""fraction"", ""numerical tolerance""),",reviewed result-affecting/algebraic literal
code/repro/make_parameter_ledger_sol.py,541,"[10, 205, 5]","(""farm SOC grid"", list(range(10, 205, 5)), ""% regional equilibrium SOC"",",reviewed result-affecting/algebraic literal
code/repro/make_parameter_ledger_sol.py,543,"[10, 205, 10]","(""sustained SOC grid"", list(range(10, 205, 10)), ""% regional equilibrium SOC"",",reviewed result-affecting/algebraic literal
code/repro/make_parameter_ledger_sol.py,545,"[50, 100, 150]","(""MC SOC levels"", [50, 100, 150], ""% regional equilibrium SOC"", ""MC""),",reviewed result-affecting/algebraic literal
code/repro/make_parameter_ledger_sol.py,546,[1.0],"(""farm price shock"", 1.0, ""proportional change"", ""Figure 1""),",reviewed result-affecting/algebraic literal
code/repro/make_parameter_ledger_sol.py,547,"[0, 0.25, 0.5, 0.75, 1, 1.25, 1.5, 2, 2.5, 3]","(""severity shocks"", [0, .25, .5, .75, 1, 1.25, 1.5, 2, 2.5, 3],",reviewed result-affecting/algebraic literal
code/repro/make_parameter_ledger_sol.py,549,"[0.45, 0.55, 0.65, 0.75, 0.85, 0.95]","(""N capture sweep"", [.45, .55, .65, .75, .85, .95], ""fraction"",",reviewed result-affecting/algebraic literal
code/repro/make_parameter_ledger_sol.py,551,[30],"(""central run horizon"", 30, ""yr"", ""main trajectories""),",reviewed result-affecting/algebraic literal
code/repro/make_parameter_ledger_sol.py,552,[10],"(""farm sustained-gradient horizon"", 10, ""yr"", ""Figure 2a""),",reviewed result-affecting/algebraic literal
code/repro/make_parameter_ledger_sol.py,553,[1000],"(""MC ensemble size"", 1000, ""draws"", ""Figure S9""),",reviewed result-affecting/algebraic literal
code/repro/make_parameter_ledger_sol.py,554,[20260424],"(""MC random seed"", 20260424, ""integer seed"", ""Figure S9""),",reviewed result-affecting/algebraic literal
code/repro/make_parameter_ledger_sol.py,555,"[5, 25, 50, 75, 95]","(""summary percentiles"", [5, 25, 50, 75, 95], ""percentile"", ""MC""),",reviewed result-affecting/algebraic literal
code/repro/make_parameter_ledger_sol.py,567,"[0.75, 0.075, 0.6, 0.9]","""max_uptake_frac"": (""absolute"", .75, .075, .60, .90),",reviewed result-affecting/algebraic literal
code/repro/make_parameter_ledger_sol.py,568,"[1, 0.15, 0.7, 1.3]","""mitscherlich_c_mult"": (""multiplier"", 1, .15, .70, 1.30),",reviewed result-affecting/algebraic literal
code/repro/make_parameter_ledger_sol.py,569,"[1, 0.2, 0.6, 1.4]","""k_slow_mult"": (""multiplier"", 1, .20, .60, 1.40),",reviewed result-affecting/algebraic literal
code/repro/make_parameter_ledger_sol.py,570,"[1, 0.3, 0.4, 1.8]","""cre_regional_mult"": (""multiplier"", 1, .30, .40, 1.80),",reviewed result-affecting/algebraic literal
code/repro/make_parameter_ledger_sol.py,571,"[1, 0.1, 0.8, 1.15]","""residue_retention_mult"": (""multiplier"", 1, .10, .80, 1.15),",reviewed result-affecting/algebraic literal
code/repro/make_parameter_ledger_sol.py,572,"[1, 0.3, 0.5, 1.5]","""eps_F_PF_mult"": (""multiplier"", 1, .30, .50, 1.50),",reviewed result-affecting/algebraic literal
code/repro/make_parameter_ledger_sol.py,573,"[1, 0.25, 0.6, 1.4]","""eta_mult"": (""multiplier"", 1, .25, .60, 1.40),",reviewed result-affecting/algebraic literal
code/repro/make_parameter_ledger_sol.py,574,"[1, 0.25, 0.5, 1.5]","""fert_price_shock_mult"": (""multiplier"", 1, .25, .50, 1.50),",reviewed result-affecting/algebraic literal
code/repro/make_parameter_ledger_sol.py,592,[0.05],"(""cross-document numeric tolerance"", .05, ""percentage points""),",reviewed result-affecting/algebraic literal
code/repro/make_parameter_ledger_sol.py,593,[0.001],"(""zero-shock max drift"", .001, ""yield fraction over 30 yr""),",reviewed result-affecting/algebraic literal
code/repro/make_parameter_ledger_sol.py,594,[1e-10],"(""market-clearing residual"", 1e-10, ""log points""),",reviewed result-affecting/algebraic literal
code/repro/make_parameter_ledger_sol.py,595,[0.95],"(""MC robustness frequency"", .95, ""fraction of relevant draws""),",reviewed result-affecting/algebraic literal
code/repro/make_parameter_ledger_sol.py,596,[50],"(""monotonic SOC low level"", 50, ""% regional mean SOC""),",reviewed result-affecting/algebraic literal
code/repro/make_parameter_ledger_sol.py,597,[150],"(""monotonic SOC high level"", 150, ""% regional mean SOC""),",reviewed result-affecting/algebraic literal
code/repro/make_parameter_ledger_sol.py,612,[1.0],"(""Broadbalk Nil observed yield"", 1.00, ""t grain ha-1"",",reviewed result-affecting/algebraic literal
code/repro/make_parameter_ledger_sol.py,615,[8.5],"(""Broadbalk N3PKMg observed yield"", 8.50, ""t grain ha-1"",",reviewed result-affecting/algebraic literal
code/repro/make_parameter_ledger_sol.py,618,[1.48],"(""Broadbalk Nil modeled yield"", 1.48, ""t grain ha-1"",",reviewed result-affecting/algebraic literal
code/repro/make_parameter_ledger_sol.py,621,[10.65],"(""Broadbalk N3PKMg modeled yield"", 10.65, ""t grain ha-1"",",reviewed result-affecting/algebraic literal
code/repro/make_parameter_ledger_sol.py,624,[0.15],"(""hindcast target global N reduction"", .15, ""fraction"",",reviewed result-affecting/algebraic literal
code/repro/make_parameter_ledger_sol.py,628,"[0.5, 1.0, 2.0]","(""hindcast elasticity multipliers"", [.5, 1.0, 2.0], ""multipliers"",",reviewed result-affecting/algebraic literal
code/repro/make_parameter_ledger_sol.py,641,[2018],"(""year_start"", 2018, ""calendar year"", ""input averaging window""),",reviewed result-affecting/algebraic literal
code/repro/make_parameter_ledger_sol.py,642,[2020],"(""year_end"", 2020, ""calendar year"", ""input averaging window""),",reviewed result-affecting/algebraic literal
code/repro/make_parameter_ledger_sol.py,643,[300.0],"(""n_intensity_cap"", 300.0, ""kg N ha-1"", ""continuous exposure scaling""),",reviewed result-affecting/algebraic literal
code/repro/make_parameter_ledger_sol.py,644,[0.5],"(""combined_weight_intensity"", .5, ""fraction"", ""sensitivity-only index""),",reviewed result-affecting/algebraic literal
code/repro/make_parameter_ledger_sol.py,645,[0.5],"(""combined_weight_reliance"", .5, ""fraction"", ""sensitivity-only index""),",reviewed result-affecting/algebraic literal
code/repro/make_parameter_ledger_sol.py,646,[0.33],"(""combined_low_threshold"", .33, ""index"", ""sensitivity-only index""),",reviewed result-affecting/algebraic literal
code/repro/make_parameter_ledger_sol.py,647,[0.66],"(""combined_high_threshold"", .66, ""index"", ""sensitivity-only index""),",reviewed result-affecting/algebraic literal
code/repro/make_parameter_ledger_sol.py,648,[150.0],"(""high_intensity_pathway"", 150.0, ""kg N ha-1"", ""default classification""),",reviewed result-affecting/algebraic literal
code/repro/make_parameter_ledger_sol.py,649,[0.7],"(""high_import_reliance"", .70, ""fraction"", ""default classification""),",reviewed result-affecting/algebraic literal
code/repro/make_parameter_ledger_sol.py,650,[25.0],"(""material_stake_floor"", 25.0, ""kg N ha-1"", ""default classification""),",reviewed result-affecting/algebraic literal
code/repro/make_parameter_ledger_sol.py,651,[50.0],"(""low_intensity_threshold"", 50.0, ""kg N ha-1"", ""default classification""),",reviewed result-affecting/algebraic literal
code/repro/make_parameter_ledger_sol.py,652,[0.3],"(""low_import_reliance"", .30, ""fraction"", ""default classification""),",reviewed result-affecting/algebraic literal
code/repro/make_parameter_ledger_sol.py,653,"[10.0, 25.0, 50.0]","(""stake_floor_sensitivity"", [10.0, 25.0, 50.0], ""kg N ha-1"",",reviewed result-affecting/algebraic literal
code/repro/make_parameter_ledger_sol.py,655,[3.0],"(""reexport_ratio_flag"", 3.0, ""ratio"", ""re-export QA flag""),",reviewed result-affecting/algebraic literal
code/repro/make_parameter_ledger_sol.py,656,[50000.0],"(""reexport_trade_floor"", 50000.0, ""t N"", ""re-export QA flag""),",reviewed result-affecting/algebraic literal
code/repro/make_parameter_ledger_sol.py,657,[10000.0],"(""reexport_consumption_floor"", 10000.0, ""t N"", ""re-export QA flag""),",reviewed result-affecting/algebraic literal
code/repro/make_parameter_ledger_sol.py,658,[1000.0],"(""FAOSTAT land-unit conversion"", 1000.0, ""ha per 1000 ha"",",reviewed result-affecting/algebraic literal
code/repro/make_parameter_ledger_sol.py,660,[0.1],"(""buffer country minimum cropland"", .1, ""Mha"", ""country eligibility""),",reviewed result-affecting/algebraic literal
code/repro/make_parameter_ledger_sol.py,661,"[1, 3, 2, 3]","(""buffer quantile cutoffs"", [1/3, 2/3], ""country quantiles"",",reviewed result-affecting/algebraic literal
code/repro/make_parameter_ledger_sol.py,663,"[0.3, 0.4, 1, 3]","(""buffer quantile sensitivity"", [.30, 1/3, .40], ""country quantiles"",",reviewed result-affecting/algebraic literal
code/repro/make_parameter_ledger_sol.py,700,[1],source_line = lines[line_no - 1].strip(),reviewed result-affecting/algebraic literal
code/repro/make_parameter_ledger_sol.py,719,[0],"handle, fieldnames=list(records[0]), lineterminator=""\n""",reviewed result-affecting/algebraic literal
code/repro/make_parameter_ledger_sol.py,746,"[1, 0]","counts[record[""group""]] = counts.get(record[""group""], 0) + 1",reviewed result-affecting/algebraic literal
code/repro/make_sc_trajectories.py,8,[0],"HERE=os.path.dirname(os.path.abspath(__file__)); sys.path.insert(0, os.path.join(HERE,'..','model'))",reviewed result-affecting/algebraic literal
code/repro/make_sc_trajectories.py,21,"[0, 31]","years=list(range(0,31)); traj={}",reviewed result-affecting/algebraic literal
code/repro/make_sc_trajectories.py,24,[30.0],"df=CoupledMonthlyModel(region=regions[rk],econ=econ,region_key=rk,t_max=30.0,",reviewed result-affecting/algebraic literal
code/repro/make_sc_trajectories.py,26,"[100, 1, 0]",traj[rk]=[float((1-df[df['year']==y]['yield_fraction'].iloc[0])*100) for y in years],reviewed result-affecting/algebraic literal
code/repro/make_sc_trajectories.py,27,"[0, 0]",ybase.append(float(df[df['year']==0]['yield_tha'].iloc[0])),reviewed result-affecting/algebraic literal
code/repro/make_sc_trajectories.py,30,[3],"for i,y in enumerate(years): w.writerow([y]+[round(traj[k][i],3) for k in RO])",reviewed result-affecting/algebraic literal
code/repro/make_sc_trajectories.py,32,[10],"g10=sum(traj[k][10]*W[j] for j,k in enumerate(RO))",reviewed result-affecting/algebraic literal
code/repro/make_scenario_trajectories.py,7,[0],"HERE=os.path.dirname(os.path.abspath(__file__)); sys.path.insert(0, os.path.join(HERE,'..','model'))",reviewed result-affecting/algebraic literal
code/repro/make_scenario_trajectories.py,21,[30.0],"df=CoupledMonthlyModel(region=reg[k],econ=econ,region_key=k,t_max=30.0,yield_max_override=get_calibrated_ym(k,mp)).run()",reviewed result-affecting/algebraic literal
code/repro/make_scenario_trajectories.py,22,"[100, 31, 1, 0]",per[k]=[float((1-df[df['year']==y]['yield_fraction'].iloc[0])*100) for y in range(31)],reviewed result-affecting/algebraic literal
code/repro/make_scenario_trajectories.py,23,"[0, 0]",yb.append(float(df[df['year']==0]['yield_tha'].iloc[0])),reviewed result-affecting/algebraic literal
code/repro/make_scenario_trajectories.py,25,[31],"g=[sum(per[k][y]*W[j] for j,k in enumerate(RO)) for y in range(31)]",reviewed result-affecting/algebraic literal
code/repro/make_scenario_trajectories.py,27,[0.2],s3=get_scenario_params()['S3']; s3.fert_price_shock=calibrate_price_shock(0.20),reviewed result-affecting/algebraic literal
code/repro/make_scenario_trajectories.py,33,[31],for y in range(31):,reviewed result-affecting/algebraic literal
code/repro/make_scenario_trajectories.py,34,"[3, 3, 3, 3]","w.writerow([y,round(g3[y],3),round(g1[y],3),round(g2[y],3)]+[round(p3[k][y],3) for k in RO])",reviewed result-affecting/algebraic literal
code/repro/make_scenario_trajectories.py,35,"[10, 30, 10, 10]","print('scenario_trajectories.csv: S3 yr10/30 = %.2f / %.2f ; SC1 yr10 = %.2f ; SC2 yr10 = %.2f'%(g3[10],g3[30],g1[10],g2[10]))",reviewed result-affecting/algebraic literal
code/repro/make_table_s3.py,8,[0],"import sys; sys.path.insert(0, os.path.join(HERE,'..','model'))",reviewed result-affecting/algebraic literal
code/repro/make_table_s3.py,21,[0],"sp=lambda x,y: stats.spearmanr(x,y)[0]",reviewed result-affecting/algebraic literal
code/repro/make_table_s3.py,26,"[2, 2]","print('%-34s %+8.2f %+8.2f'%(name,r1,r10)); out.append((name,round(r1,2),round(r10,2)))",reviewed result-affecting/algebraic literal
code/repro/make_table_s4_sol.py,10,[0],"sys.path.insert(0, str(HERE.parent / ""model""))",reviewed result-affecting/algebraic literal
code/repro/make_table_s4_sol.py,36,[5],"current = run_model(key, n_years=5, yield_max_override=ym, p=mp)",reviewed result-affecting/algebraic literal
code/repro/make_table_s4_sol.py,37,"[0.0, 5]","no_n = run_model(key, synth_n=0.0, n_years=5,",reviewed result-affecting/algebraic literal
code/repro/make_table_s4_sol.py,39,[2],"y0 = float(no_n[""yield_tha""][2])",reviewed result-affecting/algebraic literal
code/repro/make_table_s4_sol.py,40,[2],"ycur = float(current[""yield_tha""][2])",reviewed result-affecting/algebraic literal
code/repro/make_table_s4_sol.py,41,[2],"n_no = float(no_n[""n_uptake""][2])",reviewed result-affecting/algebraic literal
code/repro/make_table_s4_sol.py,43,"[17, 18, 400.0]",x = [n_no + (400.0 - n_no) * i / 17 for i in range(18)],reviewed result-affecting/algebraic literal
code/repro/make_table_s4_sol.py,47,"[5, 0.0]","key, synth_n=max(0.0, total_n - n_no), n_years=5,",reviewed result-affecting/algebraic literal
code/repro/make_table_s4_sol.py,49,[2],"ys.append(float(sim[""yield_tha""][2]))",reviewed result-affecting/algebraic literal
code/repro/make_table_s4_sol.py,64,[1],"json.dumps(curves, indent=1) + ""\n"")",reviewed result-affecting/algebraic literal
code/repro/make_table_s4_sol.py,68,[0],"writer = csv.DictWriter(handle, fieldnames=list(rows[0]))",reviewed result-affecting/algebraic literal
code/repro/make_table_s4_sol.py,72,[0],return 0,reviewed result-affecting/algebraic literal
code/repro/run_canonical.py,28,[0],"sys.path.insert(0, MODEL)",reviewed result-affecting/algebraic literal
code/repro/run_canonical.py,47,[0.2],s3.fert_price_shock = calibrate_price_shock(0.20)   # 100% price spike calibration,reviewed result-affecting/algebraic literal
code/repro/run_canonical.py,52,[30.0],"t_max=30.0, yield_max_override=ym).run()",reviewed result-affecting/algebraic literal
code/repro/run_canonical.py,53,"[0, 0]",y0 = df[df['year'] == 0].iloc[0],reviewed result-affecting/algebraic literal
code/repro/run_canonical.py,54,"[100, 1, 0]",loss = lambda yr: float((1 - df[df['year'] == yr]['yield_fraction'].iloc[0]) * 100),reviewed result-affecting/algebraic literal
code/repro/run_canonical.py,64,"[1, 10, 30]","loss_yr1=loss(1), loss_yr10=loss(10), loss_yr30=loss(30),",reviewed result-affecting/algebraic literal
code/repro/run_canonical.py,65,"[1, 100]","buffer_ratio_pct=round(nmin0 / total_n * 100, 1),",reviewed result-affecting/algebraic literal
code/repro/run_canonical.py,75,[0],"f, fieldnames=list(rows[0].keys()), lineterminator=""\n""",reviewed result-affecting/algebraic literal
code/repro/run_canonical.py,80,"[2, 1, 10, 30]","gl = {y: round(float((np.array([x[f'loss_yr{y}'] for x in rows]) * W).sum()), 2) for y in (1, 10, 30)}",reviewed result-affecting/algebraic literal
code/repro/run_canonical.py,82,[1],"open(os.path.join(DATA, 'canonical_ERA5_y30.json'), 'w'), indent=1)",reviewed result-affecting/algebraic literal
code/repro/run_canonical.py,85,"[1, 10, 30]","f.write(""year 1 : %.2f\nyear 10: %.2f\nyear 30: %.2f\n"" % (gl[1], gl[10], gl[30]))",reviewed result-affecting/algebraic literal
code/repro/run_canonical.py,86,"[1, 10, 30]","print(""Global production-weighted S3 loss  yr1/yr10/yr30 = %.2f / %.2f / %.2f %%"" % (gl[1], gl[10], gl[30]))",reviewed result-affecting/algebraic literal
code/repro/run_mc_ensemble.py,82,[0],"sys.path.insert(0, str(MODEL_DIR))",reviewed result-affecting/algebraic literal
code/repro/run_mc_ensemble.py,83,[0],"sys.path.insert(0, str(MODEL_DIR / 'scripts'))",reviewed result-affecting/algebraic literal
code/repro/run_mc_ensemble.py,124,"[50, 100, 150]","SOC_LEVELS = [50, 100, 150]",reviewed result-affecting/algebraic literal
code/repro/run_mc_ensemble.py,127,[1.0],PRICE_SHOCK_FRAC_BASE = 1.0,reviewed result-affecting/algebraic literal
code/repro/run_mc_ensemble.py,132,"[0.75, 0.075]","'max_uptake_frac':      dict(kind='truncnorm', mean=0.75, sd=0.075,",reviewed result-affecting/algebraic literal
code/repro/run_mc_ensemble.py,133,"[0.6, 0.9]","lo=0.60, hi=0.90, mode='absolute'),",reviewed result-affecting/algebraic literal
code/repro/run_mc_ensemble.py,135,"[1.0, 0.15]","'mitscherlich_c_mult':  dict(kind='truncnorm', mean=1.0,  sd=0.15,",reviewed result-affecting/algebraic literal
code/repro/run_mc_ensemble.py,136,"[0.7, 1.3]","lo=0.70, hi=1.30, mode='multiplier'),",reviewed result-affecting/algebraic literal
code/repro/run_mc_ensemble.py,137,"[1.0, 0.2]","'k_slow_mult':          dict(kind='truncnorm', mean=1.0,  sd=0.20,",reviewed result-affecting/algebraic literal
code/repro/run_mc_ensemble.py,138,"[0.6, 1.4]","lo=0.60, hi=1.40, mode='multiplier'),",reviewed result-affecting/algebraic literal
code/repro/run_mc_ensemble.py,139,"[1.0, 0.3]","'cre_regional_mult':    dict(kind='truncnorm', mean=1.0,  sd=0.30,",reviewed result-affecting/algebraic literal
code/repro/run_mc_ensemble.py,140,"[0.4, 1.8]","lo=0.40, hi=1.80, mode='multiplier'),",reviewed result-affecting/algebraic literal
code/repro/run_mc_ensemble.py,141,"[1.0, 0.1]","'residue_retention_mult':dict(kind='truncnorm', mean=1.0,  sd=0.10,",reviewed result-affecting/algebraic literal
code/repro/run_mc_ensemble.py,142,"[0.8, 1.15]","lo=0.80, hi=1.15, mode='multiplier'),",reviewed result-affecting/algebraic literal
code/repro/run_mc_ensemble.py,143,"[1.0, 0.3]","'eps_F_PF_mult':        dict(kind='truncnorm', mean=1.0,  sd=0.30,",reviewed result-affecting/algebraic literal
code/repro/run_mc_ensemble.py,144,"[0.5, 1.5]","lo=0.50, hi=1.50, mode='multiplier'),",reviewed result-affecting/algebraic literal
code/repro/run_mc_ensemble.py,145,"[1.0, 0.25]","'eta_mult':             dict(kind='truncnorm', mean=1.0,  sd=0.25,",reviewed result-affecting/algebraic literal
code/repro/run_mc_ensemble.py,146,"[0.6, 1.4]","lo=0.60, hi=1.40, mode='multiplier'),",reviewed result-affecting/algebraic literal
code/repro/run_mc_ensemble.py,147,"[1.0, 0.25]","'fert_price_shock_mult':dict(kind='truncnorm', mean=1.0,  sd=0.25,",reviewed result-affecting/algebraic literal
code/repro/run_mc_ensemble.py,148,"[0.5, 1.5]","lo=0.50, hi=1.50, mode='multiplier'),",reviewed result-affecting/algebraic literal
code/repro/run_mc_ensemble.py,198,"[1, 1e-06]","PF_hat = np.log(1 + max(shock, 1e-6))",reviewed result-affecting/algebraic literal
code/repro/run_mc_ensemble.py,213,"[0.0, 1.0]","region_central.residue_retention * res_ret_mult, 0.0, 1.0))",reviewed result-affecting/algebraic literal
code/repro/run_mc_ensemble.py,214,[0],if region.mitscherlich_c_regional > 0:,reviewed result-affecting/algebraic literal
code/repro/run_mc_ensemble.py,218,[0],if region.cre_regional > 0:,reviewed result-affecting/algebraic literal
code/repro/run_mc_ensemble.py,220,"[0.01, 0.99]","region_central.cre_regional * cre_mult, 0.01, 0.99))",reviewed result-affecting/algebraic literal
code/repro/run_mc_ensemble.py,265,[0.3],"eps_F_PF = rp.get('eps_F_PF', -0.30) * eps_F_PF_mult",reviewed result-affecting/algebraic literal
code/repro/run_mc_ensemble.py,266,[0.1],"eps_F_PY = rp.get('eps_F_PY', 0.10)",reviewed result-affecting/algebraic literal
code/repro/run_mc_ensemble.py,267,[0.45],"eta = rp.get('eta', -0.45) * eta_mult",reviewed result-affecting/algebraic literal
code/repro/run_mc_ensemble.py,271,"[0.0, 1e-10]",if abs(denom) > 1e-10 else 0.0),reviewed result-affecting/algebraic literal
code/repro/run_mc_ensemble.py,273,[0.0],"F_shocked = max(0.0, region.synth_n_current * np.exp(F_hat))",reviewed result-affecting/algebraic literal
code/repro/run_mc_ensemble.py,281,[100.0],scale = soc_pct / 100.0,reviewed result-affecting/algebraic literal
code/repro/run_mc_ensemble.py,308,"[0.0, 0, 100, 1]",yield_pen = (1 - y_shock / y_base) * 100 if y_base > 0 else 0.0,reviewed result-affecting/algebraic literal
code/repro/run_mc_ensemble.py,314,[1],- F_shocked * pf_per_unit * (1 + shock)),reviewed result-affecting/algebraic literal
code/repro/run_mc_ensemble.py,315,"[100, 1]",profit_chg = ((profit_s / profit_b - 1) * 100,reviewed result-affecting/algebraic literal
code/repro/run_mc_ensemble.py,316,[1e-10],if abs(profit_b) > 1e-10 else np.nan),reviewed result-affecting/algebraic literal
code/repro/run_mc_ensemble.py,354,[2],"json.dump(ym, f, indent=2)",reviewed result-affecting/algebraic literal
code/repro/run_mc_ensemble.py,379,[0],"start: int = 0, end: int = None,",reviewed result-affecting/algebraic literal
code/repro/run_mc_ensemble.py,380,[1],n_workers: int = 1) -> pd.DataFrame:,reviewed result-affecting/algebraic literal
code/repro/run_mc_ensemble.py,394,[0],n_done = 0,reviewed result-affecting/algebraic literal
code/repro/run_mc_ensemble.py,396,[1],if n_workers <= 1:,reviewed result-affecting/algebraic literal
code/repro/run_mc_ensemble.py,411,[1],n_done += 1,reviewed result-affecting/algebraic literal
code/repro/run_mc_ensemble.py,412,"[0, 1, 10]","if n_done % max(1, len(tasks) // 10) == 0:",reviewed result-affecting/algebraic literal
code/repro/run_mc_ensemble.py,420,[1],"_worker_eval, tasks, chunksize=1):",reviewed result-affecting/algebraic literal
code/repro/run_mc_ensemble.py,425,[1],n_done += 1,reviewed result-affecting/algebraic literal
code/repro/run_mc_ensemble.py,426,"[0, 1, 10]","if n_done % max(1, len(tasks) // 10) == 0:",reviewed result-affecting/algebraic literal
code/repro/run_mc_ensemble.py,433,[1],"f'({elapsed/max(n_done,1):.2f}s/draw).')",reviewed result-affecting/algebraic literal
code/repro/run_mc_ensemble.py,451,[0],if len(sub) == 0:,reviewed result-affecting/algebraic literal
code/repro/run_mc_ensemble.py,455,"[5, 25, 50, 75, 95]","q = np.percentile(vals, [5, 25, 50, 75, 95])",reviewed result-affecting/algebraic literal
code/repro/run_mc_ensemble.py,459,"[2, 1, 3]","median=q[2], q25=q[1], q75=q[3],",reviewed result-affecting/algebraic literal
code/repro/run_mc_ensemble.py,460,"[0, 4]","p5=q[0], p95=q[4], mean=vals.mean(), sd=vals.std(),",reviewed result-affecting/algebraic literal
code/repro/run_mc_ensemble.py,471,[50],s50 = df[(df['region'] == rn) & (df['soc_pct'] == 50)].set_index('draw')['yield_pen'],reviewed result-affecting/algebraic literal
code/repro/run_mc_ensemble.py,472,[150],s150 = df[(df['region'] == rn) & (df['soc_pct'] == 150)].set_index('draw')['yield_pen'],reviewed result-affecting/algebraic literal
code/repro/run_mc_ensemble.py,474,[0],if len(common) == 0:,reviewed result-affecting/algebraic literal
code/repro/run_mc_ensemble.py,477,[0],p_yield = float((diff > 0).mean()),reviewed result-affecting/algebraic literal
code/repro/run_mc_ensemble.py,485,[50],s50 = df[(df['region'] == rn) & (df['soc_pct'] == 50)].set_index('draw')['profit_chg'],reviewed result-affecting/algebraic literal
code/repro/run_mc_ensemble.py,486,[150],s150 = df[(df['region'] == rn) & (df['soc_pct'] == 150)].set_index('draw')['profit_chg'],reviewed result-affecting/algebraic literal
code/repro/run_mc_ensemble.py,488,[0],if len(common) == 0:,reviewed result-affecting/algebraic literal
code/repro/run_mc_ensemble.py,491,[0],p_margin = float((diff > 0).mean()),reviewed result-affecting/algebraic literal
code/repro/run_mc_ensemble.py,498,[100],by_draw_region = (df[df['soc_pct'] == 100],reviewed result-affecting/algebraic literal
code/repro/run_mc_ensemble.py,501,[1],ssa_top = (by_draw_region.idxmax(axis=1) == 'sub_saharan_africa').mean(),reviewed result-affecting/algebraic literal
code/repro/run_mc_ensemble.py,508,[100],by_draw_region_p = (df[df['soc_pct'] == 100],reviewed result-affecting/algebraic literal
code/repro/run_mc_ensemble.py,511,[1],ssa_worst = (by_draw_region_p.idxmin(axis=1) == 'sub_saharan_africa').mean(),reviewed result-affecting/algebraic literal
code/repro/run_mc_ensemble.py,520,[50],s50 = df[(df['region'] == rn) & (df['soc_pct'] == 50)].set_index('draw')['yield_pen'],reviewed result-affecting/algebraic literal
code/repro/run_mc_ensemble.py,521,[150],s150 = df[(df['region'] == rn) & (df['soc_pct'] == 150)].set_index('draw')['yield_pen'],reviewed result-affecting/algebraic literal
code/repro/run_mc_ensemble.py,523,[0],if len(common) == 0:,reviewed result-affecting/algebraic literal
code/repro/run_mc_ensemble.py,528,[1],"bufs_df = pd.concat(bufs, axis=1)",reviewed result-affecting/algebraic literal
code/repro/run_mc_ensemble.py,529,"[1, 1.0]",all_pos = (bufs_df > 1.0).all(axis=1).mean(),reviewed result-affecting/algebraic literal
code/repro/run_mc_ensemble.py,535,[1],median_buf_per_draw = bufs_df.median(axis=1),reviewed result-affecting/algebraic literal
code/repro/run_mc_ensemble.py,544,[100],pivot100 = (df[df['soc_pct'] == 100],reviewed result-affecting/algebraic literal
code/repro/run_mc_ensemble.py,548,"[5, 25, 50, 75, 95]","q = np.percentile(glob, [5, 25, 50, 75, 95])",reviewed result-affecting/algebraic literal
code/repro/run_mc_ensemble.py,551,[2],"value=float(q[2]), n=len(glob),",reviewed result-affecting/algebraic literal
code/repro/run_mc_ensemble.py,555,"[4, 0]","value=float(q[4] - q[0]), n=len(glob),",reviewed result-affecting/algebraic literal
code/repro/run_mc_ensemble.py,563,[70],lines.append('=' * 70),reviewed result-affecting/algebraic literal
code/repro/run_mc_ensemble.py,566,[70],lines.append('-' * 70),reviewed result-affecting/algebraic literal
code/repro/run_mc_ensemble.py,572,[0],if len(r) == 0:,reviewed result-affecting/algebraic literal
code/repro/run_mc_ensemble.py,574,[0],r = r.iloc[0],reviewed result-affecting/algebraic literal
code/repro/run_mc_ensemble.py,579,[70],lines.append('-' * 70),reviewed result-affecting/algebraic literal
code/repro/run_mc_ensemble.py,581,[100],r = summary[(summary['region'] == rn) & (summary['soc_pct'] == 100),reviewed result-affecting/algebraic literal
code/repro/run_mc_ensemble.py,583,[0],if len(r) == 0:,reviewed result-affecting/algebraic literal
code/repro/run_mc_ensemble.py,585,[0],r = r.iloc[0],reviewed result-affecting/algebraic literal
code/repro/run_mc_ensemble.py,590,[70],lines.append('-' * 70),reviewed result-affecting/algebraic literal
code/repro/run_mc_ensemble.py,602,[1000],"ap.add_argument('--n', type=int, default=1000, help='total number of MC draws (defines the prior sample)')",reviewed result-affecting/algebraic literal
code/repro/run_mc_ensemble.py,603,[20260424],"ap.add_argument('--seed', type=int, default=20260424, help='RNG seed')",reviewed result-affecting/algebraic literal
code/repro/run_mc_ensemble.py,605,[0],"ap.add_argument('--start', type=int, default=0, help='inclusive start index for chunked runs')",reviewed result-affecting/algebraic literal
code/repro/run_mc_ensemble.py,609,[1],"ap.add_argument('--workers', type=int, default=1, help='multiprocessing workers')",reviewed result-affecting/algebraic literal
code/repro/run_mc_ensemble.py,630,[1],"n_workers=max(1, args.workers))",reviewed result-affecting/algebraic literal
code/repro/run_mc_ensemble.py,650,[2],"f, indent=2)",reviewed result-affecting/algebraic literal
code/repro/run_price_shock_analysis.py,43,[0],"sys.path.insert(0, os.path.join(HERE, '..', 'model'))",reviewed result-affecting/algebraic literal
code/repro/run_price_shock_analysis.py,77,"[10, 205, 5]","FINE_SOC_PCTS = list(range(10, 205, 5))       # Figure 1, step 5",reviewed result-affecting/algebraic literal
code/repro/run_price_shock_analysis.py,78,"[10, 205, 10]","GRADIENT_SOC_PCTS = list(range(10, 205, 10))  # Figure 2a, step 10",reviewed result-affecting/algebraic literal
code/repro/run_price_shock_analysis.py,79,[1.0],PRICE_SHOCK_FINE = 1.0                        # 100% fertilizer price spike,reviewed result-affecting/algebraic literal
code/repro/run_price_shock_analysis.py,80,[10],T_MAX_GRADIENT = 10,reviewed result-affecting/algebraic literal
code/repro/run_price_shock_analysis.py,116,[100.0],scale = soc_pct / 100.0,reviewed result-affecting/algebraic literal
code/repro/run_price_shock_analysis.py,130,[0],if price_shock_frac <= 0:,reviewed result-affecting/algebraic literal
code/repro/run_price_shock_analysis.py,131,"[0.0, 0.0, 0.0]","return dict(yield_pen=0.0, fert_red=0.0, margin_chg=0.0,",reviewed result-affecting/algebraic literal
code/repro/run_price_shock_analysis.py,134,[0.0],"y_shock=y_base_soc, PY_hat=0.0)",reviewed result-affecting/algebraic literal
code/repro/run_price_shock_analysis.py,136,[0.2],"eps_F_PF = rp.get('eps_F_PF', -0.20)",reviewed result-affecting/algebraic literal
code/repro/run_price_shock_analysis.py,137,[0.1],"eps_F_PY = rp.get('eps_F_PY', 0.10)",reviewed result-affecting/algebraic literal
code/repro/run_price_shock_analysis.py,138,[0.3],"eta = rp.get('eta', -0.30)",reviewed result-affecting/algebraic literal
code/repro/run_price_shock_analysis.py,139,[1],PF_hat = np.log(1 + price_shock_frac),reviewed result-affecting/algebraic literal
code/repro/run_price_shock_analysis.py,143,"[0.0, 1e-10]",if abs(denom) > 1e-10 else 0.0),reviewed result-affecting/algebraic literal
code/repro/run_price_shock_analysis.py,145,[0.0],"F_shocked = max(0.0, base_fert * np.exp(F_hat))",reviewed result-affecting/algebraic literal
code/repro/run_price_shock_analysis.py,149,"[0.0, 0, 100, 1]",yield_pen = (1 - y_shock / y_base_soc) * 100 if y_base_soc > 0 else 0.0,reviewed result-affecting/algebraic literal
code/repro/run_price_shock_analysis.py,150,"[0.0, 0, 100, 1]",fert_red = (1 - F_shocked / base_fert) * 100 if base_fert > 0 else 0.0,reviewed result-affecting/algebraic literal
code/repro/run_price_shock_analysis.py,157,[1],- F_shocked * pf_per_unit * (1 + price_shock_frac)),reviewed result-affecting/algebraic literal
code/repro/run_price_shock_analysis.py,158,"[100, 1]",margin_chg = ((margin_s / margin_b - 1) * 100,reviewed result-affecting/algebraic literal
code/repro/run_price_shock_analysis.py,159,"[0.0, 1e-10]",if abs(margin_b) > 1e-10 else 0.0),reviewed result-affecting/algebraic literal
code/repro/run_price_shock_analysis.py,180,[50],i50 = FINE_SOC_PCTS.index(50),reviewed result-affecting/algebraic literal
code/repro/run_price_shock_analysis.py,181,[100],i100 = FINE_SOC_PCTS.index(100),reviewed result-affecting/algebraic literal
code/repro/run_price_shock_analysis.py,182,[200],i200 = FINE_SOC_PCTS.index(200),reviewed result-affecting/algebraic literal
code/repro/run_price_shock_analysis.py,207,"[0.0, 0.0, 0.0]","econ_ref = EconParams(fert_price_shock=0.0, eps_F_PY=0.0, eps_F_N=0.0,",reviewed result-affecting/algebraic literal
code/repro/run_price_shock_analysis.py,208,"[0.0, 0.0, 0.0]","eps_LD_PL=0.0, eps_LD_PY=0.0, eps_LS_PL=0.0)",reviewed result-affecting/algebraic literal
code/repro/run_price_shock_analysis.py,213,[0],'yield_tha'].iloc[0],reviewed result-affecting/algebraic literal
code/repro/run_price_shock_analysis.py,220,[100.0],scale = soc_pct / 100.0,reviewed result-affecting/algebraic literal
code/repro/run_price_shock_analysis.py,229,[0],"y_s = df_s.loc[df_s['year'] == T_MAX_GRADIENT, 'yield_tha'].iloc[0]",reviewed result-affecting/algebraic literal
code/repro/run_price_shock_analysis.py,232,[0.0],econ_ns.fert_price_shock = 0.0,reviewed result-affecting/algebraic literal
code/repro/run_price_shock_analysis.py,240,[0],"y_n = df_n.loc[df_n['year'] == T_MAX_GRADIENT, 'yield_tha'].iloc[0]",reviewed result-affecting/algebraic literal
code/repro/run_price_shock_analysis.py,244,"[0.0, 0, 100, 1]",float((1 - y_s / ref_yield) * 100) if ref_yield > 0 else 0.0),reviewed result-affecting/algebraic literal
code/repro/run_price_shock_analysis.py,246,"[0.0, 0, 100, 1]",float((1 - y_s / y_n) * 100) if y_n > 0 else 0.0),reviewed result-affecting/algebraic literal
code/repro/run_price_shock_analysis.py,252,[0],"% (rn, -rec['ctrl_penalty'][0],",reviewed result-affecting/algebraic literal
code/repro/run_price_shock_analysis.py,253,[100],"-rec['ctrl_penalty'][GRADIENT_SOC_PCTS.index(100)],",reviewed result-affecting/algebraic literal
code/repro/run_price_shock_analysis.py,254,[1],-rec['ctrl_penalty'][-1])),reviewed result-affecting/algebraic literal
code/repro/run_price_shock_analysis.py,287,[1],indent=1),reviewed result-affecting/algebraic literal
code/repro/run_price_shock_analysis.py,294,[1],indent=1),reviewed result-affecting/algebraic literal
code/repro/run_structural_sensitivity_sol.py,11,[0],"sys.path.insert(0, str(HERE.parent / ""model""))",reviewed result-affecting/algebraic literal
code/repro/run_structural_sensitivity_sol.py,44,[30],"region=region, econ=scenario, region_key=key, t_max=30,",reviewed result-affecting/algebraic literal
code/repro/run_structural_sensitivity_sol.py,48,"[0, 0]","frame.loc[frame.year == 0, ""yield_tha""].iloc[0]),",reviewed result-affecting/algebraic literal
code/repro/run_structural_sensitivity_sol.py,49,"[100, 1]","""loss10"": 100 * (1 - float(",reviewed result-affecting/algebraic literal
code/repro/run_structural_sensitivity_sol.py,50,"[0, 10]","frame.loc[frame.year == 10, ""yield_fraction""].iloc[0])),",reviewed result-affecting/algebraic literal
code/repro/run_structural_sensitivity_sol.py,51,"[100, 1]","""loss30"": 100 * (1 - float(",reviewed result-affecting/algebraic literal
code/repro/run_structural_sensitivity_sol.py,52,"[0, 30]","frame.loc[frame.year == 30, ""yield_fraction""].iloc[0])),",reviewed result-affecting/algebraic literal
code/repro/run_structural_sensitivity_sol.py,77,"[3, 3]","print(whc, eps_n, round(loss10, 3), round(loss30, 3))",reviewed result-affecting/algebraic literal
code/repro/run_structural_sensitivity_sol.py,80,[0],"writer = csv.DictWriter(handle, fieldnames=list(rows[0]))",reviewed result-affecting/algebraic literal
code/repro/run_structural_sensitivity_sol.py,89,[1.2],"(""south_asia"", ""market_replacement"", 1.20),",reviewed result-affecting/algebraic literal
code/repro/run_structural_sensitivity_sol.py,91,[2.3],"(""sub_saharan_africa"", ""audited_retail"", 2.30),",reviewed result-affecting/algebraic literal
code/repro/run_structural_sensitivity_sol.py,92,[1.4],"(""sub_saharan_africa"", ""old_SI_price"", 1.40),",reviewed result-affecting/algebraic literal
code/repro/run_structural_sensitivity_sol.py,101,"[50, 100]","for soc_pct in (50, 100):",reviewed result-affecting/algebraic literal
code/repro/run_structural_sensitivity_sol.py,103,[1.0],"region, region_key, ym, mp, soc_pct, 1.0)",reviewed result-affecting/algebraic literal
code/repro/run_structural_sensitivity_sol.py,114,[0],"writer = csv.DictWriter(handle, fieldnames=list(price_rows[0]))",reviewed result-affecting/algebraic literal
code/repro/run_structural_sensitivity_sol.py,118,[0],return 0,reviewed result-affecting/algebraic literal
code/repro/test_cap_market_clearing.py,23,[0],"sys.path.insert(0, os.path.join(HERE, '..', 'model'))",reviewed result-affecting/algebraic literal
code/repro/test_cap_market_clearing.py,33,[1e-06],TOL = 1e-6,reviewed result-affecting/algebraic literal
code/repro/test_cap_market_clearing.py,46,[0.0],worst = 0.0,reviewed result-affecting/algebraic literal
code/repro/test_cap_market_clearing.py,51,[30.0],"t_max=30.0, yield_max_override=get_calibrated_ym(rk, mp))",reviewed result-affecting/algebraic literal
code/repro/test_cap_market_clearing.py,53,"[100, 1, 0]",per[rk] = {y: float((1 - df[df['year'] == y]['yield_fraction'].iloc[0]) * 100),reviewed result-affecting/algebraic literal
code/repro/test_cap_market_clearing.py,54,"[1, 10, 30]","for y in (1, 10, 30)}",reviewed result-affecting/algebraic literal
code/repro/test_cap_market_clearing.py,55,"[0, 0]",yb.append(float(df[df['year'] == 0]['yield_tha'].iloc[0])),reviewed result-affecting/algebraic literal
code/repro/test_cap_market_clearing.py,63,"[1, 10, 30]","g = {y: float(sum(per[k][y] * W[j] for j, k in enumerate(RO))) for y in (1, 10, 30)}",reviewed result-affecting/algebraic literal
code/repro/test_cap_market_clearing.py,65,"[1, 10, 30]","% (name, g[1], g[10], g[30]))",reviewed result-affecting/algebraic literal
code/repro/test_cap_market_clearing.py,67,"[1, 10, 30]","print(""    %-22s %6.2f %6.2f %6.2f"" % (k, per[k][1], per[k][10], per[k][30]))",reviewed result-affecting/algebraic literal
code/repro/test_cap_market_clearing.py,70,"[0, 1]",return 0 if worst < TOL else 1,reviewed result-affecting/algebraic literal
code/repro/test_cross_document_consistency_sol.py,12,[2],ROOT = Path(__file__).resolve().parents[2],reviewed result-affecting/algebraic literal
code/repro/test_cross_document_consistency_sol.py,13,[1],SUBMISSION = ROOT.parents[1],reviewed result-affecting/algebraic literal
code/repro/test_cross_document_consistency_sol.py,88,"[0, 0]","if t.rows[0].cells[0].text.strip() == ""Region""",reviewed result-affecting/algebraic literal
code/repro/test_cross_document_consistency_sol.py,89,"[4, 0]","and ""y_max"" in t.rows[0].cells[4].text",reviewed result-affecting/algebraic literal
code/repro/test_cross_document_consistency_sol.py,96,[1],"labels, table_s4.rows[1:], table.itertuples(index=False)",reviewed result-affecting/algebraic literal
code/repro/test_cross_document_consistency_sol.py,98,[0],assert row.cells[0].text.strip() == label,reviewed result-affecting/algebraic literal
code/repro/test_cross_document_consistency_sol.py,99,"[0.01, 4]",assert abs(float(row.cells[4].text) - record.calibrated_y_max_t_ha) <= .01,reviewed result-affecting/algebraic literal
code/repro/test_cross_document_consistency_sol.py,101,[7],float(row.cells[7].text),reviewed result-affecting/algebraic literal
code/repro/test_cross_document_consistency_sol.py,103,[0.01],) <= .01,reviewed result-affecting/algebraic literal
code/repro/test_dimensional_consistency_sol.py,9,[0],"sys.path.insert(0, str(HERE.parent / ""model""))",reviewed result-affecting/algebraic literal
code/repro/test_dimensional_consistency_sol.py,25,[0],c: int = 0,reviewed result-affecting/algebraic literal
code/repro/test_dimensional_consistency_sol.py,26,[0],n: int = 0,reviewed result-affecting/algebraic literal
code/repro/test_dimensional_consistency_sol.py,27,[0],crop: int = 0,reviewed result-affecting/algebraic literal
code/repro/test_dimensional_consistency_sol.py,28,[0],area: int = 0,reviewed result-affecting/algebraic literal
code/repro/test_dimensional_consistency_sol.py,29,[0],money: int = 0,reviewed result-affecting/algebraic literal
code/repro/test_dimensional_consistency_sol.py,30,[0],time: int = 0,reviewed result-affecting/algebraic literal
code/repro/test_dimensional_consistency_sol.py,31,[0],length: int = 0,reviewed result-affecting/algebraic literal
code/repro/test_dimensional_consistency_sol.py,46,[1],C = Dim(c=1),reviewed result-affecting/algebraic literal
code/repro/test_dimensional_consistency_sol.py,47,[1],N = Dim(n=1),reviewed result-affecting/algebraic literal
code/repro/test_dimensional_consistency_sol.py,48,[1],CROP = Dim(crop=1),reviewed result-affecting/algebraic literal
code/repro/test_dimensional_consistency_sol.py,49,[1],AREA = Dim(area=1),reviewed result-affecting/algebraic literal
code/repro/test_dimensional_consistency_sol.py,50,[1],MONEY = Dim(money=1),reviewed result-affecting/algebraic literal
code/repro/test_dimensional_consistency_sol.py,51,[1],TIME = Dim(time=1),reviewed result-affecting/algebraic literal
code/repro/test_dimensional_consistency_sol.py,52,[1],LENGTH = Dim(length=1),reviewed result-affecting/algebraic literal
code/repro/test_dimensional_consistency_sol.py,57,"[0.01, 10000, 1.3, 0.3]",numeric_soc_factor = 1.3 * 0.30 * 10_000 * 0.01,reviewed result-affecting/algebraic literal
code/repro/test_dimensional_consistency_sol.py,58,[1e-12],assert abs(numeric_soc_factor - SOC_T_C_HA_PER_PERCENT_30CM) < 1e-12,reviewed result-affecting/algebraic literal
code/repro/test_dimensional_consistency_sol.py,70,[0],assert WHC_MM_PER_SOC_PCT_30CM > 0,reviewed result-affecting/algebraic literal
code/repro/test_dimensional_consistency_sol.py,71,[0],assert WATER_STRESS_SOFTPLUS_EPS_MM > 0,reviewed result-affecting/algebraic literal
code/repro/test_dimensional_consistency_sol.py,105,[0],assert nitrogen_price_in_yield_units(key) > 0,reviewed result-affecting/algebraic literal
code/repro/test_dimensional_consistency_sol.py,123,[0.0],assert all(r.yield_max_regional == 0.0,reviewed result-affecting/algebraic literal
code/repro/test_full_zero_shock_sol.py,9,[0],"sys.path.insert(0, str(HERE.parent / ""model""))",reviewed result-affecting/algebraic literal
code/repro/test_full_zero_shock_sol.py,28,[0.0],scenario.fert_price_shock = 0.0,reviewed result-affecting/algebraic literal
code/repro/test_full_zero_shock_sol.py,29,[1.0],scenario.fert_supply_ceiling = 1.0,reviewed result-affecting/algebraic literal
code/repro/test_full_zero_shock_sol.py,30,[0.0],worst = 0.0,reviewed result-affecting/algebraic literal
code/repro/test_full_zero_shock_sol.py,33,[30],"regions[key], scenario, region_key=key, t_max=30,",reviewed result-affecting/algebraic literal
code/repro/test_full_zero_shock_sol.py,35,[1.0],deviation = max(abs(frame.yield_fraction - 1.0)),reviewed result-affecting/algebraic literal
code/repro/test_full_zero_shock_sol.py,38,[0.001],"assert worst < 1e-3, worst",reviewed result-affecting/algebraic literal
code/repro/test_mc_robustness_sol.py,9,[0.95],THRESHOLD = 0.95,reviewed result-affecting/algebraic literal
code/repro/test_mc_robustness_sol.py,19,[1000],"assert frame[""draw""].nunique() == 1000",reviewed result-affecting/algebraic literal
code/repro/test_mc_robustness_sol.py,23,"[50, 150]","pivot[""buffer_positive""] = pivot[50] >= pivot[150]",reviewed result-affecting/algebraic literal
code/repro/test_mc_robustness_sol.py,29,[1],simultaneous = float(by_draw.all(axis=1).mean()),reviewed result-affecting/algebraic literal
code/repro/test_parameter_boundaries_sol.py,9,[0],"sys.path.insert(0, str(HERE.parent / ""model""))",reviewed result-affecting/algebraic literal
code/repro/test_parameter_boundaries_sol.py,42,"[1e-12, 1.0]",assert abs(som.f_active + som.f_slow + som.f_passive - 1.0) < 1e-12,reviewed result-affecting/algebraic literal
code/repro/test_parameter_boundaries_sol.py,43,"[0, 1]",assert 0 < som.k_active < 1,reviewed result-affecting/algebraic literal
code/repro/test_parameter_boundaries_sol.py,44,"[0, 1]",assert 0 < som.k_slow < 1,reviewed result-affecting/algebraic literal
code/repro/test_parameter_boundaries_sol.py,45,"[0, 1]",assert 0 < som.k_passive < 1,reviewed result-affecting/algebraic literal
code/repro/test_parameter_boundaries_sol.py,46,"[0, 1]",assert 0 <= som.h_active_to_slow <= 1,reviewed result-affecting/algebraic literal
code/repro/test_parameter_boundaries_sol.py,47,"[0, 1]",assert 0 <= som.h_slow_to_passive <= 1,reviewed result-affecting/algebraic literal
code/repro/test_parameter_boundaries_sol.py,48,"[1e-12, 1.0]",assert abs(feedback.cre_to_active + feedback.cre_to_slow - 1.0) < 1e-12,reviewed result-affecting/algebraic literal
code/repro/test_parameter_boundaries_sol.py,51,[0],assert crop.residue_grain_ratio >= 0,reviewed result-affecting/algebraic literal
code/repro/test_parameter_boundaries_sol.py,52,"[0, 1]",assert 0 < crop.residue_c_fraction < 1,reviewed result-affecting/algebraic literal
code/repro/test_parameter_boundaries_sol.py,53,"[0, 1]",assert 0 < crop.grain_n_fraction < 1,reviewed result-affecting/algebraic literal
code/repro/test_parameter_boundaries_sol.py,54,"[0, 1]",assert 0 < crop.harvest_index < 1,reviewed result-affecting/algebraic literal
code/repro/test_parameter_boundaries_sol.py,55,[0],assert monthly.q10 > 0,reviewed result-affecting/algebraic literal
code/repro/test_parameter_boundaries_sol.py,57,"[0, 1]",assert 0 <= monthly.moist_min <= 1,reviewed result-affecting/algebraic literal
code/repro/test_parameter_boundaries_sol.py,58,"[0, 1]",assert 0 <= monthly.moist_waterlog <= 1,reviewed result-affecting/algebraic literal
code/repro/test_parameter_boundaries_sol.py,59,"[0, 1]",assert 0 <= monthly.immob_frac <= 1,reviewed result-affecting/algebraic literal
code/repro/test_parameter_boundaries_sol.py,60,"[0, 1]",assert 0 <= monthly.max_uptake_frac <= 1,reviewed result-affecting/algebraic literal
code/repro/test_parameter_boundaries_sol.py,61,[0],assert monthly.min_n_pool >= 0,reviewed result-affecting/algebraic literal
code/repro/test_parameter_boundaries_sol.py,65,[0],assert region.soc_initial > 0,reviewed result-affecting/algebraic literal
code/repro/test_parameter_boundaries_sol.py,66,[0],assert region.cn_bulk > 0,reviewed result-affecting/algebraic literal
code/repro/test_parameter_boundaries_sol.py,67,[0],assert region.cropland_mha > 0,reviewed result-affecting/algebraic literal
code/repro/test_parameter_boundaries_sol.py,68,[0],assert region.synth_n_current >= 0,reviewed result-affecting/algebraic literal
code/repro/test_parameter_boundaries_sol.py,69,[0],assert region.atm_n_deposition >= 0,reviewed result-affecting/algebraic literal
code/repro/test_parameter_boundaries_sol.py,70,"[0, 1]",assert 0 <= region.residue_retention <= 1,reviewed result-affecting/algebraic literal
code/repro/test_parameter_boundaries_sol.py,71,"[0, 1]",assert 0 <= region.cre_regional <= 1,reviewed result-affecting/algebraic literal
code/repro/test_parameter_boundaries_sol.py,72,[0],assert region.root_shoot_c_ratio >= 0,reviewed result-affecting/algebraic literal
code/repro/test_parameter_boundaries_sol.py,73,[0],assert region.yield_min_regional >= 0,reviewed result-affecting/algebraic literal
code/repro/test_parameter_boundaries_sol.py,74,[0.0],assert region.yield_max_regional == 0.0,reviewed result-affecting/algebraic literal
code/repro/test_parameter_boundaries_sol.py,77,[12],assert len(climate.temp) == len(climate.precip) == len(climate.pet) == 12,reviewed result-affecting/algebraic literal
code/repro/test_parameter_boundaries_sol.py,79,[0],assert all(math.isfinite(x) and x >= 0 for x in climate.precip),reviewed result-affecting/algebraic literal
code/repro/test_parameter_boundaries_sol.py,80,[0],assert all(math.isfinite(x) and x >= 0 for x in climate.pet),reviewed result-affecting/algebraic literal
code/repro/test_parameter_boundaries_sol.py,81,"[1, 12]",assert 1 <= climate.planting_month <= 12,reviewed result-affecting/algebraic literal
code/repro/test_parameter_boundaries_sol.py,82,"[1, 12]",assert 1 <= climate.maturity_month <= 12,reviewed result-affecting/algebraic literal
code/repro/test_parameter_boundaries_sol.py,85,"[0, 1]","assert 0 <= component[""legume_frac""] < 1",reviewed result-affecting/algebraic literal
code/repro/test_parameter_boundaries_sol.py,86,[0],"assert component[""net_n_credit""] >= 0",reviewed result-affecting/algebraic literal
code/repro/test_parameter_boundaries_sol.py,87,[0],"assert component[""free_living_bnf""] >= 0",reviewed result-affecting/algebraic literal
code/repro/test_parameter_boundaries_sol.py,90,[1],"/ (1 - component[""legume_frac""])",reviewed result-affecting/algebraic literal
code/repro/test_parameter_boundaries_sol.py,93,[1e-12],assert abs(expected_bnf - BASELINE_BNF_KG_N_HA_YR[key]) < 1e-12,reviewed result-affecting/algebraic literal
code/repro/test_parameter_boundaries_sol.py,94,[1e-12],assert abs(region.bnf_potential - expected_bnf) < 1e-12,reviewed result-affecting/algebraic literal
code/repro/test_parameter_boundaries_sol.py,98,[0],"assert values[""eta""] < 0",reviewed result-affecting/algebraic literal
code/repro/test_parameter_boundaries_sol.py,99,[0],"assert values[""eps_F_PF""] < 0",reviewed result-affecting/algebraic literal
code/repro/test_parameter_boundaries_sol.py,100,[0],"assert values[""eps_F_PY""] >= 0",reviewed result-affecting/algebraic literal
code/repro/test_parameter_boundaries_sol.py,101,[0],"assert values[""eps_F_N""] <= 0",reviewed result-affecting/algebraic literal
code/repro/test_parameter_boundaries_sol.py,102,[0],"assert values[""alpha""] >= 0",reviewed result-affecting/algebraic literal
code/repro/test_parameter_boundaries_sol.py,103,[0],"assert values[""eps_LD_PL""] < 0",reviewed result-affecting/algebraic literal
code/repro/test_parameter_boundaries_sol.py,104,[0],"assert values[""eps_LD_PY""] >= 0",reviewed result-affecting/algebraic literal
code/repro/test_parameter_boundaries_sol.py,105,[0],"assert values[""eps_LS_PL""] > 0",reviewed result-affecting/algebraic literal
code/repro/test_parameter_boundaries_sol.py,106,[1e-10],"assert abs(values[""eps_LS_PL""] - values[""eps_LD_PL""]) > 1e-10",reviewed result-affecting/algebraic literal
code/repro/test_parameter_boundaries_sol.py,112,[0],assert scenario.fert_price_shock >= 0,reviewed result-affecting/algebraic literal
code/repro/test_parameter_boundaries_sol.py,113,"[0, 1]",assert 0 <= scenario.fert_supply_ceiling <= 1,reviewed result-affecting/algebraic literal
code/repro/test_parameter_boundaries_sol.py,114,[0],assert scenario.fert_capacity_recovery_years >= 0,reviewed result-affecting/algebraic literal
code/repro/test_parameter_boundaries_sol.py,120,"[1.0, 50.0]",assert 1.0 <= ym <= 50.0,reviewed result-affecting/algebraic literal
code/repro/test_parameter_boundaries_sol.py,122,[5],"key, n_years=5, yield_max_override=ym, p=monthly",reviewed result-affecting/algebraic literal
code/repro/test_parameter_boundaries_sol.py,124,[2],"actual = float(frame[""yield_tha""][2])",reviewed result-affecting/algebraic literal
code/repro/test_parameter_boundaries_sol.py,125,[0.011],"assert abs(actual - FAOSTAT_TARGETS[key]) <= 0.011, (",reviewed result-affecting/algebraic literal
code/repro/test_parameter_boundaries_sol.py,131,[0],assert price.nitrogen_usd_per_kg_n > 0,reviewed result-affecting/algebraic literal
code/repro/test_parameter_boundaries_sol.py,132,[0],assert price.crop_usd_per_t > 0,reviewed result-affecting/algebraic literal
code/repro/test_parameter_boundaries_sol.py,136,[5],"key, n_years=5, yield_max_override=ym, p=monthly",reviewed result-affecting/algebraic literal
code/repro/test_parameter_boundaries_sol.py,137,[2],")[""yield_tha""][2]",reviewed result-affecting/algebraic literal
code/repro/test_parameter_boundaries_sol.py,142,[0],assert net_crop_equivalent > 0,reviewed result-affecting/algebraic literal
code/repro/test_parameter_consistency_sol.py,8,[0],"sys.path.insert(0, str(HERE.parent / ""model""))",reviewed result-affecting/algebraic literal
code/repro/test_parameter_consistency_sol.py,17,[0.037],"""sub_saharan_africa"": 0.037,",reviewed result-affecting/algebraic literal
code/repro/test_parameter_consistency_sol.py,18,[0.153],"""south_asia"": 0.153,",reviewed result-affecting/algebraic literal
code/repro/test_parameter_consistency_sol.py,19,[0.047],"""latin_america"": 0.047,",reviewed result-affecting/algebraic literal
code/repro/test_parameter_consistency_sol.py,20,[0.06],"""north_america"": 0.060,",reviewed result-affecting/algebraic literal
code/repro/test_parameter_consistency_sol.py,28,"[1e-12, 3.48]",assert abs(WHC_MM_PER_SOC_PCT_30CM - 3.48) < 1e-12,reviewed result-affecting/algebraic literal
code/repro/test_parameter_consistency_sol.py,29,"[1e-12, 3.48]",assert all(abs(r.whc_sensitivity - 3.48) < 1e-12,reviewed result-affecting/algebraic literal
code/repro/test_parameter_consistency_sol.py,41,[0.001],"assert abs(got - expected) < 1e-3, (region, got, expected)",reviewed result-affecting/algebraic literal
code/repro/test_parameter_consistency_sol.py,63,[100],"print(f""  {region:22s} N-cost/revenue = {100*share:.2f}%"")",reviewed result-affecting/algebraic literal
code/repro/test_parameter_consistency_sol.py,64,[0],return 0,reviewed result-affecting/algebraic literal
code/repro/test_parameter_extremes_sol.py,13,[0],"sys.path.insert(0, str(HERE))",reviewed result-affecting/algebraic literal
code/repro/test_parameter_extremes_sol.py,14,[0],"sys.path.insert(0, str(HERE.parent / ""model""))",reviewed result-affecting/algebraic literal
code/repro/test_parameter_extremes_sol.py,40,[1e-09],TOL = 1e-9,reviewed result-affecting/algebraic literal
code/repro/test_parameter_extremes_sol.py,74,[50],"low = float(sub.loc[50, ""yield_pen""])",reviewed result-affecting/algebraic literal
code/repro/test_parameter_extremes_sol.py,75,[150],"high = float(sub.loc[150, ""yield_pen""])",reviewed result-affecting/algebraic literal
code/repro/test_parameter_extremes_sol.py,80,[1],"""case"": case, ""region"": key, ""horizon_year"": 1,",reviewed result-affecting/algebraic literal
code/repro/test_parameter_extremes_sol.py,116,"[50, 150]","for soc_pct in (50, 150):",reviewed result-affecting/algebraic literal
code/repro/test_parameter_extremes_sol.py,117,[100.0],scale = soc_pct / 100.0,reviewed result-affecting/algebraic literal
code/repro/test_parameter_extremes_sol.py,121,[0.0],no_shock.fert_price_shock = 0.0,reviewed result-affecting/algebraic literal
code/repro/test_parameter_extremes_sol.py,125,[10],"region, econ, region_key=key, t_max=10,",reviewed result-affecting/algebraic literal
code/repro/test_parameter_extremes_sol.py,136,"[0, 10]","frame.loc[frame.year == 10, ""yield_tha""].iloc[0]",reviewed result-affecting/algebraic literal
code/repro/test_parameter_extremes_sol.py,139,[0],assert control > 0,reviewed result-affecting/algebraic literal
code/repro/test_parameter_extremes_sol.py,140,"[100.0, 1.0]",losses[soc_pct] = 100.0 * (1.0 - shocked / control),reviewed result-affecting/algebraic literal
code/repro/test_parameter_extremes_sol.py,141,"[150, 50]",passed = losses[50] + TOL >= losses[150],reviewed result-affecting/algebraic literal
code/repro/test_parameter_extremes_sol.py,144,[10],"""case"": case, ""region"": key, ""horizon_year"": 10,",reviewed result-affecting/algebraic literal
code/repro/test_parameter_extremes_sol.py,145,[50],"""low_soc_loss_pct"": losses[50],",reviewed result-affecting/algebraic literal
code/repro/test_parameter_extremes_sol.py,146,[150],"""high_soc_loss_pct"": losses[150],",reviewed result-affecting/algebraic literal
code/repro/test_parameter_extremes_sol.py,151,[0],"print(f""  {case}: {'PASS' if failures == 0 else f'FAIL ({failures})'}"")",reviewed result-affecting/algebraic literal
code/repro/test_parameter_extremes_sol.py,168,[0],"writer = csv.DictWriter(handle, fieldnames=list(records[0]))",reviewed result-affecting/algebraic literal
code/repro/test_zero_shock_invariance.py,21,[0],"sys.path.insert(0, os.path.join(HERE, '..', 'model'))",reviewed result-affecting/algebraic literal
code/repro/test_zero_shock_invariance.py,34,[0.005],TOL_YR10 = 0.005   # 0.5 % maximum permitted year-10 drift,reviewed result-affecting/algebraic literal
code/repro/test_zero_shock_invariance.py,35,[0.01],TOL_YR30 = 0.010   # 1.0 % maximum permitted year-30 drift,reviewed result-affecting/algebraic literal
code/repro/test_zero_shock_invariance.py,52,[0.0],e.fert_price_shock = 0.0,reviewed result-affecting/algebraic literal
code/repro/test_zero_shock_invariance.py,53,[1.0],e.fert_supply_ceiling = 1.0,reviewed result-affecting/algebraic literal
code/repro/test_zero_shock_invariance.py,54,[0.0],e.fert_capacity_recovery_years = 0.0,reviewed result-affecting/algebraic literal
code/repro/test_zero_shock_invariance.py,55,[0.0],e.eps_F_PF = 0.0,reviewed result-affecting/algebraic literal
code/repro/test_zero_shock_invariance.py,56,[0.0],e.eps_F_PY = 0.0,reviewed result-affecting/algebraic literal
code/repro/test_zero_shock_invariance.py,57,[0.0],e.eps_F_N = 0.0,reviewed result-affecting/algebraic literal
code/repro/test_zero_shock_invariance.py,66,[0.0],"rows, worst = [], 0.0",reviewed result-affecting/algebraic literal
code/repro/test_zero_shock_invariance.py,70,[30.0],"t_max=30.0, yield_max_override=ym).run()",reviewed result-affecting/algebraic literal
code/repro/test_zero_shock_invariance.py,71,"[0, 31]",frac = {y: float(df[df['year'] == y]['yield_fraction'].iloc[0]) for y in range(31)},reviewed result-affecting/algebraic literal
code/repro/test_zero_shock_invariance.py,72,"[1.0, 31]",dev = max(abs(frac[y] - 1.0) for y in range(31)),reviewed result-affecting/algebraic literal
code/repro/test_zero_shock_invariance.py,75,"[5, 10]","yr10_yield_fraction=round(frac[10], 5),",reviewed result-affecting/algebraic literal
code/repro/test_zero_shock_invariance.py,76,"[5, 30]","yr30_yield_fraction=round(frac[30], 5),",reviewed result-affecting/algebraic literal
code/repro/test_zero_shock_invariance.py,77,[6],"max_abs_deviation_30yr=round(dev, 6),",reviewed result-affecting/algebraic literal
code/repro/test_zero_shock_invariance.py,78,"[3, 0, 2]","yr2_yield_tha=round(float(df[df['year'] == 2]['yield_tha'].iloc[0]), 3),",reviewed result-affecting/algebraic literal
code/repro/test_zero_shock_invariance.py,83,[0],"regions[k], econ, region_key=k, t_max=0,",reviewed result-affecting/algebraic literal
code/repro/test_zero_shock_invariance.py,85,[0],").run().iloc[0][""yield_tha""]",reviewed result-affecting/algebraic literal
code/repro/test_zero_shock_invariance.py,89,"[100, 1]",g10 = float(((1 - np.array([r['yr10_yield_fraction'] for r in rows])) * W).sum() * 100),reviewed result-affecting/algebraic literal
code/repro/test_zero_shock_invariance.py,92,[0],"w = csv.DictWriter(f, fieldnames=list(rows[0].keys()))",reviewed result-affecting/algebraic literal
code/repro/test_zero_shock_invariance.py,101,[1],ok = (max(abs(r['yr10_yield_fraction'] - 1) for r in rows) < TOL_YR10 and,reviewed result-affecting/algebraic literal
code/repro/test_zero_shock_invariance.py,102,[1],max(abs(r['yr30_yield_fraction'] - 1) for r in rows) < TOL_YR30),reviewed result-affecting/algebraic literal
code/repro/test_zero_shock_invariance.py,104,"[0, 1]",return 0 if ok else 1,reviewed result-affecting/algebraic literal
spatial_screen/scripts/01_download_faostat.py,20,[0],"sys.path.insert(0, str(Path(__file__).parent))",reviewed result-affecting/algebraic literal
spatial_screen/scripts/01_download_faostat.py,31,[1000000.0],"print(f""  [skip] {dest.name} already present ({dest.stat().st_size/1e6:.1f} MB)"")",reviewed result-affecting/algebraic literal
spatial_screen/scripts/01_download_faostat.py,35,[120],"with requests.get(url, stream=True, timeout=120) as r:",reviewed result-affecting/algebraic literal
spatial_screen/scripts/01_download_faostat.py,38,"[1, 20]",for chunk in r.iter_content(chunk_size=1 << 20):,reviewed result-affecting/algebraic literal
spatial_screen/scripts/01_download_faostat.py,40,[1000000.0],"print(f""  [done] {dest.name}  {dest.stat().st_size/1e6:.1f} MB  ({time.time()-t0:.1f}s)"")",reviewed result-affecting/algebraic literal
spatial_screen/scripts/01_download_faostat.py,48,[0],return 0,reviewed result-affecting/algebraic literal
spatial_screen/scripts/02_build_countries_master.py,27,[0],"sys.path.insert(0, str(Path(__file__).parent))",reviewed result-affecting/algebraic literal
spatial_screen/scripts/02_build_countries_master.py,56,[5000],AGGREGATE_FAO_AREA_MIN = 5000,reviewed result-affecting/algebraic literal
spatial_screen/scripts/02_build_countries_master.py,65,[3],return M49_TO_ISO3.get(str(m49).zfill(3)),reviewed result-affecting/algebraic literal
spatial_screen/scripts/02_build_countries_master.py,129,[3],"raw[""m49_code""] = raw[""m49_raw""].astype(str).str.replace(""'"", """", regex=False).str.zfill(3)",reviewed result-affecting/algebraic literal
spatial_screen/scripts/02_build_countries_master.py,177,[0],if n_unassigned - n_unmap - n_hist > 0:,reviewed result-affecting/algebraic literal
spatial_screen/scripts/02_build_countries_master.py,182,[0],return 0,reviewed result-affecting/algebraic literal
spatial_screen/scripts/03_build_exposure.py,25,[0],"sys.path.insert(0, str(Path(__file__).parent))",reviewed result-affecting/algebraic literal
spatial_screen/scripts/03_build_exposure.py,124,[0],"df[""data_missing_cropland""]= df[""cropland_ha""].isna() | (df[""cropland_ha""] <= 0)",reviewed result-affecting/algebraic literal
spatial_screen/scripts/03_build_exposure.py,129,[0.0],df[col] = df[col].fillna(0.0),reviewed result-affecting/algebraic literal
spatial_screen/scripts/03_build_exposure.py,134,[0],"(df[""cropland_ha""] > 0) & df[""n_use_t""].notna(),",reviewed result-affecting/algebraic literal
spatial_screen/scripts/03_build_exposure.py,135,[1000.0],"(df[""n_use_t""] * 1000.0) / df[""cropland_ha""],",reviewed result-affecting/algebraic literal
spatial_screen/scripts/03_build_exposure.py,142,[0.0],"df[""net_imports_t""] = np.maximum(0.0, df[""n_imp_t""] - df[""n_exp_t""])",reviewed result-affecting/algebraic literal
spatial_screen/scripts/03_build_exposure.py,145,"[0.0, 1.0]","df[""import_reliance""] = np.clip(ir, 0.0, 1.0)",reviewed result-affecting/algebraic literal
spatial_screen/scripts/03_build_exposure.py,146,[0],"df.loc[df[""apparent_consumption_t""] <= 0, ""import_reliance""] = np.nan",reviewed result-affecting/algebraic literal
spatial_screen/scripts/03_build_exposure.py,150,[0],"flow = (df[""n_imp_t""] + df[""n_exp_t""]) / df[""apparent_consumption_t""].abs().replace(0, np.nan)",reviewed result-affecting/algebraic literal
spatial_screen/scripts/03_build_exposure.py,199,[10],".head(10)[[""iso3"", ""fao_name"", ""n_intensity_raw"",",reviewed result-affecting/algebraic literal
spatial_screen/scripts/03_build_exposure.py,206,[1000000.0],"show[""cropland_Mha""] = show[""cropland_ha""] / 1e6",reviewed result-affecting/algebraic literal
spatial_screen/scripts/03_build_exposure.py,208,[10],".head(10)[[""iso3"", ""fao_name"", ""cropland_Mha"",",reviewed result-affecting/algebraic literal
spatial_screen/scripts/03_build_exposure.py,213,[0],return 0,reviewed result-affecting/algebraic literal
spatial_screen/scripts/04_exposure_diagnostics.py,22,[0],"sys.path.insert(0, str(Path(__file__).parent))",reviewed result-affecting/algebraic literal
spatial_screen/scripts/04_exposure_diagnostics.py,44,[1000000.0],"df[""cropland_Mha""] = df[""cropland_ha""] / 1e6",reviewed result-affecting/algebraic literal
spatial_screen/scripts/04_exposure_diagnostics.py,51,[15],.head(15)),reviewed result-affecting/algebraic literal
spatial_screen/scripts/04_exposure_diagnostics.py,52,"[1, 1]","sub = sub.assign(rank_in_class=range(1, len(sub) + 1))",reviewed result-affecting/algebraic literal
spatial_screen/scripts/04_exposure_diagnostics.py,84,"[100, 0]","100 * cov[""cropland_Mha_with_exposure""] / cov[""cropland_Mha""].replace(0, np.nan)",reviewed result-affecting/algebraic literal
spatial_screen/scripts/04_exposure_diagnostics.py,90,"[0, 10, 20, 30, 30, 20, 10]","for shift_pct in [-30, -20, -10, 0, 10, 20, 30]:",reviewed result-affecting/algebraic literal
spatial_screen/scripts/04_exposure_diagnostics.py,91,"[1, 100]",lo = EXPOSURE_LOW * (1 + shift_pct / 100),reviewed result-affecting/algebraic literal
spatial_screen/scripts/04_exposure_diagnostics.py,92,"[1, 100]",hi = EXPOSURE_HIGH * (1 + shift_pct / 100),reviewed result-affecting/algebraic literal
spatial_screen/scripts/04_exposure_diagnostics.py,101,[4],"""low_threshold"": round(lo, 4),",reviewed result-affecting/algebraic literal
spatial_screen/scripts/04_exposure_diagnostics.py,102,[4],"""high_threshold"": round(hi, 4),",reviewed result-affecting/algebraic literal
spatial_screen/scripts/04_exposure_diagnostics.py,112,"[10, 20, 30, 30, 20, 10]","for shift_pct in [-30, -20, -10, 10, 20, 30]:",reviewed result-affecting/algebraic literal
spatial_screen/scripts/04_exposure_diagnostics.py,113,"[1, 100]",lo = EXPOSURE_LOW * (1 + shift_pct / 100),reviewed result-affecting/algebraic literal
spatial_screen/scripts/04_exposure_diagnostics.py,114,"[1, 100]",hi = EXPOSURE_HIGH * (1 + shift_pct / 100),reviewed result-affecting/algebraic literal
spatial_screen/scripts/04_exposure_diagnostics.py,138,[68],"print(""="" * 68)",reviewed result-affecting/algebraic literal
spatial_screen/scripts/04_exposure_diagnostics.py,141,[68],"print(""="" * 68)",reviewed result-affecting/algebraic literal
spatial_screen/scripts/04_exposure_diagnostics.py,152,[100],"print(f""  {k:14s}  {v:8.1f} Mha   {100*v/total:5.1f} %"")",reviewed result-affecting/algebraic literal
spatial_screen/scripts/04_exposure_diagnostics.py,161,[80],"flagged = cov[cov[""pct_cropland_covered""] < 80][[""region_grp"", ""pct_cropland_covered""]]",reviewed result-affecting/algebraic literal
spatial_screen/scripts/04_exposure_diagnostics.py,162,[0],if len(flagged) == 0:,reviewed result-affecting/algebraic literal
spatial_screen/scripts/04_exposure_diagnostics.py,169,"[20, 20]","crit = rec_df[rec_df[""shift_pct""].isin([-20, 20])][",reviewed result-affecting/algebraic literal
spatial_screen/scripts/04_exposure_diagnostics.py,173,[100],"print(f""  worst-case ±20% reclassification: {100*worst:.1f}% of cropland"")",reviewed result-affecting/algebraic literal
spatial_screen/scripts/04_exposure_diagnostics.py,174,[0.25],"print(""  PASS"" if worst <= 0.25 else ""  FAIL"")",reviewed result-affecting/algebraic literal
spatial_screen/scripts/04_exposure_diagnostics.py,183,[0],return 0,reviewed result-affecting/algebraic literal
spatial_screen/scripts/04_exposure_diagnostics.py,190,[50],.head(50),reviewed result-affecting/algebraic literal
spatial_screen/scripts/04_exposure_diagnostics.py,192,[1],sub = sub.iloc[::-1]  # so largest is at top,reviewed result-affecting/algebraic literal
spatial_screen/scripts/04_exposure_diagnostics.py,194,"[8, 12]","fig, ax = plt.subplots(figsize=(8, 12))",excluded visual formatting
spatial_screen/scripts/04_exposure_diagnostics.py,196,[25],"ax.barh(sub[""iso3""] + ""  "" + sub[""fao_name""].str[:25],",excluded visual formatting
spatial_screen/scripts/04_exposure_diagnostics.py,199,[0.6],"ax.axvline(EXPOSURE_LOW, ls=""--"", lw=0.6, color=""grey"")",excluded visual formatting
spatial_screen/scripts/04_exposure_diagnostics.py,200,[0.6],"ax.axvline(EXPOSURE_HIGH, ls=""--"", lw=0.6, color=""grey"")",excluded visual formatting
spatial_screen/scripts/04_exposure_diagnostics.py,201,"[0, 1]","ax.set_xlim(0, 1)",excluded visual formatting
spatial_screen/scripts/04_exposure_diagnostics.py,205,[10],fontsize=10),excluded visual formatting
spatial_screen/scripts/04_exposure_diagnostics.py,208,[8],"ax.legend(title=""Exposure class"", loc=""lower right"", fontsize=8)",excluded visual formatting
spatial_screen/scripts/04_exposure_diagnostics.py,211,[160],"fig.savefig(out, dpi=160)",excluded visual formatting
spatial_screen/scripts/04_exposure_diagnostics.py,225,[0],.fillna(0),reviewed result-affecting/algebraic literal
spatial_screen/scripts/04_exposure_diagnostics.py,229,"[8, 5]","fig, ax = plt.subplots(figsize=(8, 5))",excluded visual formatting
spatial_screen/scripts/04_exposure_diagnostics.py,235,[10],"label=region, color=cmap(i % 10), edgecolor=""white"")",excluded visual formatting
spatial_screen/scripts/04_exposure_diagnostics.py,239,[10],"f""Cropland area by exposure class · {YEAR_LABEL}"", fontsize=10)",excluded visual formatting
spatial_screen/scripts/04_exposure_diagnostics.py,240,"[8, 1.02, 1]","ax.legend(loc=""upper left"", bbox_to_anchor=(1.02, 1), fontsize=8,",excluded visual formatting
spatial_screen/scripts/04_exposure_diagnostics.py,244,[160],"fig.savefig(out, dpi=160)",excluded visual formatting
spatial_screen/scripts/05_download_soilgrids_5km.py,22,[0],"sys.path.insert(0, str(Path(__file__).parent))",reviewed result-affecting/algebraic literal
spatial_screen/scripts/05_download_soilgrids_5km.py,52,[1000000.0],"print(f""  [skip] {dest.name}  ({dest.stat().st_size/1e6:.1f} MB)"")",reviewed result-affecting/algebraic literal
spatial_screen/scripts/05_download_soilgrids_5km.py,56,[300],"with requests.get(url, stream=True, timeout=300) as r:",reviewed result-affecting/algebraic literal
spatial_screen/scripts/05_download_soilgrids_5km.py,59,"[1, 20]",for chunk in r.iter_content(chunk_size=1 << 20):,reviewed result-affecting/algebraic literal
spatial_screen/scripts/05_download_soilgrids_5km.py,61,[1000000.0],"print(f""  [done] {dest.name}  {dest.stat().st_size/1e6:.1f} MB  """,reviewed result-affecting/algebraic literal
spatial_screen/scripts/05_download_soilgrids_5km.py,70,[0],return 0,reviewed result-affecting/algebraic literal
spatial_screen/scripts/06_download_naturalearth.py,15,[0],"sys.path.insert(0, str(Path(__file__).parent))",reviewed result-affecting/algebraic literal
spatial_screen/scripts/06_download_naturalearth.py,28,[120],"with requests.get(URL, stream=True, timeout=120) as r:",reviewed result-affecting/algebraic literal
spatial_screen/scripts/06_download_naturalearth.py,31,"[1, 20]",for chunk in r.iter_content(chunk_size=1 << 20):,reviewed result-affecting/algebraic literal
spatial_screen/scripts/06_download_naturalearth.py,34,[1000000.0],"f""{ZIP_PATH.stat().st_size/1e6:.1f} MB  """,reviewed result-affecting/algebraic literal
spatial_screen/scripts/06_download_naturalearth.py,44,[0],return 0,reviewed result-affecting/algebraic literal
spatial_screen/scripts/07_build_buffer_country.py,30,[0],"sys.path.insert(0, str(Path(__file__).parent))",reviewed result-affecting/algebraic literal
spatial_screen/scripts/07_build_buffer_country.py,43,[0.01],"""nitrogen"": 0.01,   # cg/kg → g/kg",reviewed result-affecting/algebraic literal
spatial_screen/scripts/07_build_buffer_country.py,44,[0.01],"""bdod"":     0.01,   # cg/cm³ → g/cm³",reviewed result-affecting/algebraic literal
spatial_screen/scripts/07_build_buffer_country.py,45,[0.1],"""soc"":      0.1,    # dg/kg → g/kg",reviewed result-affecting/algebraic literal
spatial_screen/scripts/07_build_buffer_country.py,46,[1.0],"""ocs"":      1.0,    # already in t/ha",reviewed result-affecting/algebraic literal
spatial_screen/scripts/07_build_buffer_country.py,49,"[0.05, 0.1, 0.15]","DEPTHS = [(""0-5cm"", 0.05), (""5-15cm"", 0.10), (""15-30cm"", 0.15)]",reviewed result-affecting/algebraic literal
spatial_screen/scripts/07_build_buffer_country.py,58,[1],"arr = src.read(1, masked=False).astype(np.float32)",reviewed result-affecting/algebraic literal
spatial_screen/scripts/07_build_buffer_country.py,59,[32768],nodata = src.nodata if src.nodata is not None else -32768,reviewed result-affecting/algebraic literal
spatial_screen/scripts/07_build_buffer_country.py,86,"[1, 1]","ne_proj[""country_id""] = np.arange(1, len(ne_proj) + 1, dtype=np.int32)",reviewed result-affecting/algebraic literal
spatial_screen/scripts/07_build_buffer_country.py,96,[0],"fill=0,",reviewed result-affecting/algebraic literal
spatial_screen/scripts/07_build_buffer_country.py,100,[0],n_assigned = int((country_id_raster > 0).sum()),reviewed result-affecting/algebraic literal
spatial_screen/scripts/07_build_buffer_country.py,130,[10.0],slab = n_arr * bd_arr * thickness * 10.0   # t N / ha,reviewed result-affecting/algebraic literal
spatial_screen/scripts/07_build_buffer_country.py,132,[0.0],"slab = np.where(slab_valid, slab, 0.0)",reviewed result-affecting/algebraic literal
spatial_screen/scripts/07_build_buffer_country.py,146,[10.0],slab = s_arr * bd_arr * thickness * 10.0,reviewed result-affecting/algebraic literal
spatial_screen/scripts/07_build_buffer_country.py,148,[0.0],"slab = np.where(slab_valid, slab, 0.0)",reviewed result-affecting/algebraic literal
spatial_screen/scripts/07_build_buffer_country.py,161,[0],ok = (ids > 0) & ~np.isnan(vals),reviewed result-affecting/algebraic literal
spatial_screen/scripts/07_build_buffer_country.py,164,[1],"sums = np.bincount(ids_ok, weights=vals_ok, minlength=n_countries + 1)",reviewed result-affecting/algebraic literal
spatial_screen/scripts/07_build_buffer_country.py,165,[1],"cnts = np.bincount(ids_ok, minlength=n_countries + 1)",reviewed result-affecting/algebraic literal
spatial_screen/scripts/07_build_buffer_country.py,167,[0],"means = np.where(cnts > 0, sums / cnts, np.nan)",reviewed result-affecting/algebraic literal
spatial_screen/scripts/07_build_buffer_country.py,168,"[1, 1]","return means[1:], cnts[1:]   # skip id=0",reviewed result-affecting/algebraic literal
spatial_screen/scripts/07_build_buffer_country.py,178,[0],ok = (ids > 0) & ~np.isnan(vals),reviewed result-affecting/algebraic literal
spatial_screen/scripts/07_build_buffer_country.py,186,"[1, 1]","np.arange(1, n_countries + 1),",reviewed result-affecting/algebraic literal
spatial_screen/scripts/07_build_buffer_country.py,189,"[1, 1]","np.arange(1, n_countries + 1),",reviewed result-affecting/algebraic literal
spatial_screen/scripts/07_build_buffer_country.py,227,[5],"out[""enough_pixels""] = out[""n_pixels""] >= 5",reviewed result-affecting/algebraic literal
spatial_screen/scripts/07_build_buffer_country.py,243,[0],"print(f""  global mean C:N: {np.nanmean(ocs/np.where(n_stock>0, n_stock, np.nan)):.1f}"")",reviewed result-affecting/algebraic literal
spatial_screen/scripts/07_build_buffer_country.py,246,[10],"show = out[out[""enough_pixels""]].head(10)",reviewed result-affecting/algebraic literal
spatial_screen/scripts/07_build_buffer_country.py,252,[10],"show = out[out[""enough_pixels""]].tail(10)",reviewed result-affecting/algebraic literal
spatial_screen/scripts/07_build_buffer_country.py,258,[0],return 0,reviewed result-affecting/algebraic literal
spatial_screen/scripts/08_build_vulnerability.py,38,[0],"sys.path.insert(0, str(Path(__file__).parent))",reviewed result-affecting/algebraic literal
spatial_screen/scripts/08_build_vulnerability.py,100,[0],"imp = df[""n_imp_t""].fillna(0)",reviewed result-affecting/algebraic literal
spatial_screen/scripts/08_build_vulnerability.py,101,[0],"exp = df[""n_exp_t""].fillna(0)",reviewed result-affecting/algebraic literal
spatial_screen/scripts/08_build_vulnerability.py,102,[0],"ac  = df[""apparent_consumption_t""].abs().replace(0, np.nan)",reviewed result-affecting/algebraic literal
spatial_screen/scripts/08_build_vulnerability.py,126,[1000000.0],"df[""cropland_Mha""] = df[""cropland_ha""] / 1e6",reviewed result-affecting/algebraic literal
spatial_screen/scripts/08_build_vulnerability.py,137,[100000.0],"& (df[""cropland_ha""] >= 1e5)",reviewed result-affecting/algebraic literal
spatial_screen/scripts/08_build_vulnerability.py,139,"[1, 3, 2, 3]","cuts = df.loc[eligible_buffer, ""buffer_proxy_t_ha""].quantile([1/3, 2/3]).values",reviewed result-affecting/algebraic literal
spatial_screen/scripts/08_build_vulnerability.py,141,"[0, 1]","f""low<{cuts[0]:.2f}, high≥{cuts[1]:.2f}"")",reviewed result-affecting/algebraic literal
spatial_screen/scripts/08_build_vulnerability.py,145,"[0, 1]","cuts[0], cuts[1], eligible_buffer)",reviewed result-affecting/algebraic literal
spatial_screen/scripts/08_build_vulnerability.py,179,[15],.head(15)),reviewed result-affecting/algebraic literal
spatial_screen/scripts/08_build_vulnerability.py,180,"[1, 1]","sub = sub.assign(rank_in_class=range(1, len(sub) + 1))",reviewed result-affecting/algebraic literal
spatial_screen/scripts/08_build_vulnerability.py,194,[100],"print(f""  {cls:30s}  {v:8.1f} Mha   {100*v/total:5.1f} %"")",reviewed result-affecting/algebraic literal
spatial_screen/scripts/08_build_vulnerability.py,198,[0],"if df[""reexport_flag""].sum() > 0:",reviewed result-affecting/algebraic literal
spatial_screen/scripts/08_build_vulnerability.py,209,[15],.head(15)),reviewed result-affecting/algebraic literal
spatial_screen/scripts/08_build_vulnerability.py,218,[0],return 0,reviewed result-affecting/algebraic literal
spatial_screen/scripts/09_phase0_panels.py,24,[0],"sys.path.insert(0, str(Path(__file__).parent))",reviewed result-affecting/algebraic literal
spatial_screen/scripts/09_phase0_panels.py,64,"[11, 5.2]","fig, ax = plt.subplots(figsize=(11, 5.2))",excluded visual formatting
spatial_screen/scripts/09_phase0_panels.py,66,"[0, 1]","cmap=""YlOrRd"", vmin=0, vmax=1,",reviewed result-affecting/algebraic literal
spatial_screen/scripts/09_phase0_panels.py,67,[0.2],"edgecolor=""white"", linewidth=0.2,",excluded visual formatting
spatial_screen/scripts/09_phase0_panels.py,71,"[0.6, 0.04]","""shrink"": 0.6, ""pad"": 0.04})",reviewed result-affecting/algebraic literal
spatial_screen/scripts/09_phase0_panels.py,73,[11],"fontsize=11, loc=""left"")",excluded visual formatting
spatial_screen/scripts/09_phase0_panels.py,76,[180],"fig.savefig(out, dpi=180, bbox_inches=""tight"")",excluded visual formatting
spatial_screen/scripts/09_phase0_panels.py,86,"[11, 5.2]","fig, ax = plt.subplots(figsize=(11, 5.2))",excluded visual formatting
spatial_screen/scripts/09_phase0_panels.py,87,[0.2],"g.plot(ax=ax, color=g[""color""], edgecolor=""white"", linewidth=0.2)",excluded visual formatting
spatial_screen/scripts/09_phase0_panels.py,95,"[0.02, 0.02]","ax.legend(handles=handles, loc=""lower left"", bbox_to_anchor=(0.02, 0.02),",excluded visual formatting
spatial_screen/scripts/09_phase0_panels.py,96,[7],"fontsize=7, frameon=False)",excluded visual formatting
spatial_screen/scripts/09_phase0_panels.py,99,[11],"fontsize=11, loc=""left"")",excluded visual formatting
spatial_screen/scripts/09_phase0_panels.py,102,[180],"fig.savefig(out, dpi=180, bbox_inches=""tight"")",excluded visual formatting
spatial_screen/scripts/09_phase0_panels.py,115,[0],.fillna(0).reindex(class_order)),reviewed result-affecting/algebraic literal
spatial_screen/scripts/09_phase0_panels.py,119,"[9, 5]","fig, ax = plt.subplots(figsize=(9, 5))",excluded visual formatting
spatial_screen/scripts/09_phase0_panels.py,126,[10],"label=region, color=cmap(i % 10), edgecolor=""white"")",excluded visual formatting
spatial_screen/scripts/09_phase0_panels.py,130,[11],"fontsize=11, loc=""left"")",excluded visual formatting
spatial_screen/scripts/09_phase0_panels.py,131,"[20, 8]","plt.setp(ax.get_xticklabels(), rotation=20, ha=""right"", fontsize=8)",excluded visual formatting
spatial_screen/scripts/09_phase0_panels.py,132,"[7, 1.02, 1]","ax.legend(loc=""upper left"", bbox_to_anchor=(1.02, 1), fontsize=7,",excluded visual formatting
spatial_screen/scripts/09_phase0_panels.py,135,[180],"fig.savefig(out, dpi=180, bbox_inches=""tight"")",excluded visual formatting
spatial_screen/scripts/09_phase0_panels.py,142,"[2, 2, 14, 8]","fig, axes = plt.subplots(2, 2, figsize=(14, 8))",excluded visual formatting
spatial_screen/scripts/09_phase0_panels.py,153,[10],"ax.set_title(lbl, fontsize=10, loc=""left"")",excluded visual formatting
spatial_screen/scripts/09_phase0_panels.py,155,"[0.5, 0.5, 12]","ax.text(0.5, 0.5, lbl, ha=""center"", va=""center"", fontsize=12,",excluded visual formatting
spatial_screen/scripts/09_phase0_panels.py,159,[12],"f""{YEAR_LABEL}"", fontsize=12)",excluded visual formatting
spatial_screen/scripts/09_phase0_panels.py,161,[120],"fig.savefig(out, dpi=120, bbox_inches=""tight"")",excluded visual formatting
spatial_screen/scripts/09_phase0_panels.py,175,[0],return 0,reviewed result-affecting/algebraic literal
spatial_screen/scripts/09_phase1_panels.py,24,[0],"sys.path.insert(0, str(Path(__file__).parent))",reviewed result-affecting/algebraic literal
spatial_screen/scripts/09_phase1_panels.py,64,"[11, 5.2]","fig, ax = plt.subplots(figsize=(11, 5.2))",excluded visual formatting
spatial_screen/scripts/09_phase1_panels.py,66,"[0, 1]","cmap=""YlOrRd"", vmin=0, vmax=1,",reviewed result-affecting/algebraic literal
spatial_screen/scripts/09_phase1_panels.py,67,[0.2],"edgecolor=""white"", linewidth=0.2,",excluded visual formatting
spatial_screen/scripts/09_phase1_panels.py,71,"[0.6, 0.04]","""shrink"": 0.6, ""pad"": 0.04})",reviewed result-affecting/algebraic literal
spatial_screen/scripts/09_phase1_panels.py,73,[11],"fontsize=11, loc=""left"")",excluded visual formatting
spatial_screen/scripts/09_phase1_panels.py,76,[180],"fig.savefig(out, dpi=180, bbox_inches=""tight"")",excluded visual formatting
spatial_screen/scripts/09_phase1_panels.py,86,"[11, 5.2]","fig, ax = plt.subplots(figsize=(11, 5.2))",excluded visual formatting
spatial_screen/scripts/09_phase1_panels.py,87,[0.2],"g.plot(ax=ax, color=g[""color""], edgecolor=""white"", linewidth=0.2)",excluded visual formatting
spatial_screen/scripts/09_phase1_panels.py,95,"[0.02, 0.02]","ax.legend(handles=handles, loc=""lower left"", bbox_to_anchor=(0.02, 0.02),",excluded visual formatting
spatial_screen/scripts/09_phase1_panels.py,96,[7],"fontsize=7, frameon=False)",excluded visual formatting
spatial_screen/scripts/09_phase1_panels.py,99,[11],"fontsize=11, loc=""left"")",excluded visual formatting
spatial_screen/scripts/09_phase1_panels.py,102,[180],"fig.savefig(out, dpi=180, bbox_inches=""tight"")",excluded visual formatting
spatial_screen/scripts/09_phase1_panels.py,115,[0],.fillna(0).reindex(class_order)),reviewed result-affecting/algebraic literal
spatial_screen/scripts/09_phase1_panels.py,119,"[9, 5]","fig, ax = plt.subplots(figsize=(9, 5))",excluded visual formatting
spatial_screen/scripts/09_phase1_panels.py,126,[10],"label=region, color=cmap(i % 10), edgecolor=""white"")",excluded visual formatting
spatial_screen/scripts/09_phase1_panels.py,130,[11],"fontsize=11, loc=""left"")",excluded visual formatting
spatial_screen/scripts/09_phase1_panels.py,131,"[20, 8]","plt.setp(ax.get_xticklabels(), rotation=20, ha=""right"", fontsize=8)",excluded visual formatting
spatial_screen/scripts/09_phase1_panels.py,132,"[7, 1.02, 1]","ax.legend(loc=""upper left"", bbox_to_anchor=(1.02, 1), fontsize=7,",excluded visual formatting
spatial_screen/scripts/09_phase1_panels.py,135,[180],"fig.savefig(out, dpi=180, bbox_inches=""tight"")",excluded visual formatting
spatial_screen/scripts/09_phase1_panels.py,142,"[2, 2, 14, 8]","fig, axes = plt.subplots(2, 2, figsize=(14, 8))",excluded visual formatting
spatial_screen/scripts/09_phase1_panels.py,153,[10],"ax.set_title(lbl, fontsize=10, loc=""left"")",excluded visual formatting
spatial_screen/scripts/09_phase1_panels.py,155,"[0.5, 0.5, 12]","ax.text(0.5, 0.5, lbl, ha=""center"", va=""center"", fontsize=12,",excluded visual formatting
spatial_screen/scripts/09_phase1_panels.py,159,[12],"f""{YEAR_LABEL}"", fontsize=12)",excluded visual formatting
spatial_screen/scripts/09_phase1_panels.py,161,[120],"fig.savefig(out, dpi=120, bbox_inches=""tight"")",excluded visual formatting
spatial_screen/scripts/09_phase1_panels.py,175,[0],return 0,reviewed result-affecting/algebraic literal
spatial_screen/scripts/10_alt_threshold_exploration.py,33,[0],"sys.path.insert(0, str(Path(__file__).parent))",reviewed result-affecting/algebraic literal
spatial_screen/scripts/10_alt_threshold_exploration.py,73,[0.25],"out[df[""exposure_combined""] < 0.25] = ""low""",reviewed result-affecting/algebraic literal
spatial_screen/scripts/10_alt_threshold_exploration.py,74,[0.5],"out[df[""exposure_combined""] >= 0.50] = ""high""",reviewed result-affecting/algebraic literal
spatial_screen/scripts/10_alt_threshold_exploration.py,75,"[0.25, 0.5]","mid = (df[""exposure_combined""] >= 0.25) & (df[""exposure_combined""] < 0.50)",reviewed result-affecting/algebraic literal
spatial_screen/scripts/10_alt_threshold_exploration.py,84,"[150, 0.7]",high = (intensity >= 150) | (reliance >= 0.7),reviewed result-affecting/algebraic literal
spatial_screen/scripts/10_alt_threshold_exploration.py,85,"[50, 0.3]",low  = (intensity < 50)   & (reliance < 0.3),reviewed result-affecting/algebraic literal
spatial_screen/scripts/10_alt_threshold_exploration.py,93,[0.1],"def alt3_tercile(df: pd.DataFrame, cropland_min_Mha: float = 0.1) -> pd.Series:",reviewed result-affecting/algebraic literal
spatial_screen/scripts/10_alt_threshold_exploration.py,96,"[1, 3, 2, 3]","cuts = df.loc[eligible, ""exposure_combined""].quantile([1/3, 2/3]).values",reviewed result-affecting/algebraic literal
spatial_screen/scripts/10_alt_threshold_exploration.py,98,[0],"out[df[""exposure_combined""] < cuts[0]] = ""low""",reviewed result-affecting/algebraic literal
spatial_screen/scripts/10_alt_threshold_exploration.py,99,[1],"out[df[""exposure_combined""] >= cuts[1]] = ""high""",reviewed result-affecting/algebraic literal
spatial_screen/scripts/10_alt_threshold_exploration.py,100,[0],"out[(df[""exposure_combined""] >= cuts[0])",reviewed result-affecting/algebraic literal
spatial_screen/scripts/10_alt_threshold_exploration.py,101,[1],"& (df[""exposure_combined""] < cuts[1])] = ""moderate""",reviewed result-affecting/algebraic literal
spatial_screen/scripts/10_alt_threshold_exploration.py,104,"[0, 1]","f""low<{cuts[0]:.3f}, high≥{cuts[1]:.3f}"")",reviewed result-affecting/algebraic literal
spatial_screen/scripts/10_alt_threshold_exploration.py,131,[100],".assign(pct=lambda x: 100 * x[""cropland_Mha""] / x[""cropland_Mha""].sum()))",reviewed result-affecting/algebraic literal
spatial_screen/scripts/10_alt_threshold_exploration.py,136,"[1, 11, 4.5]","fig, axes = plt.subplots(len(alts), 1, figsize=(11, 4.5*len(alts)))",excluded visual formatting
spatial_screen/scripts/10_alt_threshold_exploration.py,137,[1],if len(alts) == 1:,reviewed result-affecting/algebraic literal
spatial_screen/scripts/10_alt_threshold_exploration.py,144,[0.2],"g.plot(ax=ax, color=g[""color""], edgecolor=""white"", linewidth=0.2)",excluded visual formatting
spatial_screen/scripts/10_alt_threshold_exploration.py,145,[10],"ax.set_title(name, fontsize=10, loc=""left"")",excluded visual formatting
spatial_screen/scripts/10_alt_threshold_exploration.py,153,"[6, 7]","fig.legend(handles=handles, loc=""lower center"", ncol=6, fontsize=7,",excluded visual formatting
spatial_screen/scripts/10_alt_threshold_exploration.py,154,"[0.5, 0.02]","frameon=False, bbox_to_anchor=(0.5, -0.02))",excluded visual formatting
spatial_screen/scripts/10_alt_threshold_exploration.py,156,[170],"fig.savefig(out, dpi=170, bbox_inches=""tight"")",excluded visual formatting
spatial_screen/scripts/10_alt_threshold_exploration.py,167,[0],"df[""cropland_Mha""] = df[""cropland_Mha""].fillna(0)",reviewed result-affecting/algebraic literal
spatial_screen/scripts/10_alt_threshold_exploration.py,171,[0.1],"& (df[""cropland_Mha""] >= 0.1))   # ≥ 100,000 ha",reviewed result-affecting/algebraic literal
spatial_screen/scripts/10_alt_threshold_exploration.py,172,"[1, 3, 2, 3]","bcuts = df.loc[eligible_b, ""buffer_proxy_t_ha""].quantile([1/3, 2/3]).values",reviewed result-affecting/algebraic literal
spatial_screen/scripts/10_alt_threshold_exploration.py,173,"[0, 1]","print(f""  buffer terciles: low<{bcuts[0]:.2f}, high≥{bcuts[1]:.2f} t N/ha"")",reviewed result-affecting/algebraic literal
spatial_screen/scripts/10_alt_threshold_exploration.py,174,"[0, 1]","df[""buffer_class""] = buffer_class(df[""buffer_proxy_t_ha""], bcuts[0], bcuts[1])",reviewed result-affecting/algebraic literal
spatial_screen/scripts/10_alt_threshold_exploration.py,197,[100],"pct=lambda x: 100 * x[""cropland_Mha""]",reviewed result-affecting/algebraic literal
spatial_screen/scripts/10_alt_threshold_exploration.py,203,"[1, 0]",.fillna(0).round(1)),reviewed result-affecting/algebraic literal
spatial_screen/scripts/10_alt_threshold_exploration.py,212,[15],.head(15)),reviewed result-affecting/algebraic literal
spatial_screen/scripts/10_alt_threshold_exploration.py,224,[15],.head(15)),reviewed result-affecting/algebraic literal
spatial_screen/scripts/10_alt_threshold_exploration.py,250,[0],return 0,reviewed result-affecting/algebraic literal
spatial_screen/scripts/10_sensitivity_locked.py,22,[0],"sys.path.insert(0, str(Path(__file__).parent))",reviewed result-affecting/algebraic literal
spatial_screen/scripts/10_sensitivity_locked.py,80,"[150, 0.7]",high = (intensity >= 150) | (reliance >= 0.70),reviewed result-affecting/algebraic literal
spatial_screen/scripts/10_sensitivity_locked.py,81,"[50, 0.3]",low  = (intensity < 50)   & (reliance < 0.30),reviewed result-affecting/algebraic literal
spatial_screen/scripts/10_sensitivity_locked.py,100,[0.1],"eligible = df[""exposure_combined""].notna() & (df[""cropland_Mha""] >= 0.1)",reviewed result-affecting/algebraic literal
spatial_screen/scripts/10_sensitivity_locked.py,101,"[1, 3, 2, 3]","cuts = df.loc[eligible, ""exposure_combined""].quantile([1/3, 2/3]).values",reviewed result-affecting/algebraic literal
spatial_screen/scripts/10_sensitivity_locked.py,104,[0],"out[e < cuts[0]] = ""low""",reviewed result-affecting/algebraic literal
spatial_screen/scripts/10_sensitivity_locked.py,105,[1],"out[e >= cuts[1]] = ""high""",reviewed result-affecting/algebraic literal
spatial_screen/scripts/10_sensitivity_locked.py,106,"[0, 1]","out[(e >= cuts[0]) & (e < cuts[1])] = ""moderate""",reviewed result-affecting/algebraic literal
spatial_screen/scripts/10_sensitivity_locked.py,117,[100],"pct=lambda x: 100 * x[""cropland_Mha""]",reviewed result-affecting/algebraic literal
spatial_screen/scripts/10_sensitivity_locked.py,129,[0.1],"& (df[""cropland_Mha""] >= 0.1))",reviewed result-affecting/algebraic literal
spatial_screen/scripts/10_sensitivity_locked.py,130,"[1, 3, 2, 3]","bcuts = df.loc[eligible_b, ""buffer_proxy_t_ha""].quantile([1/3, 2/3]).values",reviewed result-affecting/algebraic literal
spatial_screen/scripts/10_sensitivity_locked.py,131,"[0, 1]","bcls = buffer_class(df[""buffer_proxy_t_ha""], bcuts[0], bcuts[1], eligible_b)",reviewed result-affecting/algebraic literal
spatial_screen/scripts/10_sensitivity_locked.py,137,[25],if stake == 25:,reviewed result-affecting/algebraic literal
spatial_screen/scripts/10_sensitivity_locked.py,142,"[0.66, 0.33]","rules[""combined index ≥ 0.66 (original)""] = panel_c(bcls, exp_combined(df, 0.66, 0.33))",reviewed result-affecting/algebraic literal
spatial_screen/scripts/10_sensitivity_locked.py,143,"[0.5, 0.25]","rules[""combined index ≥ 0.50""]            = panel_c(bcls, exp_combined(df, 0.50, 0.25))",reviewed result-affecting/algebraic literal
spatial_screen/scripts/10_sensitivity_locked.py,150,"[1, 0]",.fillna(0).round(1)),reviewed result-affecting/algebraic literal
spatial_screen/scripts/10_sensitivity_locked.py,165,[100],"focal_pct = 100 * focal_Mha / df[""cropland_Mha""].sum()",reviewed result-affecting/algebraic literal
spatial_screen/scripts/10_sensitivity_locked.py,170,[25],"base = panel_c(bcls, exp_modified_maxrule(df, 25))",reviewed result-affecting/algebraic literal
spatial_screen/scripts/10_sensitivity_locked.py,172,[25],if stake == 25:,reviewed result-affecting/algebraic literal
spatial_screen/scripts/10_sensitivity_locked.py,177,[100],"pct_changed = 100 * Mha_changed / df[""cropland_Mha""].sum()",reviewed result-affecting/algebraic literal
spatial_screen/scripts/10_sensitivity_locked.py,181,[0],return 0,reviewed result-affecting/algebraic literal
spatial_screen/scripts/11_methods_summary.py,14,[0],"sys.path.insert(0, str(Path(__file__).parent))",reviewed result-affecting/algebraic literal
spatial_screen/scripts/11_methods_summary.py,41,[0.1],"eligible = vul[""buffer_proxy_t_ha""].notna() & (vul[""cropland_Mha""] >= 0.1)",reviewed result-affecting/algebraic literal
spatial_screen/scripts/11_methods_summary.py,42,"[1, 3, 2, 3]","bcuts = vul.loc[eligible, ""buffer_proxy_t_ha""].quantile([1/3, 2/3]).values",reviewed result-affecting/algebraic literal
spatial_screen/scripts/11_methods_summary.py,82,[0],"p(f""    Low   buffer: < {bcuts[0]:.2f} t N/ha"")",reviewed result-affecting/algebraic literal
spatial_screen/scripts/11_methods_summary.py,83,[1],"p(f""    High  buffer: ≥ {bcuts[1]:.2f} t N/ha"")",reviewed result-affecting/algebraic literal
spatial_screen/scripts/11_methods_summary.py,135,[100],"p(f""    {cls:30s}  {v:8.1f} Mha   {100*v/total:5.1f} %"")",reviewed result-affecting/algebraic literal
spatial_screen/scripts/11_methods_summary.py,141,[0],"sens2 = sens2.rename(columns={sens2.columns[0]: ""rule""})",reviewed result-affecting/algebraic literal
spatial_screen/scripts/11_methods_summary.py,177,[0],return 0,reviewed result-affecting/algebraic literal
spatial_screen/scripts/12_download_mirca2000.py,22,[0],"sys.path.insert(0, str(Path(__file__).parent))",reviewed result-affecting/algebraic literal
spatial_screen/scripts/12_download_mirca2000.py,37,[1000000.0],"print(f""  [skip] {dest.name} ({dest.stat().st_size/1e6:.1f} MB)"")",reviewed result-affecting/algebraic literal
spatial_screen/scripts/12_download_mirca2000.py,41,[300],"with requests.get(url, stream=True, timeout=300) as r:",reviewed result-affecting/algebraic literal
spatial_screen/scripts/12_download_mirca2000.py,44,"[1, 20]",for chunk in r.iter_content(chunk_size=1 << 20):,reviewed result-affecting/algebraic literal
spatial_screen/scripts/12_download_mirca2000.py,46,[1000000.0],"print(f""  [done] {dest.name} {dest.stat().st_size/1e6:.1f} MB """,reviewed result-affecting/algebraic literal
spatial_screen/scripts/12_download_mirca2000.py,63,[1000000.0],"print(f""    {p.name}  ({p.stat().st_size/1e6:.1f} MB)"")",reviewed result-affecting/algebraic literal
spatial_screen/scripts/12_download_mirca2000.py,64,[0],return 0,reviewed result-affecting/algebraic literal
spatial_screen/scripts/13_build_buffer_country_cwm.py,38,[0],"sys.path.insert(0, str(Path(__file__).parent))",reviewed result-affecting/algebraic literal
spatial_screen/scripts/13_build_buffer_country_cwm.py,44,"[0.01, 0.01, 0.1, 1.0]","SCALE = {""nitrogen"": 0.01, ""bdod"": 0.01, ""soc"": 0.1, ""ocs"": 1.0}",reviewed result-affecting/algebraic literal
spatial_screen/scripts/13_build_buffer_country_cwm.py,45,"[0.05, 0.1, 0.15]","DEPTHS = [(""0-5cm"", 0.05), (""5-15cm"", 0.10), (""15-30cm"", 0.15)]",reviewed result-affecting/algebraic literal
spatial_screen/scripts/13_build_buffer_country_cwm.py,52,[6],for _ in range(6):,reviewed result-affecting/algebraic literal
spatial_screen/scripts/13_build_buffer_country_cwm.py,54,"[1, 0]",header[line[0].lower()] = float(line[1]),reviewed result-affecting/algebraic literal
spatial_screen/scripts/13_build_buffer_country_cwm.py,60,[9999.0],"nodata = header.get(""nodata_value"", -9999.0)",reviewed result-affecting/algebraic literal
spatial_screen/scripts/13_build_buffer_country_cwm.py,67,[0.0],arr[arr == nodata] = 0.0  # zero cropland for missing cells,reviewed result-affecting/algebraic literal
spatial_screen/scripts/13_build_buffer_country_cwm.py,68,"[0, 0]","transform = Affine(cs, 0, xll, 0, -cs, yll + nrows * cs)",reviewed result-affecting/algebraic literal
spatial_screen/scripts/13_build_buffer_country_cwm.py,91,[0],"src_nodata=0,",reviewed result-affecting/algebraic literal
spatial_screen/scripts/13_build_buffer_country_cwm.py,92,[0],"dst_nodata=0,",reviewed result-affecting/algebraic literal
spatial_screen/scripts/13_build_buffer_country_cwm.py,100,[1],arr = src.read(1).astype(np.float32),reviewed result-affecting/algebraic literal
spatial_screen/scripts/13_build_buffer_country_cwm.py,126,[1000000.0],"f""{mirca_arr.sum()/1e6:.0f} Mha"")",reviewed result-affecting/algebraic literal
spatial_screen/scripts/13_build_buffer_country_cwm.py,135,[1000000.0],"f""{mirca_homolosine.sum()/1e6:.0f} Mha """,reviewed result-affecting/algebraic literal
spatial_screen/scripts/13_build_buffer_country_cwm.py,143,"[1, 1]","ne_proj[""country_id""] = np.arange(1, len(ne_proj) + 1, dtype=np.int32)",reviewed result-affecting/algebraic literal
spatial_screen/scripts/13_build_buffer_country_cwm.py,149,[0],"fill=0, dtype=np.int32, all_touched=False,",reviewed result-affecting/algebraic literal
spatial_screen/scripts/13_build_buffer_country_cwm.py,165,[10.0],slab = n_arr * bd_arr * thickness * 10.0,reviewed result-affecting/algebraic literal
spatial_screen/scripts/13_build_buffer_country_cwm.py,167,[0.0],"slab = np.where(slab_valid, slab, 0.0)",reviewed result-affecting/algebraic literal
spatial_screen/scripts/13_build_buffer_country_cwm.py,184,"[0, 0]",base = (ids > 0) & (crop > 0),reviewed result-affecting/algebraic literal
spatial_screen/scripts/13_build_buffer_country_cwm.py,188,[1],"sum_w  = np.bincount(ids[v], weights=crop[v],             minlength=n_countries+1)",reviewed result-affecting/algebraic literal
spatial_screen/scripts/13_build_buffer_country_cwm.py,189,[1],"sum_wx = np.bincount(ids[v], weights=crop[v] * values[v], minlength=n_countries+1)",reviewed result-affecting/algebraic literal
spatial_screen/scripts/13_build_buffer_country_cwm.py,191,[0],"return np.where(sum_w > 0, sum_wx / sum_w, np.nan)",reviewed result-affecting/algebraic literal
spatial_screen/scripts/13_build_buffer_country_cwm.py,198,[1],minlength=n_countries+1),reviewed result-affecting/algebraic literal
spatial_screen/scripts/13_build_buffer_country_cwm.py,199,[1],"cnt     = np.bincount(ids[base & ~np.isnan(bvals)], minlength=n_countries+1)",reviewed result-affecting/algebraic literal
spatial_screen/scripts/13_build_buffer_country_cwm.py,219,[1],"""n_pixels_cropland"":   cnt[1:],",reviewed result-affecting/algebraic literal
spatial_screen/scripts/13_build_buffer_country_cwm.py,220,[1],"""cropped_ha_total"":    sum_w[1:],     # total MIRCA-allocated cropped ha",reviewed result-affecting/algebraic literal
spatial_screen/scripts/13_build_buffer_country_cwm.py,221,[1],"""soc_stock_cwm_t_ha"":  soc_cwm[1:],",reviewed result-affecting/algebraic literal
spatial_screen/scripts/13_build_buffer_country_cwm.py,222,[1],"""n_stock_cwm_t_ha"":    n_cwm[1:],",reviewed result-affecting/algebraic literal
spatial_screen/scripts/13_build_buffer_country_cwm.py,223,[1],"""buffer_proxy_cwm_t_ha"": b_cwm[1:],",reviewed result-affecting/algebraic literal
spatial_screen/scripts/13_build_buffer_country_cwm.py,228,[5],"out[""enough_pixels""] = out[""n_pixels_cropland""] >= 5",reviewed result-affecting/algebraic literal
spatial_screen/scripts/13_build_buffer_country_cwm.py,239,[5],"f""{int((out['n_pixels_cropland'] >= 5).sum())}"")",reviewed result-affecting/algebraic literal
spatial_screen/scripts/13_build_buffer_country_cwm.py,241,[5],"f""{int((out['n_pixels_cropland'] < 5).sum())}"")",reviewed result-affecting/algebraic literal
spatial_screen/scripts/13_build_buffer_country_cwm.py,242,[1000000.0],"print(f""  global cropped area total: {out['cropped_ha_total'].sum()/1e6:.0f} Mha"")",reviewed result-affecting/algebraic literal
spatial_screen/scripts/13_build_buffer_country_cwm.py,245,[10],"show = out[out[""enough_pixels""]].head(10)",reviewed result-affecting/algebraic literal
spatial_screen/scripts/13_build_buffer_country_cwm.py,252,[10],"show = out[out[""enough_pixels""]].tail(10)",reviewed result-affecting/algebraic literal
spatial_screen/scripts/13_build_buffer_country_cwm.py,259,[5000000.0],"big = out[(out[""enough_pixels""]) & (out[""cropped_ha_total""] > 5e6)]",reviewed result-affecting/algebraic literal
spatial_screen/scripts/13_build_buffer_country_cwm.py,265,[15],.head(15),reviewed result-affecting/algebraic literal
spatial_screen/scripts/13_build_buffer_country_cwm.py,268,[0],return 0,reviewed result-affecting/algebraic literal
spatial_screen/scripts/14_phase2_sensitivity.py,21,[0],"sys.path.insert(0, str(Path(__file__).parent))",reviewed result-affecting/algebraic literal
spatial_screen/scripts/14_phase2_sensitivity.py,76,"[150, 0.7]",high = (intensity >= 150) | (reliance >= 0.70),reviewed result-affecting/algebraic literal
spatial_screen/scripts/14_phase2_sensitivity.py,77,"[50, 0.3]",low  = (intensity < 50)   & (reliance < 0.30),reviewed result-affecting/algebraic literal
spatial_screen/scripts/14_phase2_sensitivity.py,93,[0.1],"eligible = df[""exposure_combined""].notna() & (df[""cropland_Mha""] >= 0.1)",reviewed result-affecting/algebraic literal
spatial_screen/scripts/14_phase2_sensitivity.py,94,"[1, 3, 2, 3]","cuts = df.loc[eligible, ""exposure_combined""].quantile([1/3, 2/3]).values",reviewed result-affecting/algebraic literal
spatial_screen/scripts/14_phase2_sensitivity.py,97,"[0, 1]","out[e < cuts[0]] = ""low""; out[e >= cuts[1]] = ""high""",reviewed result-affecting/algebraic literal
spatial_screen/scripts/14_phase2_sensitivity.py,98,"[0, 1]","out[(e >= cuts[0]) & (e < cuts[1])] = ""moderate""",reviewed result-affecting/algebraic literal
spatial_screen/scripts/14_phase2_sensitivity.py,104,[0.1],"eligible = buf_col.notna() & (df[""cropland_Mha""] >= 0.1)",reviewed result-affecting/algebraic literal
spatial_screen/scripts/14_phase2_sensitivity.py,105,"[1, 3, 2, 3]","cuts = buf_col[eligible].quantile([1/3, 2/3]).values",reviewed result-affecting/algebraic literal
spatial_screen/scripts/14_phase2_sensitivity.py,106,"[0, 1]","return buffer_class(buf_col, cuts[0], cuts[1], eligible), tuple(cuts)",reviewed result-affecting/algebraic literal
spatial_screen/scripts/14_phase2_sensitivity.py,113,[100],".assign(pct=lambda x: 100 * x[""cropland_Mha""]",reviewed result-affecting/algebraic literal
spatial_screen/scripts/14_phase2_sensitivity.py,118,[72],"print(""="" * 72)",reviewed result-affecting/algebraic literal
spatial_screen/scripts/14_phase2_sensitivity.py,120,[72],"print(""="" * 72)",reviewed result-affecting/algebraic literal
spatial_screen/scripts/14_phase2_sensitivity.py,133,[25],"ecls = exp_modified_maxrule(df, stake=25)",reviewed result-affecting/algebraic literal
spatial_screen/scripts/14_phase2_sensitivity.py,145,"[1, 0]",.fillna(0).round(1)),reviewed result-affecting/algebraic literal
spatial_screen/scripts/14_phase2_sensitivity.py,153,[0],"print(f""\nBuffer terciles (CWM):    low<{cuts_cwm[0]:.2f}, """,reviewed result-affecting/algebraic literal
spatial_screen/scripts/14_phase2_sensitivity.py,154,[1],"f""high≥{cuts_cwm[1]:.2f} t N/ha"")",reviewed result-affecting/algebraic literal
spatial_screen/scripts/14_phase2_sensitivity.py,155,[0],"print(f""Buffer terciles (median): low<{cuts_med[0]:.2f}, """,reviewed result-affecting/algebraic literal
spatial_screen/scripts/14_phase2_sensitivity.py,156,[1],"f""high≥{cuts_med[1]:.2f} t N/ha"")",reviewed result-affecting/algebraic literal
spatial_screen/scripts/14_phase2_sensitivity.py,174,[100],"f""({100*moved_Mha/df['cropland_Mha'].sum():.1f}%)"")",reviewed result-affecting/algebraic literal
spatial_screen/scripts/14_phase2_sensitivity.py,177,[15],".head(15)[[""iso3"", ""fao_name"", ""cropland_Mha"",",reviewed result-affecting/algebraic literal
spatial_screen/scripts/14_phase2_sensitivity.py,188,[25],"if stake == 25: label += "" *LOCKED*""",reviewed result-affecting/algebraic literal
spatial_screen/scripts/14_phase2_sensitivity.py,191,"[0.66, 0.33]","rules[""combined index ≥ 0.66 (original)""] = panel_c(bcls, exp_combined(df, 0.66, 0.33))",reviewed result-affecting/algebraic literal
spatial_screen/scripts/14_phase2_sensitivity.py,192,"[0.5, 0.25]","rules[""combined index ≥ 0.50""]             = panel_c(bcls, exp_combined(df, 0.50, 0.25))",reviewed result-affecting/algebraic literal
spatial_screen/scripts/14_phase2_sensitivity.py,199,"[1, 0]",.fillna(0).round(1)),reviewed result-affecting/algebraic literal
spatial_screen/scripts/14_phase2_sensitivity.py,206,[25],"base = panel_c(bcls, exp_modified_maxrule(df, 25))",reviewed result-affecting/algebraic literal
spatial_screen/scripts/14_phase2_sensitivity.py,209,[100],"f""({100*base_focal/df['cropland_Mha'].sum():.1f}%)"")",reviewed result-affecting/algebraic literal
spatial_screen/scripts/14_phase2_sensitivity.py,211,[25],if stake == 25: continue,reviewed result-affecting/algebraic literal
spatial_screen/scripts/14_phase2_sensitivity.py,217,[100],"f""({100*f/df['cropland_Mha'].sum():5.1f}%)  | """,reviewed result-affecting/algebraic literal
spatial_screen/scripts/14_phase2_sensitivity.py,219,[100],"f""({100*ch_Mha/df['cropland_Mha'].sum():.1f}%)"")",reviewed result-affecting/algebraic literal
spatial_screen/scripts/14_phase2_sensitivity.py,220,[0],return 0,reviewed result-affecting/algebraic literal
spatial_screen/scripts/15_phase2_panels.py,28,[0],"sys.path.insert(0, str(Path(__file__).parent))",reviewed result-affecting/algebraic literal
spatial_screen/scripts/15_phase2_panels.py,64,"[0.1, 0]","g.loc[g[""cropland_Mha""].fillna(0) < 0.1, ""buffer_proxy_t_ha""] = np.nan",reviewed result-affecting/algebraic literal
spatial_screen/scripts/15_phase2_panels.py,66,"[11, 5.2]","fig, ax = plt.subplots(figsize=(11, 5.2))",excluded visual formatting
spatial_screen/scripts/15_phase2_panels.py,68,"[2, 15]","cmap=""YlGn"", vmin=2, vmax=15,",reviewed result-affecting/algebraic literal
spatial_screen/scripts/15_phase2_panels.py,69,[0.2],"edgecolor=""white"", linewidth=0.2,",excluded visual formatting
spatial_screen/scripts/15_phase2_panels.py,74,[0.6],"""orientation"": ""horizontal"", ""shrink"": 0.6,",reviewed result-affecting/algebraic literal
spatial_screen/scripts/15_phase2_panels.py,75,[0.04],"""pad"": 0.04})",reviewed result-affecting/algebraic literal
spatial_screen/scripts/15_phase2_panels.py,77,[11],"fontsize=11, loc=""left"")",excluded visual formatting
spatial_screen/scripts/15_phase2_panels.py,80,[180],"fig.savefig(out, dpi=180, bbox_inches=""tight"")",excluded visual formatting
spatial_screen/scripts/15_phase2_panels.py,87,"[11, 5.2]","fig, ax = plt.subplots(figsize=(11, 5.2))",excluded visual formatting
spatial_screen/scripts/15_phase2_panels.py,89,"[0, 1]","cmap=""YlOrRd"", vmin=0, vmax=1,",reviewed result-affecting/algebraic literal
spatial_screen/scripts/15_phase2_panels.py,90,[0.2],"edgecolor=""white"", linewidth=0.2,",excluded visual formatting
spatial_screen/scripts/15_phase2_panels.py,95,[0.6],"""orientation"": ""horizontal"", ""shrink"": 0.6,",reviewed result-affecting/algebraic literal
spatial_screen/scripts/15_phase2_panels.py,96,[0.04],"""pad"": 0.04})",reviewed result-affecting/algebraic literal
spatial_screen/scripts/15_phase2_panels.py,98,[11],"fontsize=11, loc=""left"")",excluded visual formatting
spatial_screen/scripts/15_phase2_panels.py,101,[180],"fig.savefig(out, dpi=180, bbox_inches=""tight"")",excluded visual formatting
spatial_screen/scripts/15_phase2_panels.py,110,"[11, 5.2]","fig, ax = plt.subplots(figsize=(11, 5.2))",excluded visual formatting
spatial_screen/scripts/15_phase2_panels.py,111,[0.2],"g.plot(ax=ax, color=g[""color""], edgecolor=""white"", linewidth=0.2)",excluded visual formatting
spatial_screen/scripts/15_phase2_panels.py,118,"[0.02, 0.02]","ax.legend(handles=handles, loc=""lower left"", bbox_to_anchor=(0.02, 0.02),",excluded visual formatting
spatial_screen/scripts/15_phase2_panels.py,119,[7],"fontsize=7, frameon=False)",excluded visual formatting
spatial_screen/scripts/15_phase2_panels.py,121,[11],"fontsize=11, loc=""left"")",excluded visual formatting
spatial_screen/scripts/15_phase2_panels.py,124,[180],"fig.savefig(out, dpi=180, bbox_inches=""tight"")",excluded visual formatting
spatial_screen/scripts/15_phase2_panels.py,136,[0],.fillna(0).reindex(class_order)),reviewed result-affecting/algebraic literal
spatial_screen/scripts/15_phase2_panels.py,140,"[9, 5]","fig, ax = plt.subplots(figsize=(9, 5))",excluded visual formatting
spatial_screen/scripts/15_phase2_panels.py,147,[10],"label=region, color=cmap(i % 10), edgecolor=""white"")",excluded visual formatting
spatial_screen/scripts/15_phase2_panels.py,151,[11],"fontsize=11, loc=""left"")",excluded visual formatting
spatial_screen/scripts/15_phase2_panels.py,152,"[20, 8]","plt.setp(ax.get_xticklabels(), rotation=20, ha=""right"", fontsize=8)",excluded visual formatting
spatial_screen/scripts/15_phase2_panels.py,153,"[7, 1.02, 1]","ax.legend(loc=""upper left"", bbox_to_anchor=(1.02, 1), fontsize=7,",excluded visual formatting
spatial_screen/scripts/15_phase2_panels.py,156,[180],"fig.savefig(out, dpi=180, bbox_inches=""tight"")",excluded visual formatting
spatial_screen/scripts/15_phase2_panels.py,163,"[16, 10]","fig = plt.figure(figsize=(16, 10))",excluded visual formatting
spatial_screen/scripts/15_phase2_panels.py,164,"[2, 2, 0.1, 0.05]","gs = GridSpec(2, 2, figure=fig, hspace=0.10, wspace=0.05)",reviewed result-affecting/algebraic literal
spatial_screen/scripts/15_phase2_panels.py,179,"[13, 0.995]","fontsize=13, y=0.995,",excluded visual formatting
spatial_screen/scripts/15_phase2_panels.py,181,[140],"fig.savefig(out, dpi=140, bbox_inches=""tight"")",excluded visual formatting
spatial_screen/scripts/15_phase2_panels.py,196,[0],return 0,reviewed result-affecting/algebraic literal
spatial_screen/scripts/16_phase2_final_audit.py,35,[0],"sys.path.insert(0, str(Path(__file__).parent))",reviewed result-affecting/algebraic literal
spatial_screen/scripts/16_phase2_final_audit.py,67,[2],vx  = (w * (x - mx) ** 2).sum(),reviewed result-affecting/algebraic literal
spatial_screen/scripts/16_phase2_final_audit.py,68,[2],vy  = (w * (y - my) ** 2).sum(),reviewed result-affecting/algebraic literal
spatial_screen/scripts/16_phase2_final_audit.py,82,[0],"df = df[df[""cropland_Mha""] > 0]",reviewed result-affecting/algebraic literal
spatial_screen/scripts/16_phase2_final_audit.py,115,[0],ok = ~np.isnan(values) & (weights > 0),reviewed result-affecting/algebraic literal
spatial_screen/scripts/16_phase2_final_audit.py,122,[1],"idx = min(idx, len(v) - 1)",reviewed result-affecting/algebraic literal
spatial_screen/scripts/16_phase2_final_audit.py,163,[0.1],"eligible = (vul[""cropland_Mha""] >= 0.1) & buffer_field[""values""].notna()",reviewed result-affecting/algebraic literal
spatial_screen/scripts/16_phase2_final_audit.py,169,"[0.3, 0.4, 1, 3]","for low_q in (0.30, 1/3, 0.40):",reviewed result-affecting/algebraic literal
spatial_screen/scripts/16_phase2_final_audit.py,171,[1],high_q = 1 - low_q   # symmetric: top fraction of same size,reviewed result-affecting/algebraic literal
spatial_screen/scripts/16_phase2_final_audit.py,173,[0],"w = vul[""cropland_Mha""].fillna(0).values",reviewed result-affecting/algebraic literal
spatial_screen/scripts/16_phase2_final_audit.py,187,[100],"f""{buffer_field['name']}_{weighting}_low{int(low_q*100)}""",reviewed result-affecting/algebraic literal
spatial_screen/scripts/16_phase2_final_audit.py,193,[0],"chn_cls   = cls[vul[""iso3""] == ""CHN""].iloc[0] if (vul[""iso3""] == ""CHN"").any() else ""n/a""",reviewed result-affecting/algebraic literal
spatial_screen/scripts/16_phase2_final_audit.py,197,[10],".head(10)[""iso3""]",reviewed result-affecting/algebraic literal
spatial_screen/scripts/16_phase2_final_audit.py,207,[100],"""focal_pct"":         100 * focal_Mha",reviewed result-affecting/algebraic literal
spatial_screen/scripts/16_phase2_final_audit.py,222,[0.1],"eligible = vul[""cropland_Mha""] >= 0.1",reviewed result-affecting/algebraic literal
spatial_screen/scripts/16_phase2_final_audit.py,224,[100],rank = sub.rank(pct=True) * 100,reviewed result-affecting/algebraic literal
spatial_screen/scripts/16_phase2_final_audit.py,252,[1],"pathway = vul.apply(exposure_pathway, axis=1)",reviewed result-affecting/algebraic literal
spatial_screen/scripts/16_phase2_final_audit.py,259,[0],i = vul.index[m][0],reviewed result-affecting/algebraic literal
spatial_screen/scripts/16_phase2_final_audit.py,276,[0],"""class_phase1"":    p1.iloc[0] if len(p1) else ""n/a"",",reviewed result-affecting/algebraic literal
spatial_screen/scripts/16_phase2_final_audit.py,277,[0],"""class_phase2"":    p2.iloc[0] if len(p2) else ""n/a"",",reviewed result-affecting/algebraic literal
spatial_screen/scripts/16_phase2_final_audit.py,379,[1000000.0],"cropped_total = buf[""cropped_ha_total""].sum() / 1e6 if ""cropped_ha_total"" in buf.columns else float(""nan"")",reviewed result-affecting/algebraic literal
spatial_screen/scripts/16_phase2_final_audit.py,392,[0],return 0,reviewed result-affecting/algebraic literal
spatial_screen/scripts/17_phase2_panels_production.py,33,[0],"sys.path.insert(0, str(Path(__file__).parent))",reviewed result-affecting/algebraic literal
spatial_screen/scripts/17_phase2_panels_production.py,40,[9],"""font.size"":        9,",reviewed result-affecting/algebraic literal
spatial_screen/scripts/17_phase2_panels_production.py,41,[10],"""axes.titlesize"":   10,",reviewed result-affecting/algebraic literal
spatial_screen/scripts/17_phase2_panels_production.py,42,[9],"""axes.labelsize"":   9,",reviewed result-affecting/algebraic literal
spatial_screen/scripts/17_phase2_panels_production.py,43,[8],"""xtick.labelsize"":  8,",reviewed result-affecting/algebraic literal
spatial_screen/scripts/17_phase2_panels_production.py,44,[8],"""ytick.labelsize"":  8,",reviewed result-affecting/algebraic literal
spatial_screen/scripts/17_phase2_panels_production.py,45,[8],"""legend.fontsize"":  8,",excluded visual formatting
spatial_screen/scripts/17_phase2_panels_production.py,46,[150],"""figure.dpi"":       150,   # screen preview only",reviewed result-affecting/algebraic literal
spatial_screen/scripts/17_phase2_panels_production.py,47,[300],"""savefig.dpi"":      300,   # production raster",reviewed result-affecting/algebraic literal
spatial_screen/scripts/17_phase2_panels_production.py,48,[42],"""pdf.fonttype"":     42,    # embed TrueType (editable in Illustrator)",reviewed result-affecting/algebraic literal
spatial_screen/scripts/17_phase2_panels_production.py,49,[42],"""ps.fonttype"":      42,",reviewed result-affecting/algebraic literal
spatial_screen/scripts/17_phase2_panels_production.py,77,[300],"dpi=300 if fmt == ""png"" else None,",excluded visual formatting
spatial_screen/scripts/17_phase2_panels_production.py,79,[1024],size_kb = out.stat().st_size / 1024,reviewed result-affecting/algebraic literal
spatial_screen/scripts/17_phase2_panels_production.py,94,"[0.1, 0]","g.loc[g[""cropland_Mha""].fillna(0) < 0.1, ""buffer_proxy_t_ha""] = np.nan",reviewed result-affecting/algebraic literal
spatial_screen/scripts/17_phase2_panels_production.py,96,"[2, 15]","cmap=""YlGn"", vmin=2, vmax=15,",reviewed result-affecting/algebraic literal
spatial_screen/scripts/17_phase2_panels_production.py,97,[0.15],"edgecolor=""white"", linewidth=0.15,",excluded visual formatting
spatial_screen/scripts/17_phase2_panels_production.py,99,[0.15],"""linewidth"": 0.15},",excluded visual formatting
spatial_screen/scripts/17_phase2_panels_production.py,104,"[0.6, 0.04, 30]","""shrink"": 0.6, ""pad"": 0.04, ""aspect"": 30})",reviewed result-affecting/algebraic literal
spatial_screen/scripts/17_phase2_panels_production.py,111,"[0, 1]","cmap=""YlOrRd"", vmin=0, vmax=1,",reviewed result-affecting/algebraic literal
spatial_screen/scripts/17_phase2_panels_production.py,112,[0.15],"edgecolor=""white"", linewidth=0.15,",excluded visual formatting
spatial_screen/scripts/17_phase2_panels_production.py,114,[0.15],"""linewidth"": 0.15},",excluded visual formatting
spatial_screen/scripts/17_phase2_panels_production.py,118,"[0.6, 0.04, 30]","""shrink"": 0.6, ""pad"": 0.04, ""aspect"": 30})",reviewed result-affecting/algebraic literal
spatial_screen/scripts/17_phase2_panels_production.py,126,[0.15],"g.plot(ax=ax, color=g[""color""], edgecolor=""white"", linewidth=0.15)",excluded visual formatting
spatial_screen/scripts/17_phase2_panels_production.py,133,"[0.0, 0.05]","ax.legend(handles=handles, loc=""lower left"", bbox_to_anchor=(0.0, -0.05),",excluded visual formatting
spatial_screen/scripts/17_phase2_panels_production.py,134,"[7, 2]","fontsize=7, frameon=False, ncol=2,",excluded visual formatting
spatial_screen/scripts/17_phase2_panels_production.py,135,"[1.0, 0.8, 0.2]","handlelength=1.0, handleheight=0.8, borderpad=0.2)",reviewed result-affecting/algebraic literal
spatial_screen/scripts/17_phase2_panels_production.py,146,[0],.fillna(0).reindex(class_order)),reviewed result-affecting/algebraic literal
spatial_screen/scripts/17_phase2_panels_production.py,156,"[0.5, 10]","color=cmap(i % 10), edgecolor=""white"", linewidth=0.5)",excluded visual formatting
spatial_screen/scripts/17_phase2_panels_production.py,159,"[20, 8]","plt.setp(ax.get_xticklabels(), rotation=20, ha=""right"", fontsize=8)",excluded visual formatting
spatial_screen/scripts/17_phase2_panels_production.py,160,"[1.02, 1.0]","ax.legend(loc=""upper left"", bbox_to_anchor=(1.02, 1.0),",excluded visual formatting
spatial_screen/scripts/17_phase2_panels_production.py,161,[7],"fontsize=7, title=""Region"", frameon=False)",excluded visual formatting
spatial_screen/scripts/17_phase2_panels_production.py,169,"[7.0, 3.4]","fig, ax = plt.subplots(figsize=(7.0, 3.4))",excluded visual formatting
spatial_screen/scripts/17_phase2_panels_production.py,172,[10],"fontsize=10, loc=""left"", weight=""bold"")",excluded visual formatting
spatial_screen/scripts/17_phase2_panels_production.py,175,"[7.0, 3.4]","fig, ax = plt.subplots(figsize=(7.0, 3.4))",excluded visual formatting
spatial_screen/scripts/17_phase2_panels_production.py,178,[10],"fontsize=10, loc=""left"", weight=""bold"")",excluded visual formatting
spatial_screen/scripts/17_phase2_panels_production.py,181,"[7.0, 3.6]","fig, ax = plt.subplots(figsize=(7.0, 3.6))",excluded visual formatting
spatial_screen/scripts/17_phase2_panels_production.py,184,[10],"fontsize=10, loc=""left"", weight=""bold"")",excluded visual formatting
spatial_screen/scripts/17_phase2_panels_production.py,187,"[7.0, 4.0]","fig, ax = plt.subplots(figsize=(7.0, 4.0))",excluded visual formatting
spatial_screen/scripts/17_phase2_panels_production.py,190,[10],"fontsize=10, loc=""left"", weight=""bold"")",excluded visual formatting
spatial_screen/scripts/17_phase2_panels_production.py,196,"[14, 8.4]","fig = plt.figure(figsize=(14, 8.4), constrained_layout=False)",excluded visual formatting
spatial_screen/scripts/17_phase2_panels_production.py,197,"[2, 2, 0.03, 0.97, 0.93, 0.06]","gs = fig.add_gridspec(2, 2, left=0.03, right=0.97, top=0.93, bottom=0.06,",reviewed result-affecting/algebraic literal
spatial_screen/scripts/17_phase2_panels_production.py,198,"[0.3, 0.1]","hspace=0.30, wspace=0.10)",reviewed result-affecting/algebraic literal
spatial_screen/scripts/17_phase2_panels_production.py,200,"[0, 0]","ax_a = fig.add_subplot(gs[0, 0]); _draw_panel_a(ax_a, world, vul)",reviewed result-affecting/algebraic literal
spatial_screen/scripts/17_phase2_panels_production.py,202,[10],"fontsize=10, loc=""left"", weight=""bold"")",excluded visual formatting
spatial_screen/scripts/17_phase2_panels_production.py,204,"[0, 1]","ax_b = fig.add_subplot(gs[0, 1]); _draw_panel_b(ax_b, world, vul)",reviewed result-affecting/algebraic literal
spatial_screen/scripts/17_phase2_panels_production.py,206,[10],"fontsize=10, loc=""left"", weight=""bold"")",excluded visual formatting
spatial_screen/scripts/17_phase2_panels_production.py,208,"[1, 0]","ax_c = fig.add_subplot(gs[1, 0]); _draw_panel_c(ax_c, world, vul)",reviewed result-affecting/algebraic literal
spatial_screen/scripts/17_phase2_panels_production.py,210,[10],"fontsize=10, loc=""left"", weight=""bold"")",excluded visual formatting
spatial_screen/scripts/17_phase2_panels_production.py,212,"[1, 1]","ax_d = fig.add_subplot(gs[1, 1]); _draw_panel_d(ax_d)",reviewed result-affecting/algebraic literal
spatial_screen/scripts/17_phase2_panels_production.py,214,[10],"fontsize=10, loc=""left"", weight=""bold"")",excluded visual formatting
spatial_screen/scripts/17_phase2_panels_production.py,219,"[12, 0.985]","fontsize=12, weight=""bold"", y=0.985,",excluded visual formatting
spatial_screen/scripts/17_phase2_panels_production.py,232,[60],"lines.append(""="" * 60)",reviewed result-affecting/algebraic literal
spatial_screen/scripts/17_phase2_panels_production.py,262,[0],return 0,reviewed result-affecting/algebraic literal
spatial_screen/scripts/18_phase2_publication_ready.py,39,[0],"sys.path.insert(0, str(Path(__file__).parent))",reviewed result-affecting/algebraic literal
spatial_screen/scripts/18_phase2_publication_ready.py,48,[9],"""font.size"":        9,",reviewed result-affecting/algebraic literal
spatial_screen/scripts/18_phase2_publication_ready.py,49,[9.5],"""axes.titlesize"":   9.5,",reviewed result-affecting/algebraic literal
spatial_screen/scripts/18_phase2_publication_ready.py,50,[9],"""axes.labelsize"":   9,",reviewed result-affecting/algebraic literal
spatial_screen/scripts/18_phase2_publication_ready.py,51,[8],"""xtick.labelsize"":  8,",reviewed result-affecting/algebraic literal
spatial_screen/scripts/18_phase2_publication_ready.py,52,[8],"""ytick.labelsize"":  8,",reviewed result-affecting/algebraic literal
spatial_screen/scripts/18_phase2_publication_ready.py,53,[7.5],"""legend.fontsize"":  7.5,",excluded visual formatting
spatial_screen/scripts/18_phase2_publication_ready.py,54,[150],"""figure.dpi"":       150,",reviewed result-affecting/algebraic literal
spatial_screen/scripts/18_phase2_publication_ready.py,55,[300],"""savefig.dpi"":      300,",reviewed result-affecting/algebraic literal
spatial_screen/scripts/18_phase2_publication_ready.py,56,[42],"""pdf.fonttype"":     42,    # embed TrueType (Illustrator-editable)",reviewed result-affecting/algebraic literal
spatial_screen/scripts/18_phase2_publication_ready.py,57,[42],"""ps.fonttype"":      42,",reviewed result-affecting/algebraic literal
spatial_screen/scripts/18_phase2_publication_ready.py,111,"[4, 9.5]","def titled(ax, letter: str, title: str, pad: int = 4, fontsize: float = 9.5):",excluded visual formatting
spatial_screen/scripts/18_phase2_publication_ready.py,126,[300],"dpi=300 if fmt == ""png"" else None)",excluded visual formatting
spatial_screen/scripts/18_phase2_publication_ready.py,127,[1024],kb = out.stat().st_size / 1024,reviewed result-affecting/algebraic literal
spatial_screen/scripts/18_phase2_publication_ready.py,147,"[0.1, 0]","g.loc[g[""cropland_Mha""].fillna(0) < 0.1, ""buffer_proxy_t_ha""] = np.nan",reviewed result-affecting/algebraic literal
spatial_screen/scripts/18_phase2_publication_ready.py,149,"[2, 15]","cmap=""YlGn"", vmin=2, vmax=15,",reviewed result-affecting/algebraic literal
spatial_screen/scripts/18_phase2_publication_ready.py,150,[0.15],"edgecolor=""white"", linewidth=0.15,",excluded visual formatting
spatial_screen/scripts/18_phase2_publication_ready.py,152,[0.15],"""linewidth"": 0.15},",excluded visual formatting
spatial_screen/scripts/18_phase2_publication_ready.py,157,[0.55],"""orientation"": ""horizontal"", ""shrink"": 0.55,",reviewed result-affecting/algebraic literal
spatial_screen/scripts/18_phase2_publication_ready.py,158,"[0.01, 32]","""pad"": 0.01, ""aspect"": 32,",reviewed result-affecting/algebraic literal
spatial_screen/scripts/18_phase2_publication_ready.py,169,"[0, 1]","cmap=""YlOrRd"", vmin=0, vmax=1,",reviewed result-affecting/algebraic literal
spatial_screen/scripts/18_phase2_publication_ready.py,170,[0.15],"edgecolor=""white"", linewidth=0.15,",excluded visual formatting
spatial_screen/scripts/18_phase2_publication_ready.py,172,[0.15],"""linewidth"": 0.15},",excluded visual formatting
spatial_screen/scripts/18_phase2_publication_ready.py,176,[0.55],"""orientation"": ""horizontal"", ""shrink"": 0.55,",reviewed result-affecting/algebraic literal
spatial_screen/scripts/18_phase2_publication_ready.py,177,"[0.01, 32]","""pad"": 0.01, ""aspect"": 32,",reviewed result-affecting/algebraic literal
spatial_screen/scripts/18_phase2_publication_ready.py,189,[0.15],"g.plot(ax=ax, color=g[""color""], edgecolor=""white"", linewidth=0.15)",excluded visual formatting
spatial_screen/scripts/18_phase2_publication_ready.py,193,[0.4],"edgecolor=""0.4"", linewidth=0.4,",excluded visual formatting
spatial_screen/scripts/18_phase2_publication_ready.py,197,"[0.5, 0.18]","bbox_to_anchor=(0.5, -0.18),",excluded visual formatting
spatial_screen/scripts/18_phase2_publication_ready.py,198,"[3, 8.0]","ncol=3, fontsize=8.0, frameon=False,",excluded visual formatting
spatial_screen/scripts/18_phase2_publication_ready.py,199,"[1.3, 1.0]","handlelength=1.3, handleheight=1.0,",reviewed result-affecting/algebraic literal
spatial_screen/scripts/18_phase2_publication_ready.py,200,"[0.8, 0.4, 0.2]","columnspacing=0.8, labelspacing=0.4, borderpad=0.2)",reviewed result-affecting/algebraic literal
spatial_screen/scripts/18_phase2_publication_ready.py,208,[0],.fillna(0).reindex(CLASS_ORDER)),reviewed result-affecting/algebraic literal
spatial_screen/scripts/18_phase2_publication_ready.py,213,[1],y_pos = np.arange(len(pivot))[::-1]   # top-to-bottom: class 1 at top,reviewed result-affecting/algebraic literal
spatial_screen/scripts/18_phase2_publication_ready.py,219,"[0.5, 10]","color=cmap(i % 10), edgecolor=""white"", linewidth=0.5,",excluded visual formatting
spatial_screen/scripts/18_phase2_publication_ready.py,220,[0.78],height=0.78),reviewed result-affecting/algebraic literal
spatial_screen/scripts/18_phase2_publication_ready.py,226,[10],"titled(ax, ""d"", ""FAOSTAT cropland area by class and region"", pad=10)",reviewed result-affecting/algebraic literal
spatial_screen/scripts/18_phase2_publication_ready.py,227,[3],"ax.tick_params(axis=""x"", direction=""out"", length=3)",excluded visual formatting
spatial_screen/scripts/18_phase2_publication_ready.py,228,[2],"ax.tick_params(axis=""y"", direction=""out"", length=2)",excluded visual formatting
spatial_screen/scripts/18_phase2_publication_ready.py,231,"[0, 1.06]","ax.set_xlim(0, xmax * 1.06)",excluded visual formatting
spatial_screen/scripts/18_phase2_publication_ready.py,232,"[1.02, 1.0]","ax.legend(loc=""upper left"", bbox_to_anchor=(1.02, 1.0),",excluded visual formatting
spatial_screen/scripts/18_phase2_publication_ready.py,233,"[6.2, 6.8]","fontsize=6.2, title=""Region"", title_fontsize=6.8,",excluded visual formatting
spatial_screen/scripts/18_phase2_publication_ready.py,234,"[0.9, 0.8]","frameon=False, handlelength=0.9, handleheight=0.8,",reviewed result-affecting/algebraic literal
spatial_screen/scripts/18_phase2_publication_ready.py,235,"[0.5, 0.35, 0.15]","columnspacing=0.5, labelspacing=0.35, borderpad=0.15)",reviewed result-affecting/algebraic literal
spatial_screen/scripts/18_phase2_publication_ready.py,243,[0],.fillna(0).reindex(CLASS_ORDER)),reviewed result-affecting/algebraic literal
spatial_screen/scripts/18_phase2_publication_ready.py,252,"[0.5, 10]","color=cmap(i % 10), edgecolor=""white"", linewidth=0.5)",excluded visual formatting
spatial_screen/scripts/18_phase2_publication_ready.py,256,"[1.02, 1.0]","ax.legend(loc=""upper left"", bbox_to_anchor=(1.02, 1.0),",excluded visual formatting
spatial_screen/scripts/18_phase2_publication_ready.py,257,"[6.2, 6.8]","fontsize=6.2, title=""Region"", title_fontsize=6.8,",excluded visual formatting
spatial_screen/scripts/18_phase2_publication_ready.py,268,"[13.8, 8.6]","fig = plt.figure(figsize=(13.8, 8.6))",excluded visual formatting
spatial_screen/scripts/18_phase2_publication_ready.py,269,"[2, 2]","gs = fig.add_gridspec(2, 2,",reviewed result-affecting/algebraic literal
spatial_screen/scripts/18_phase2_publication_ready.py,270,"[0.03, 0.84]","left=0.03, right=0.84,    # leave room on right",reviewed result-affecting/algebraic literal
spatial_screen/scripts/18_phase2_publication_ready.py,272,"[0.92, 0.06]","top=0.92, bottom=0.06,",reviewed result-affecting/algebraic literal
spatial_screen/scripts/18_phase2_publication_ready.py,273,"[0.28, 0.1]","hspace=0.28, wspace=0.10,",reviewed result-affecting/algebraic literal
spatial_screen/scripts/18_phase2_publication_ready.py,274,"[1.0, 1.0]","width_ratios=[1.0, 1.0])",reviewed result-affecting/algebraic literal
spatial_screen/scripts/18_phase2_publication_ready.py,276,"[0, 0]","ax_a = fig.add_subplot(gs[0, 0]); draw_panel_a(ax_a, world, vul)",reviewed result-affecting/algebraic literal
spatial_screen/scripts/18_phase2_publication_ready.py,277,"[0, 1]","ax_b = fig.add_subplot(gs[0, 1]); draw_panel_b(ax_b, world, vul)",reviewed result-affecting/algebraic literal
spatial_screen/scripts/18_phase2_publication_ready.py,278,"[1, 0]","ax_c = fig.add_subplot(gs[1, 0]); draw_panel_c(ax_c, world, vul)",reviewed result-affecting/algebraic literal
spatial_screen/scripts/18_phase2_publication_ready.py,279,"[1, 1]","ax_d = fig.add_subplot(gs[1, 1]); draw_panel_d_horizontal(ax_d)",reviewed result-affecting/algebraic literal
spatial_screen/scripts/18_phase2_publication_ready.py,284,"[11.5, 0.972]","fontsize=11.5, weight=""bold"", y=0.972,",excluded visual formatting
spatial_screen/scripts/18_phase2_publication_ready.py,292,"[8.5, 4.0]","fig, ax = plt.subplots(figsize=(8.5, 4.0))",excluded visual formatting
spatial_screen/scripts/18_phase2_publication_ready.py,296,[300],"fig.savefig(out, dpi=300, bbox_inches=""tight"")",excluded visual formatting
spatial_screen/scripts/18_phase2_publication_ready.py,299,[1024],"f""({out.stat().st_size/1024:,.0f} KB)"")",reviewed result-affecting/algebraic literal
spatial_screen/scripts/18_phase2_publication_ready.py,304,"[8.0, 4.5]","fig, ax = plt.subplots(figsize=(8.0, 4.5))",excluded visual formatting
spatial_screen/scripts/18_phase2_publication_ready.py,308,[300],"fig.savefig(out, dpi=300, bbox_inches=""tight"")",excluded visual formatting
spatial_screen/scripts/18_phase2_publication_ready.py,311,[1024],"f""({out.stat().st_size/1024:,.0f} KB)"")",reviewed result-affecting/algebraic literal
spatial_screen/scripts/18_phase2_publication_ready.py,340,[0],return 0,reviewed result-affecting/algebraic literal
spatial_screen/scripts/19_fig4_mechanism_screen_v10.py,46,[0],"sys.path.insert(0, str(Path(__file__).parent))",reviewed result-affecting/algebraic literal
spatial_screen/scripts/19_fig4_mechanism_screen_v10.py,52,[9],"""font.size"":        9,",reviewed result-affecting/algebraic literal
spatial_screen/scripts/19_fig4_mechanism_screen_v10.py,53,[9.5],"""axes.titlesize"":   9.5,",reviewed result-affecting/algebraic literal
spatial_screen/scripts/19_fig4_mechanism_screen_v10.py,54,[9],"""axes.labelsize"":   9,",reviewed result-affecting/algebraic literal
spatial_screen/scripts/19_fig4_mechanism_screen_v10.py,55,[8],"""xtick.labelsize"":  8,",reviewed result-affecting/algebraic literal
spatial_screen/scripts/19_fig4_mechanism_screen_v10.py,56,[8],"""ytick.labelsize"":  8,",reviewed result-affecting/algebraic literal
spatial_screen/scripts/19_fig4_mechanism_screen_v10.py,57,[7.5],"""legend.fontsize"":  7.5,",excluded visual formatting
spatial_screen/scripts/19_fig4_mechanism_screen_v10.py,58,[300],"""savefig.dpi"":      300,",reviewed result-affecting/algebraic literal
spatial_screen/scripts/19_fig4_mechanism_screen_v10.py,59,[42],"""pdf.fonttype"":     42,",reviewed result-affecting/algebraic literal
spatial_screen/scripts/19_fig4_mechanism_screen_v10.py,60,[42],"""ps.fonttype"":      42,",reviewed result-affecting/algebraic literal
spatial_screen/scripts/19_fig4_mechanism_screen_v10.py,103,"[4, 9.5]","def titled(ax, letter, title, pad=4, fontsize=9.5):",excluded visual formatting
spatial_screen/scripts/19_fig4_mechanism_screen_v10.py,113,[300],"dpi=300 if fmt == ""png"" else None)",excluded visual formatting
spatial_screen/scripts/19_fig4_mechanism_screen_v10.py,115,[1024],"print(f""  wrote {out.name}  ({out.stat().st_size/1024:,.0f} KB)"")",reviewed result-affecting/algebraic literal
spatial_screen/scripts/19_fig4_mechanism_screen_v10.py,135,"[0.1, 0]","g.loc[g[""cropland_Mha""].fillna(0) < 0.1, ""buffer_proxy_t_ha""] = np.nan",reviewed result-affecting/algebraic literal
spatial_screen/scripts/19_fig4_mechanism_screen_v10.py,137,"[2, 15]","cmap=""viridis"", vmin=2, vmax=15,",reviewed result-affecting/algebraic literal
spatial_screen/scripts/19_fig4_mechanism_screen_v10.py,138,[0.15],"edgecolor=""white"", linewidth=0.15,",excluded visual formatting
spatial_screen/scripts/19_fig4_mechanism_screen_v10.py,140,[0.15],"""linewidth"": 0.15},",excluded visual formatting
spatial_screen/scripts/19_fig4_mechanism_screen_v10.py,145,[0.55],"""orientation"": ""horizontal"", ""shrink"": 0.55,",reviewed result-affecting/algebraic literal
spatial_screen/scripts/19_fig4_mechanism_screen_v10.py,146,"[0.01, 32]","""pad"": 0.01, ""aspect"": 32,",reviewed result-affecting/algebraic literal
spatial_screen/scripts/19_fig4_mechanism_screen_v10.py,157,"[0, 1]","cmap=""magma"", vmin=0, vmax=1,",reviewed result-affecting/algebraic literal
spatial_screen/scripts/19_fig4_mechanism_screen_v10.py,158,[0.15],"edgecolor=""white"", linewidth=0.15,",excluded visual formatting
spatial_screen/scripts/19_fig4_mechanism_screen_v10.py,160,[0.15],"""linewidth"": 0.15},",excluded visual formatting
spatial_screen/scripts/19_fig4_mechanism_screen_v10.py,164,[0.55],"""orientation"": ""horizontal"", ""shrink"": 0.55,",reviewed result-affecting/algebraic literal
spatial_screen/scripts/19_fig4_mechanism_screen_v10.py,165,"[0.01, 32]","""pad"": 0.01, ""aspect"": 32,",reviewed result-affecting/algebraic literal
spatial_screen/scripts/19_fig4_mechanism_screen_v10.py,177,[0.15],"g.plot(ax=ax, color=g[""color""], edgecolor=""white"", linewidth=0.15)",excluded visual formatting
spatial_screen/scripts/19_fig4_mechanism_screen_v10.py,182,[0.4],"edgecolor=""0.4"", linewidth=0.4,",excluded visual formatting
spatial_screen/scripts/19_fig4_mechanism_screen_v10.py,186,"[0.5, 0.18]","bbox_to_anchor=(0.5, -0.18),",excluded visual formatting
spatial_screen/scripts/19_fig4_mechanism_screen_v10.py,187,"[3, 8.0]","ncol=3, fontsize=8.0, frameon=False,",excluded visual formatting
spatial_screen/scripts/19_fig4_mechanism_screen_v10.py,188,"[1.3, 1.0]","handlelength=1.3, handleheight=1.0,",reviewed result-affecting/algebraic literal
spatial_screen/scripts/19_fig4_mechanism_screen_v10.py,189,"[0.8, 0.4, 0.2]","columnspacing=0.8, labelspacing=0.4, borderpad=0.2)",reviewed result-affecting/algebraic literal
spatial_screen/scripts/19_fig4_mechanism_screen_v10.py,197,[0],.fillna(0).reindex(CLASS_ORDER)),reviewed result-affecting/algebraic literal
spatial_screen/scripts/19_fig4_mechanism_screen_v10.py,202,[1],y_pos = np.arange(len(pivot))[::-1],reviewed result-affecting/algebraic literal
spatial_screen/scripts/19_fig4_mechanism_screen_v10.py,207,"[0.5, 10]","color=cmap(i % 10), edgecolor=""white"", linewidth=0.5,",excluded visual formatting
spatial_screen/scripts/19_fig4_mechanism_screen_v10.py,208,[0.78],height=0.78),reviewed result-affecting/algebraic literal
spatial_screen/scripts/19_fig4_mechanism_screen_v10.py,215,[10],pad=10),reviewed result-affecting/algebraic literal
spatial_screen/scripts/19_fig4_mechanism_screen_v10.py,216,[3],"ax.tick_params(axis=""x"", direction=""out"", length=3)",excluded visual formatting
spatial_screen/scripts/19_fig4_mechanism_screen_v10.py,217,[2],"ax.tick_params(axis=""y"", direction=""out"", length=2)",excluded visual formatting
spatial_screen/scripts/19_fig4_mechanism_screen_v10.py,219,"[0, 1.06]","ax.set_xlim(0, xmax * 1.06)",excluded visual formatting
spatial_screen/scripts/19_fig4_mechanism_screen_v10.py,228,"[0.985, 0.18]","ax.text(0.985, 0.18, annotation,",excluded visual formatting
spatial_screen/scripts/19_fig4_mechanism_screen_v10.py,231,[6.8],"fontsize=6.8, color=""#333333"",",excluded visual formatting
spatial_screen/scripts/19_fig4_mechanism_screen_v10.py,233,[0.5],"linewidth=0.5, boxstyle=""round,pad=0.4""),",excluded visual formatting
spatial_screen/scripts/19_fig4_mechanism_screen_v10.py,236,"[1.02, 1.0]","ax.legend(loc=""upper left"", bbox_to_anchor=(1.02, 1.0),",excluded visual formatting
spatial_screen/scripts/19_fig4_mechanism_screen_v10.py,237,"[6.2, 6.8]","fontsize=6.2, title=""Region"", title_fontsize=6.8,",excluded visual formatting
spatial_screen/scripts/19_fig4_mechanism_screen_v10.py,238,"[0.9, 0.8]","frameon=False, handlelength=0.9, handleheight=0.8,",reviewed result-affecting/algebraic literal
spatial_screen/scripts/19_fig4_mechanism_screen_v10.py,239,"[0.5, 0.35, 0.15]","columnspacing=0.5, labelspacing=0.35, borderpad=0.15)",reviewed result-affecting/algebraic literal
spatial_screen/scripts/19_fig4_mechanism_screen_v10.py,248,"[13.8, 8.6]","fig = plt.figure(figsize=(13.8, 8.6))",excluded visual formatting
spatial_screen/scripts/19_fig4_mechanism_screen_v10.py,249,"[2, 2]","gs = fig.add_gridspec(2, 2,",reviewed result-affecting/algebraic literal
spatial_screen/scripts/19_fig4_mechanism_screen_v10.py,250,"[0.03, 0.84]","left=0.03, right=0.84,",reviewed result-affecting/algebraic literal
spatial_screen/scripts/19_fig4_mechanism_screen_v10.py,251,"[0.9, 0.06]","top=0.90, bottom=0.06,",reviewed result-affecting/algebraic literal
spatial_screen/scripts/19_fig4_mechanism_screen_v10.py,252,"[0.28, 0.1]","hspace=0.28, wspace=0.10,",reviewed result-affecting/algebraic literal
spatial_screen/scripts/19_fig4_mechanism_screen_v10.py,253,"[1.0, 1.0]","width_ratios=[1.0, 1.0])",reviewed result-affecting/algebraic literal
spatial_screen/scripts/19_fig4_mechanism_screen_v10.py,255,"[0, 0]","ax_a = fig.add_subplot(gs[0, 0]); draw_panel_a(ax_a, world, vul)",reviewed result-affecting/algebraic literal
spatial_screen/scripts/19_fig4_mechanism_screen_v10.py,256,"[0, 1]","ax_b = fig.add_subplot(gs[0, 1]); draw_panel_b(ax_b, world, vul)",reviewed result-affecting/algebraic literal
spatial_screen/scripts/19_fig4_mechanism_screen_v10.py,257,"[1, 0]","ax_c = fig.add_subplot(gs[1, 0]); draw_panel_c(ax_c, world, vul)",reviewed result-affecting/algebraic literal
spatial_screen/scripts/19_fig4_mechanism_screen_v10.py,258,"[1, 1]","ax_d = fig.add_subplot(gs[1, 1]); draw_panel_d(ax_d)",reviewed result-affecting/algebraic literal
spatial_screen/scripts/19_fig4_mechanism_screen_v10.py,260,"[0.5, 0.965]","fig.text(0.5, 0.965,",reviewed result-affecting/algebraic literal
spatial_screen/scripts/19_fig4_mechanism_screen_v10.py,264,[11.5],"fontsize=11.5, weight=""bold"")",excluded visual formatting
spatial_screen/scripts/19_fig4_mechanism_screen_v10.py,265,"[0.5, 0.945]","fig.text(0.5, 0.945, ""Mechanism-specific resilience screen"",",reviewed result-affecting/algebraic literal
spatial_screen/scripts/19_fig4_mechanism_screen_v10.py,267,[9.5],"fontsize=9.5, style=""italic"", color=""#333333"")",excluded visual formatting
spatial_screen/scripts/19_fig4_mechanism_screen_v10.py,278,[0],return 0,reviewed result-affecting/algebraic literal
spatial_screen/scripts/_config.py,12,[1],PROJECT_ROOT = Path(__file__).resolve().parents[1],reviewed result-affecting/algebraic literal
spatial_screen/scripts/_config.py,26,[2018],YEAR_START = 2018,reviewed result-affecting/algebraic literal
spatial_screen/scripts/_config.py,27,[2020],YEAR_END   = 2020,reviewed result-affecting/algebraic literal
spatial_screen/scripts/_config.py,28,[1],"YEARS      = list(range(YEAR_START, YEAR_END + 1))",reviewed result-affecting/algebraic literal
spatial_screen/scripts/_config.py,34,[300.0],N_INTENSITY_CAP       = 300.0  # kg N / ha; values above this are scaled to 1.0,reviewed result-affecting/algebraic literal
spatial_screen/scripts/_config.py,37,[0.5],EXPOSURE_W_INTENSITY  = 0.5,reviewed result-affecting/algebraic literal
spatial_screen/scripts/_config.py,38,[0.5],EXPOSURE_W_RELIANCE   = 0.5,reviewed result-affecting/algebraic literal
spatial_screen/scripts/_config.py,39,[0.33],EXPOSURE_LOW          = 0.33   # baseline combined-index thresholds; used,reviewed result-affecting/algebraic literal
spatial_screen/scripts/_config.py,40,[0.66],EXPOSURE_HIGH         = 0.66   # only by sensitivity scripts now,reviewed result-affecting/algebraic literal
spatial_screen/scripts/_config.py,43,[150.0],HIGH_INTENSITY_KG_HA      = 150.0   # pathway A floor,reviewed result-affecting/algebraic literal
spatial_screen/scripts/_config.py,44,[0.7],HIGH_RELIANCE             = 0.70    # pathway B reliance floor,reviewed result-affecting/algebraic literal
spatial_screen/scripts/_config.py,45,[25.0],MATERIAL_STAKE_KG_HA      = 25.0    # pathway B intensity floor (Phase 1 lock),reviewed result-affecting/algebraic literal
spatial_screen/scripts/_config.py,46,[50.0],LOW_INTENSITY_KG_HA       = 50.0    # AND-rule for low exposure,reviewed result-affecting/algebraic literal
spatial_screen/scripts/_config.py,47,[0.3],LOW_RELIANCE              = 0.30,reviewed result-affecting/algebraic literal
spatial_screen/scripts/_config.py,48,"[10.0, 25.0, 50.0]","STAKE_FLOOR_SENSITIVITY   = (10.0, 25.0, 50.0)  # SI sensitivity sweep",reviewed result-affecting/algebraic literal
spatial_screen/scripts/_config.py,51,[3.0],REEXPORT_RATIO_FLAG       = 3.0,reviewed result-affecting/algebraic literal
spatial_screen/scripts/_config.py,52,[50000.0],REEXPORT_TRADE_FLOOR_T    = 50_000.0   # Imports + Exports > 50 kt N,reviewed result-affecting/algebraic literal
spatial_screen/scripts/_config.py,53,[10000.0],REEXPORT_AC_FLOOR_T       = 10_000.0   # Apparent_consumption > 10 kt N,reviewed result-affecting/algebraic literal
spatial_screen/scripts/_config.py,87,[1000.0],"LANDUSE_CROPLAND_UNIT_FACTOR = 1000.0  # FAO unit ""1000 ha"" → multiply to get hectares",reviewed result-affecting/algebraic literal
