scenario,region,year,cap_binding,y_realized_pct,y_demand_pct,y_supply_pct,solver_residual_pp,realized_minus_econ_pp,elasticity_lag_pp,price_index_reported,price_index_on_realized,price_index_error_pp,eta,clearing_residual
S3,north_america,1,0,-1.0831296175488725,-1.3151289032147795,-1.3151289032147795,0.0,0.231999285665907,1.531588423378194,1.0451165844966166,1.0369682092666963,0.814837522992029,-0.3,0.0
S3,north_america,2,0,-1.196595203894979,-1.3049670607515718,-1.3049670607515718,0.0,0.10837185685659279,0.11086098485035001,1.0447579364440425,1.0409430360925018,0.381490035154064,-0.3,0.0
S3,north_america,3,0,-1.2106328614415296,-1.3558202694864852,-1.3558202694864852,0.0,0.14518740804495556,0.029433068447744237,1.0465543341997565,1.0414361669115153,0.5118167288241215,-0.3,0.0
S3,north_america,4,0,-1.2194831171330023,-1.3916043183694105,-1.3916043183694105,0.0,0.17212120123640817,0.019338270271367086,1.0478208189658074,1.0417472248718607,0.6073594093946699,-0.3,0.0
S3,north_america,5,0,-1.2260116079498506,-1.4174064915019713,-1.4174064915019713,0.0,0.19139488355212064,0.013987674305918074,1.0487352572972681,1.0419767576922845,0.6758499604983648,-0.3,0.0
S3,north_america,6,0,-1.2309552255871492,-1.4362584190601546,-1.4362584190601546,0.0,0.2053031934730054,0.010311841186745607,1.049404032408906,1.0421506122804498,0.72534201284562,-0.3,0.0
S3,north_america,7,0,-1.2347857718764899,-1.4502459028037262,-1.4502459028037262,0.0,0.21546013092723637,0.0077416615444705905,1.049900598931056,1.042285348882033,0.761525004902297,-0.3,0.0
S3,north_america,8,0,-1.2378298889486605,-1.4608211580393715,-1.4608211580393715,0.0,0.222991269090711,0.005937401223944649,1.0502762314856073,1.0423924395733137,0.7883791912293603,-0.3,0.0
S3,north_america,9,0,-1.2403147696626315,-1.4689954283167883,-1.4689954283167883,0.0,0.22868065865415677,0.004665297811973224,1.050566700893386,1.0424798671809985,0.8086833712387609,-0.3,0.0
S3,north_america,10,0,-1.2423986010953736,-1.4754727868716455,-1.4754727868716455,0.0,0.23307418577627192,0.003763207554932646,1.0507969453938115,1.042553191690107,0.8243753703704559,-0.3,0.0
S3,north_america,11,0,-1.2441916514525309,-1.4807435236432687,-1.4807435236432687,0.0,0.2365518721907378,0.003118596591962508,1.0509843476674436,1.0426162897499158,0.8368057917527816,-0.3,0.0
S3,north_america,12,0,-1.2457709068007916,-1.4851492349084894,-1.4851492349084894,0.0,0.23937832810769777,0.0026533463260272616,1.0511410270965122,1.0426718684016538,0.8469158694858425,-0.3,0.0
S3,north_america,13,0,-1.2471902323999418,-1.488928136158485,-1.488928136158485,0.0,0.2417379037585432,0.0023132181658142015,1.051275439599161,1.0427218219402814,0.8553617658879631,-0.3,0.0
S3,north_america,14,0,-1.2484874274639401,-1.4922465812481578,-1.4922465812481578,0.0,0.24375915378421764,0.002060545503519695,1.0513934924701012,1.042767479783711,0.8626012686390183,-0.3,0.0
S3,north_america,15,0,-1.2496891233350071,-1.4952209745216605,-1.4952209745216605,0.0,0.24553185118665333,0.0018691633365416904,1.05149932042861,1.0428097786265966,0.8689541802013423,-0.3,0.0
S3,north_america,16,0,-1.250814184493143,-1.497932998409579,-1.497932998409579,0.0,0.24711881391643598,0.0017208899120449428,1.0515958254382165,1.042849382003648,0.874644343456854,-0.3,0.0
S3,north_america,17,0,-1.251876070165725,-1.5004401930864053,-1.5004401930864053,0.0,0.2485641229206803,0.0016030850869264146,1.0516850520214753,1.0428867633285235,0.879828869295185,-0.3,0.0
S3,north_america,18,0,-1.2528844743261214,-1.5027833057808415,-1.5027833057808415,0.0,0.24989883145472014,0.0015069557737071304,1.051768448116977,1.042922263568194,0.8846184548782832,-0.3,0.0
S3,north_america,19,0,-1.2538464647011027,-1.5049913956875494,-1.5049913956875494,0.0,0.25114493098644664,0.0014263798157457264,1.0518470463481493,1.0429561313036806,0.8890915044468706,-0.3,0.0
S3,north_america,20,0,-1.2547672739503857,-1.5070853798415773,-1.5070853798415773,0.0,0.25231810589119164,0.001357089647327503,1.0519215899735386,1.0429885505599121,0.8933039413626442,-0.3,0.0
S3,north_america,21,0,-1.255650849352652,-1.5090804961892634,-1.5090804961892634,0.0,0.2534296468366115,0.0012961056555474415,1.051992620398488,1.0430196601426094,0.897296025587857,-0.3,0.0
S3,north_america,22,0,-1.2565002348198129,-1.5109880146877752,-1.5109880146877752,0.0,0.25448777986796234,0.0012413428509203128,1.0520605379826102,1.0430495670777231,0.9010970904887117,-0.3,0.0
S3,north_america,23,0,-1.2573178364918225,-1.5128164262156463,-1.5128164262156463,0.0,0.2554985897238238,0.0011913378284461595,1.0521256442976217,1.043078355955695,0.9047288341926585,-0.3,0.0
S3,north_america,24,0,-1.2581056074937536,-1.51457226887175,-1.51457226887175,0.0,0.25646666137799645,0.0011450592231884715,1.0521881715010084,1.0431060954319291,0.9082076069079292,-0.3,0.0
S3,north_america,25,0,-1.2588651765585324,-1.5162607024754582,-1.5162607024754582,0.0,0.2573955259169258,0.001101776120795983,1.0522483027610214,1.043132842752368,0.9115460008653375,-0.3,0.0
S3,north_america,26,0,-1.2595979376662014,-1.51788590821349,-1.51788590821349,0.0,0.25828797054728847,0.0010609666960467723,1.0523061864664498,1.0431586469074792,0.914753955897063,-0.3,0.0
S3,north_america,27,0,-1.2603051126073073,-1.5194513668601917,-1.5194513668601917,0.0,0.2591462542528844,0.001022254776279763,1.052361946119579,1.0431835508335547,0.9178395286024266,-0.3,0.0
S3,north_america,28,0,-1.2609877947369008,-1.520960052667275,-1.520960052667275,0.0,0.25997225793037426,0.000985365788266912,1.0524156872307169,1.043207592952156,0.9208094278560841,-0.3,0.0
S3,north_america,29,0,-1.2616469796596141,-1.5224145686795643,-1.5224145686795643,0.0,0.2607675890199501,0.0009500961613465031,1.0524675021298346,1.0432308082496766,0.923669388015802,-0.3,0.0
S3,north_america,30,0,-1.2622835868312587,-1.5238172413601814,-1.5238172413601814,0.0,0.26153365452892263,0.0009162920712874056,1.0525174733311105,1.043253229037259,0.9264244293851531,-0.3,0.0
S3,europe,1,0,-1.9140524225942368,-2.890399542532751,-2.890399542532751,0.0,0.9763471199385143,1.7735455497582735,1.0874112149246504,1.056770288021778,3.0640926902872456,-0.35,0.0
S3,europe,2,0,-2.8305936715488866,-2.853909246623365,-2.853909246623365,0.0,0.023315575074478456,0.7736248825595649,1.0862446032162543,1.0855000780176887,0.07445251985656043,-0.35,0.0
S3,europe,3,0,-2.862910942732233,-2.9984290107213263,-2.9984290107213263,0.0,0.13551806798909327,0.039657524315500625,1.0908748989370765,1.0865322345670472,0.4342664370029281,-0.35,0.0
S3,europe,4,0,-2.8959331843374736,-3.0842605462277684,-3.0842605462277684,0.0,0.18832736189029475,0.03326884240410777,1.093637489777137,1.087588275703008,0.6049214074129061,-0.35,0.0
S3,europe,5,0,-2.920137440653503,-3.146204675207953,-3.146204675207953,0.0,0.2260672345544501,0.024128107827786627,1.0956371064133599,1.088363200582277,0.7273905831082894,-0.35,0.0
S3,europe,6,0,-2.9380169882167517,-3.1913489136182305,-3.1913489136182305,0.0,0.25333192540147875,0.01761135742439912,1.0970975167243058,1.088936111968136,0.8161404756169777,-0.35,0.0
S3,europe,7,0,-2.9514554862407283,-3.224719933578557,-3.224719933578557,0.0,0.27326444733782873,0.013054332592021822,1.0981787546826887,1.0893669875690026,0.8811767113686031,-0.35,0.0
S3,europe,8,0,-2.961764686400148,-3.249827213786982,-3.249827213786982,0.0,0.28806252738683424,0.009857109062830216,1.09899319180484,1.0896976852046625,0.9295506600177417,-0.35,0.0
S3,europe,9,0,-2.9698607903646757,-3.269116606182998,-3.269116606182998,0.0,0.2992558158183223,0.007606045879876566,1.0996194605910414,1.089957486345747,0.9661974245294358,-0.35,0.0
S3,europe,10,0,-2.976383625203549,-3.284293021970086,-3.284293021970086,0.0,0.30790939676653695,0.006013800343426801,1.1001125320420082,1.090166862659698,0.9945669382310118,-0.35,0.0
S3,europe,11,0,-2.9817801083005024,-3.2965453507590725,-3.2965453507590725,0.0,0.31476524245857007,0.00488064354031148,1.1005108196685984,1.0903401252819374,1.0170694386661072,-0.35,0.0
S3,europe,12,0,-2.98636260456393,-3.3067031742979314,-3.3067031742979314,0.0,0.32034056973400116,0.0040676932419575484,1.1008411686196702,1.0904872827579597,1.0353885861710488,-0.35,0.0
S3,europe,13,0,-2.990349672701109,-3.315345907379752,-3.315345907379752,0.0,0.3249962346786428,0.003478346285940015,1.1011223497805493,1.0906153410937662,1.0507008686783115,-0.35,0.0
S3,europe,14,0,-2.993894488389681,-3.322878784992389,-3.322878784992389,0.0,0.3289842966027079,0.0030453882874370564,1.1013675021848057,1.0907292120281062,1.0638290156699481,-0.35,0.0
S3,europe,15,0,-2.997104658303651,-3.329585757204334,-3.329585757204334,0.0,0.3324810989006832,0.002722039146477173,1.1015858380690888,1.0908323469083967,1.075349116069213,-0.35,0.0
S3,europe,16,0,-3.0000560264402676,-3.335666305468721,-3.335666305468721,0.0,0.3356102790284532,0.00247572988364142,1.1017838321217461,1.0909271787390606,1.0856653382685488,-0.35,0.0
S3,europe,17,0,-3.0028022914390773,-3.341261066335355,-3.341261066335355,0.0,0.3384587748962775,0.0022837763294758506,1.1019660504661204,1.0910154302987307,1.095062016738968,-0.35,0.0
S3,europe,18,0,-3.0053817046411635,-3.346469664938778,-3.346469664938778,0.0,0.3410879602976147,0.0021303708237163654,1.1021357282842972,1.0910983288332055,1.1037399451091723,-0.35,0.0
S3,europe,19,0,-3.0078217345449243,-3.3513631268754507,-3.3513631268754507,0.0,0.3435413923305264,0.002004490054810515,1.1022951721945056,1.0911767556209586,1.1118416573546952,-0.35,0.0
S3,europe,20,0,-3.0101423150003637,-3.3559925171289917,-3.3559925171289917,0.0,0.34585020212862805,0.0018984398664823043,1.1024460405098477,1.0912513501572314,1.1194690352616332,-0.35,0.0
S3,europe,21,0,-3.0123581072571293,-3.3603949534510957,-3.3603949534510957,0.0,0.34803684619396646,0.0018068430127082813,1.1025895384296025,1.0913225827255053,1.1266955704097192,-0.35,0.0
S3,europe,22,0,-3.014480075440351,-3.3645977926913484,-3.3645977926913484,0.0,0.3501177172509973,0.0017259349800208268,1.1027265539870361,1.0913908049522598,1.13357490347763,-0.35,0.0
S3,europe,23,0,-3.016516584059026,-3.368621545729311,-3.368621545729311,0.0,0.3521049616702854,0.0016530740888809348,1.102857752744897,1.0914562850302143,1.1401467714682756,-0.35,0.0
S3,europe,24,0,-3.018474162784257,-3.3724819076632273,-3.3724819076632273,0.0,0.35400774487897024,0.001586400650210873,1.1029836437691494,1.0915192322662837,1.1464411502865701,-0.35,0.0
S3,europe,25,0,-3.020358039604154,-3.376191172306009,-3.376191172306009,0.0,0.3558331327018549,0.0015245998112561887,1.1031046256064827,1.0915798141966764,1.1524811409806324,-0.35,0.0
S3,europe,26,0,-3.0221725127367094,-3.3797592182037373,-3.3797592182037373,0.0,0.35758670546702787,0.0014667365359155582,1.103221018340695,1.0916381685268088,1.1582849813886131,-0.35,0.0
S3,europe,27,0,-3.0239212102900925,-3.383194196447614,-3.383194196447614,0.0,0.3592729861575217,0.001412140769244119,1.103333085957282,1.0916944114678457,1.163867448943634,-0.35,0.0
S3,europe,28,0,-3.025607271769515,-3.3865030109267447,-3.3865030109267447,0.0,0.36089573915722983,0.0013603275159090877,1.103441051960382,1.0917486435641437,1.1692408396238196,-0.35,0.0
S3,europe,29,0,-3.0272334751648367,-3.389691654097904,-3.389691654097904,0.0,0.3624581789330672,0.0013109412104417295,1.1035451102915017,1.09180095377338,1.1744156518121773,-0.35,0.0
S3,europe,30,0,-3.0288023261381136,-3.3927654421642583,-3.3927654421642583,0.0,0.36396311602614473,0.0012637169881146715,1.1036454329765808,1.0918514223296554,1.1794010646925424,-0.35,0.0
S3,east_asia,1,0,-0.950864467039203,-0.8914088242699902,-0.8914088242699902,0.0,-0.05945564276921278,2.8874252597035457,1.0200971860164658,1.0214584135159523,-0.1361227499486528,-0.45,0.0
S3,east_asia,2,0,-0.9772274131113146,-1.286462173753633,-1.286462173753633,0.0,0.3092347606423185,0.22881194820672177,1.029191485012642,1.0220628319331437,0.7128653079498282,-0.45,0.0
S3,east_asia,3,0,-0.9791749939825789,-1.3270208222986746,-1.3270208222986746,0.0,0.3478458283160957,0.020302022527163288,1.0301318100201136,1.022107504330674,0.802430568943957,-0.45,0.0
S3,east_asia,4,0,-0.9809801328537149,-1.334628848624242,-1.334628848624242,0.0,0.35364871577052703,0.006517337876031648,1.0303083357442993,1.02214891201049,0.8159423733809179,-0.45,0.0
S3,east_asia,5,0,-0.9823468557951465,-1.338805558213263,-1.338805558213263,0.0,0.3564587024181165,0.004192089309949798,1.0304052647695936,1.0221802645826379,0.8225000186955711,-0.45,0.0
S3,east_asia,6,0,-0.983390300980147,-1.3417057291983614,-1.3417057291983614,0.0,0.3583154282182144,0.002992734727332025,1.0304725769033602,1.0222042021140905,0.8268374789269783,-0.45,0.0
S3,east_asia,7,0,-0.9842103697883076,-1.343795873822362,-1.343795873822362,0.0,0.35958550403405454,0.0021972680293608216,1.0305210925119457,1.022223015769472,0.8298076742473626,-0.45,0.0
S3,east_asia,8,0,-0.9848758601735397,-1.345337652636347,-1.345337652636347,0.0,0.3604617924628073,0.0016553749648415272,1.0305568817933335,1.0222382835241848,0.8318598269148714,-0.45,0.0
S3,east_asia,9,0,-0.9854333937087789,-1.346504944397875,-1.346504944397875,0.0,0.361071550689096,0.0012837229898587932,1.0305839793129146,1.0222510747753393,0.8332904537575292,-0.45,0.0
S3,east_asia,10,0,-0.9859145550048853,-1.3474150720974243,-1.3474150720974243,0.0,0.36150051709253894,0.0010270527047218092,1.030605107740857,1.022262114037763,0.8342993703093882,-0.45,0.0
S3,east_asia,11,0,-0.9863407748720077,-1.3481473278181277,-1.3481473278181277,0.0,0.3618065529461201,0.0008481340988047981,1.030622107363237,1.0222718929257806,0.8350214437456316,-0.45,0.0
S3,east_asia,12,0,-0.9867266301484823,-1.3487553465643565,-1.3487553465643565,0.0,0.3620287164158742,0.0007218538208175751,1.0306362230813342,1.0222807458340788,0.8355477247255383,-0.45,0.0
S3,east_asia,13,0,-0.987082070660128,-1.3492754517789751,-1.3492754517789751,0.0,0.36219338111884714,0.0006312697665877831,1.0306482980278695,1.0222889010166119,0.8359397011257652,-0.45,0.0
S3,east_asia,14,0,-0.9874139216493716,-1.3497322863056938,-1.3497322863056938,0.0,0.36231836465632217,0.0005649509670718755,1.0306589042289653,1.0222965150492511,0.8362389179714214,-0.45,0.0
S3,east_asia,15,0,-0.987726897244956,-1.3501426109954973,-1.3501426109954973,0.0,0.36241571375054127,0.0005151831156111064,1.030668430758931,1.022303696077728,0.8364734681203023,-0.45,0.0
S3,east_asia,16,0,-0.9880242840601849,-1.3505178668013595,-1.3505178668013595,0.0,0.3624935827411746,0.00047675823735687795,1.0306771432045465,1.0223105194991982,0.8366623705348353,-0.45,0.0
S3,east_asia,17,0,-0.9883084022922595,-1.3508659027010594,-1.3508659027010594,0.0,0.36255750040879997,0.00044615847087786653,1.0306852237715087,1.0223170385400213,0.8368185231487413,-0.45,0.0
S3,east_asia,18,0,-0.9885809167663018,-1.3511921409927852,-1.3511921409927852,0.0,0.3626112242264834,0.00042100568486136414,1.030692798333197,1.0223232913913758,0.8369506941821259,-0.45,0.0
S3,east_asia,19,0,-0.9888430467893894,-1.3515003631664468,-1.3515003631664468,0.0,0.36265731637705745,0.0003996903745667746,1.0306999546729607,1.0223293060235712,0.8370648649389523,-0.45,0.0
S3,east_asia,20,0,-0.9890957077699158,-1.3517932399226384,-1.3517932399226384,0.0,0.3626975321527226,0.00038112144958996064,1.0307067547877193,1.0223351034350234,0.8371651352695908,-0.45,0.0
S3,east_asia,21,0,-0.9893396068257343,-1.3520726886757761,-1.3520726886757761,0.0,0.3627330818500418,0.0003645575344601859,1.0307132431870636,1.022340699845682,0.8372543341381489,-0.45,0.0
S3,east_asia,22,0,-0.9895753073656977,-1.3523401147370384,-1.3523401147370384,0.0,0.36276480737134076,0.0003494932275485696,1.0307194524922003,1.0223461081786662,0.8373344313534092,-0.45,0.0
S3,east_asia,23,0,-0.989803272749179,-1.3525965740681212,-1.3525965740681212,0.0,0.36279330131894216,0.00033558241328002225,1.030725407214262,1.0223513390619092,0.8374068152352754,-0.45,0.0
S3,east_asia,24,0,-0.9900238958351015,-1.352842883153682,-1.352842883153682,0.0,0.36281898731858053,0.0003225865547545892,1.0307311263050165,1.0223564015060822,0.8374724798934308,-0.45,0.0
S3,east_asia,25,0,-0.9902375190142698,-1.3530796932168854,-1.3530796932168854,0.0,0.36284217420261555,0.0003103398282827685,1.03073662487981,1.02236130336418,0.8375321515629919,-0.45,0.0
S3,east_asia,26,0,-0.9904444478213814,-1.353307540391191,-1.353307540391191,0.0,0.36286309256980953,0.00029872561183447166,1.0307419153823332,1.022366051643811,0.8375863738522282,-0.45,0.0
S3,east_asia,27,0,-0.9906449602152589,-1.3535268796775024,-1.3535268796775024,0.0,0.36288191946224346,0.0002876606283661043,1.030747008372959,1.0223706527201,0.8376355652859102,-0.45,0.0
S3,east_asia,28,0,-0.9908393129341331,-1.3537381079655408,-1.3537381079655408,0.0,0.36289879503140776,0.0002770842495752879,1.030751913063195,1.0223751124814895,0.8376800581705535,-0.45,0.0
S3,east_asia,29,0,-0.9910277458765382,-1.3539415796777976,-1.3539415796777976,0.0,0.3629138338012594,0.0002669512792541351,1.030756637678865,1.0223794364302379,0.8377201248627175,-0.45,0.0
S3,east_asia,30,0,-0.9912104851467762,-1.3541376174358355,-1.3541376174358355,0.0,0.36292713228905926,0.0002572270820483391,1.0307611897077276,1.0223836297522824,0.8377559955445202,-0.45,0.0
S3,south_asia,1,0,-2.142089570604533,-3.679973914331358,-3.679973914331358,0.0,1.5378843437268253,2.789514105258617,1.0644836962318673,1.0367485501429234,2.7735146088943896,-0.6,0.0
S3,south_asia,2,0,-4.000288118146722,-3.683834310454981,-3.683834310454981,0.0,-0.31645380769174114,1.9947827981787598,1.0645548055070029,1.0704099003901033,-0.5855094883100431,-0.6,0.0
S3,south_asia,3,0,-4.066586952239792,-4.045604238650002,-4.045604238650002,0.0,-0.02098271358978998,0.12961868396310083,1.0712525656185554,1.0716431042884769,-0.03905386699214475,-0.6,0.0
S3,south_asia,4,0,-4.107761617857896,-4.1749840399643805,-4.1749840399643805,0.0,0.06722242210648322,0.05635323412296056,1.0736642673087442,1.072410126075877,0.12541412328672674,-0.6,0.0
S3,south_asia,5,0,-4.139214775341826,-4.264343478527877,-4.264343478527888,1.1102230246251565e-14,0.1251287031860504,0.04110538820057685,1.0753350464662628,1.0729966428238629,0.23384036423999,-0.6,0.0
S3,south_asia,6,0,-4.162577035188175,-4.32980563882791,-4.32980563882791,0.0,0.16722860363973524,0.03007173806921226,1.076561652969963,1.0734326183621312,0.3129034607831871,-0.6,0.0
S3,south_asia,7,0,-4.180208776245675,-4.378477821247362,-4.378477821247362,0.0,0.19826904500168663,0.022310773651734728,1.077475106585672,1.073761841350894,0.3713265234777996,-0.6,0.0
S3,south_asia,8,0,-4.193798263739746,-4.415338681963754,-4.415338681963754,0.0,0.22154041822400883,0.016867654226607187,1.078167717102368,1.0740156969253094,0.4152020177058624,-0.6,0.0
S3,south_asia,9,0,-4.204521475077804,-4.443861800617732,-4.443861800617732,0.0,0.23934032553992735,0.013033023201730609,1.0787041516014038,1.0742160774164518,0.44880741849520067,-0.6,0.0
S3,south_asia,10,0,-4.213197776533351,-4.466466116244449,-4.466466116244449,0.0,0.2532683397110991,0.01031499389544388,1.079129574507822,1.0743782518793088,0.4751322628513188,-0.6,0.0
S3,south_asia,11,0,-4.22039848907737,-4.4848365341641045,-4.4848365341641045,0.0,0.2644380450867345,0.008373019520530045,1.0794755114153989,1.0745128748871158,0.4962636528283104,-0.6,0.0
S3,south_asia,12,0,-4.226522504129093,-4.500147724090276,-4.500147724090264,-1.1102230246251565e-14,0.27362521996118216,0.006971220265861167,1.0797639750004766,1.0746273894243499,0.5136585576126729,-0.6,0.0
S3,south_asia,13,0,-4.231848901232372,-4.513219907565369,-4.513219907565369,0.0,0.2813710063329977,0.005946151257332777,1.080010353205543,1.0747270049761493,0.5283348229393692,-0.6,0.0
S3,south_asia,14,0,-4.236573520937914,-4.524627148591831,-4.524627148591831,0.0,0.28805362765391695,0.005184512160658072,1.080225424881288,1.0748153783088632,0.541004657242472,-0.6,0.0
S3,south_asia,15,0,-4.240834365293244,-4.5347725575282,-4.5347725575282,0.0,0.2939381922349549,0.004607724227920218,1.0804167636056254,1.0748950867616789,0.5521676843946555,-0.6,0.0
S3,south_asia,16,0,-4.244729229698141,-4.543940485686515,-4.543940485686515,0.0,0.29921125598837417,0.004161255728718505,1.0805897140435212,1.0749679570301889,0.562175701333234,-0.6,0.0
S3,south_asia,17,0,-4.248327938240015,-4.5523327370262106,-4.5523327370262106,0.0,0.3040047987861949,0.0038072321813048537,1.0807480703889103,1.0750352934493157,0.5712776939594599,-0.6,0.0
S3,south_asia,18,0,-4.251680832887928,-4.560093686212596,-4.560093686212596,0.0,0.30841285332466883,0.0035193197112981522,1.0808945475201517,1.0750980364507343,0.5796511069417365,-0.6,0.0
S3,south_asia,19,0,-4.254824663429968,-4.567327700622325,-4.567327700622325,0.0,0.3125030371923576,0.003279181842427703,1.0810311080941029,1.0751568725404625,0.5874235553640306,-0.6,0.0
S3,south_asia,20,0,-4.257786674494223,-4.574111225143563,-4.574111225143563,0.0,0.3163245506493384,0.003074025599383856,1.0811591895977604,1.0752123106327254,0.5946878965034985,-0.6,0.0
S3,south_asia,21,0,-4.260587442273933,-4.580501166439288,-4.580501166439288,0.0,0.3199137241653549,0.0028949018620771927,1.0812798619629582,1.0752647350432658,0.6015126919692415,-0.6,0.0
S3,south_asia,22,0,-4.263242844293824,-4.586540711784382,-4.586540711784382,0.0,0.32329786749055733,0.0027355280238755553,1.081393937003562,1.0753144422931666,0.6079494710395261,-0.6,0.0
S3,south_asia,23,0,-4.265765428054824,-4.592263369505578,-4.592263369505578,0.0,0.32649794145075406,0.0025914723656816907,1.0815020444329813,1.075361666684515,0.6140377748466319,-0.6,0.0
S3,south_asia,24,0,-4.268165362873988,-4.597695776606326,-4.597695776606326,0.0,0.3295304137323374,0.0024595889472428523,1.0816046847019525,1.075406598089049,0.6198086612903442,-0.6,0.0
S3,south_asia,25,0,-4.270451102699003,-4.602859651734481,-4.602859651734481,0.0,0.3324085490354789,0.002337626013060312,1.0817022657595239,1.0754493943360743,0.6252871423449546,-0.6,0.0
S3,south_asia,26,0,-4.272629848474018,-4.6077731555838835,-4.6077731555838835,0.0,0.3351433071098642,0.002223954584015808,1.0817951286631535,1.0754901898542366,0.6304938808916916,-0.6,0.0
S3,south_asia,27,0,-4.274707871455597,-4.612451840369946,-4.612451840369946,0.0,0.3377439689143502,0.0021173803017915382,1.081883565453551,1.0755291017142943,0.6354463739256744,-0.6,0.0
S3,south_asia,28,0,-4.276690740038081,-4.616909314261353,-4.616909314261353,0.0,0.3402185742232722,0.002017012945534913,1.0819678316624637,1.0755662338681957,0.6401597794267966,-0.6,0.0
S3,south_asia,29,0,-4.278583479588405,-4.621157708009493,-4.621157708009493,0.0,0.34257422842108864,0.0019221759027548968,1.082048155095296,1.07560168013581,0.6446474959486137,-0.6,0.0
S3,south_asia,30,0,-4.280390685740542,-4.62520800423909,-4.62520800423909,0.0,0.344817318498547,0.0018323433228578656,1.0821247420268794,1.0756355263215744,0.6489215705304918,-0.6,0.0
S3,southeast_asia,1,0,-2.4881610349531957,-2.886596034389055,-2.886596034389055,0.0,0.39843499943585936,3.2483124987629672,1.0546995701665056,1.0468771798929506,0.7822390273555024,-0.55,0.0
S3,southeast_asia,2,0,-2.8787855888371072,-2.7585451481115353,-2.7585451481115353,0.0,-0.12024044072557194,0.37522816210473625,1.0521757222458838,1.0545453598259054,-0.23696375800215108,-0.55,0.0
S3,southeast_asia,3,0,-2.9442283180990847,-2.922259097267632,-2.922259097267632,0.0,-0.021969220831452585,0.09599875407543673,1.0554041501799887,1.0558385499723077,-0.043439979231907344,-0.55,0.0
S3,southeast_asia,4,0,-2.987111381730001,-3.0366514480985374,-3.0366514480985374,0.0,0.04954006636853636,0.06290444598820583,1.0576690814287184,1.0566872802952532,0.09818011334652432,-0.55,0.0
S3,southeast_asia,5,0,-3.0192522415753986,-3.121028266344239,-3.12102826634425,1.1102230246251565e-14,0.1017760247688404,0.046556919101264915,1.0593445467605698,1.0573240972663787,0.20204494941911122,-0.55,0.0
S3,southeast_asia,6,0,-3.043926143890996,-3.184281556001023,-3.184281556001023,0.0,0.140355412110027,0.03523655548638149,1.0606032630306863,1.057813372768444,0.27898902622423005,-0.55,0.0
S3,southeast_asia,7,0,-3.063259031616916,-3.232454593564782,-3.232454593564782,0.0,0.16919556194786578,0.027177907248197852,1.0615634438155355,1.0581969829357245,0.3366460879810962,-0.55,0.0
S3,southeast_asia,8,0,-3.078745804229399,-3.2698268745542824,-3.2698268745542824,0.0,0.1910810703248833,0.021405788527709135,1.0623092732876158,1.058504432663865,0.3804840623750749,-0.55,0.0
S3,southeast_asia,9,0,-3.0914429662387777,-3.2994321608645127,-3.2994321608645127,0.0,0.20798919462573506,0.01724538098257372,1.0629006754566381,1.0587566052096935,0.4144070246944631,-0.55,0.0
S3,southeast_asia,10,0,-3.1020980476575977,-3.323419661714111,-3.323419661714111,0.0,0.2213216140565133,0.014222581143863433,1.063380229764213,1.0589682927896777,0.44119369745352355,-0.55,0.0
S3,southeast_asia,11,0,-3.111240731335241,-3.3433118730170075,-3.3433118730170075,0.0,0.23207114168176668,0.012003935082782746,1.0637781661103434,1.0591499854281365,0.46281806822068283,-0.55,0.0
S3,southeast_asia,12,0,-3.119247128130087,-3.360188053587565,-3.360188053587565,0.0,0.24094092545747792,0.010354835728862422,1.064115948881612,1.0593091363146503,0.48068125669618045,-0.55,0.0
S3,southeast_asia,13,0,-3.126385085441452,-3.3748143483430915,-3.3748143483430915,0.0,0.24842926290163936,0.00911016327830444,1.0644088338851712,1.0594510556470338,0.4957778238137367,-0.55,0.0
S3,southeast_asia,14,0,-3.1328461097692273,-3.387735856024876,-3.387735856024876,0.0,0.25488974625564875,0.00815365203400975,1.0646676852576595,1.0595795413767157,0.5088143880943807,-0.55,0.0
S3,southeast_asia,15,0,-3.1387678506081595,-3.3993416662608023,-3.3993416662608023,0.0,0.2605738156526427,0.007403388119642251,1.064900262976547,1.0596973239786183,0.5202938997928674,-0.55,0.0
S3,southeast_asia,16,0,-3.144249933443022,-3.4099107519869887,-3.4099107519869887,0.0,0.26566081854396684,0.006801615433765784,1.0651121334992033,1.0598063799345014,0.5305753564701865,-0.55,0.0
S3,southeast_asia,17,0,-3.149365108434965,-3.4196443293722734,-3.4196443293722734,0.0,0.2702792209373084,0.006307569396851731,1.065307313013657,1.0599081526229446,0.5399160390712421,-0.55,0.0
S3,southeast_asia,18,0,-3.1541671009605365,-3.4286886653012494,-3.4286886653012494,0.0,0.27452156434071284,0.0058924388068773426,1.065488721422329,1.0600037079478735,0.5485013474455513,-0.55,0.0
S3,southeast_asia,19,0,-3.1586961404814207,-3.4371511482717,-3.4371511482717,0.0,0.2784550077902792,0.0055358235743832584,1.0656585025738594,1.0600938439903924,0.5564658583466997,-0.55,0.0
S3,southeast_asia,20,0,-3.162982855339158,-3.4451116116049563,-3.4451116116049563,0.0,0.28212875626579814,0.005223244007698802,1.065818250081972,1.060179168279879,0.5639081802093049,-0.55,0.0
S3,southeast_asia,21,0,-3.1670510175127675,-3.4526303121536928,-3.4526303121536928,0.0,0.28557929464092524,0.0049443893458886445,1.0659691665526756,1.0602601522642674,0.5709014288408198,-0.55,0.0
S3,southeast_asia,22,0,-3.170919478013401,-3.459753553671596,-3.459753553671596,0.0,0.2888340756581953,0.004691886017939295,1.0661121758683998,1.060337169726984,0.5775006141415684,-0.55,0.0
S3,southeast_asia,23,0,-3.1746035326566058,-3.466517651758716,-3.466517651758716,0.0,0.2919141191021102,0.004460431311165136,1.0662480023922811,1.060410523901689,0.583747849059213,-0.55,0.0
S3,southeast_asia,24,0,-3.178115886908617,-3.47295173120008,-3.47295173120008,0.0,0.29483584429146337,0.00424618396659554,1.0663772268671896,1.0604804666296541,0.5896760237535492,-0.55,0.0
S3,southeast_asia,25,0,-3.181467338505406,-3.479079701273513,-3.479079701273513,0.0,0.2976123627681071,0.004046335431584502,1.0665003258979688,1.0605472119142376,0.5953113983731217,-0.55,0.0
S3,southeast_asia,26,0,-3.1846672613620397,-3.484921652295614,-3.484921652295614,0.0,0.3002543909335742,0.0038588081495996573,1.0666176998697525,1.0606109455296462,0.6006754340106335,-0.55,0.0
S3,southeast_asia,27,0,-3.187723949534904,-3.490494844634262,-3.490494844634262,0.0,0.30277089509935795,0.0036820431852435664,1.0667296927203351,1.0606718318503354,0.6057860869999709,-0.55,0.0
S3,southeast_asia,28,0,-3.190644862583869,-3.495814410700293,-3.495814410700293,0.0,0.30516954811642405,0.0035148506769583365,1.0668366059735466,1.0607300187219377,0.6106587251608842,-0.55,0.0
S3,southeast_asia,29,0,-3.193436801427796,-3.500893854732645,-3.500893854732645,0.0,0.3074570533048493,0.003356304477990235,1.0669387087284268,1.060785640951464,0.6153067776962784,-0.55,0.0
S3,southeast_asia,30,0,-3.1961060351654913,-3.5057454100677066,-3.5057454100677066,0.0,0.30963937490221527,0.003205667879224716,1.0670362447974604,1.060838822823405,0.6197421974055484,-0.55,0.0
S3,latin_america,1,0,-1.064457305387323,-1.7880269818146166,-1.7880269818146166,0.0,0.7235696764272936,1.0887849986904814,1.0367430396134487,1.02163395635263,1.5109083260818723,-0.5,0.0
S3,latin_america,2,0,-1.6398992418839686,-1.6084682319846055,-1.6084682319846055,0.0,-0.031431009899363094,0.4166077482713082,1.0329625024347024,1.0336227750822418,-0.06602726475393172,-0.5,0.0
S3,latin_america,3,0,-1.697268655333295,-1.707127853677215,-1.707127853677215,0.0,0.009859198343920017,0.05968793990617227,1.0350371764869968,1.0348295703514692,0.020760613552761598,-0.5,0.0
S3,latin_america,4,0,-1.7301764543292686,-1.7871002963982696,-1.7871002963982696,0.0,0.05692384206900103,0.03771308702276155,1.0367234753784915,1.035522757010902,0.12007183675895039,-0.5,0.0
S3,latin_america,5,0,-1.7548207992712062,-1.8472089149691229,-1.8472089149691229,0.0,0.09238811569791672,0.028058532341358744,1.0379936399122176,1.0360423342763827,0.1951305635834899,-0.5,0.0
S3,latin_america,6,0,-1.7737367752836963,-1.8927922840285882,-1.8927922840285882,0.0,0.1190555087448919,0.02127445146538065,1.0389584260939642,1.0364414055292945,0.25170205646696253,-0.5,0.0
S3,latin_america,7,0,-1.7885077762004875,-1.9278510502560242,-1.9278510502560242,0.0,0.1393432740555367,0.01638452551589037,1.0397013711908447,1.0367531903899383,0.2948180800906419,-0.5,0.0
S3,latin_america,8,0,-1.800262437419542,-1.9552672324678055,-1.9552672324678055,0.0,0.1550047950482636,0.01284299939080108,1.0402829144680936,1.0370014071816678,0.32815072864258443,-0.5,0.0
S3,latin_america,9,0,-1.809809698596132,-1.977112457571828,-1.977112457571828,0.0,0.1673027589756959,0.010265159868527718,1.0407466377323404,1.0372030771157,0.35435606166405176,-0.5,0.0
S3,latin_america,10,0,-1.8177299442786565,-1.9948752659882274,-1.9948752659882274,0.0,0.17714532170957087,0.00837696192203391,1.041123929398961,1.0373704237156907,0.3753505683270264,-0.5,0.0
S3,latin_america,11,0,-1.824440080062062,-2.009625470017107,-2.009625470017107,0.0,0.18518538995504485,0.0069829742162297315,1.041437387659693,1.0375122336384317,0.3925154021261257,-0.5,0.0
S3,latin_america,12,0,-1.8302400751983416,-2.02213254111957,-2.02213254111957,0.0,0.19189246592122844,0.00594373444779972,1.0417032877685417,1.0376348323628515,0.406845540569023,-0.5,0.0
S3,latin_america,13,0,-1.8353462429349654,-2.03295068444147,-2.03295068444147,0.0,0.1976044415065048,0.005159661860734688,1.0419333634472168,1.0377427831394441,0.419058030777264,-0.5,0.0
S3,latin_america,14,0,-1.8399150331953273,-2.0424798756199958,-2.0424798756199958,0.0,0.20256484242466843,0.004559611629356697,1.0421360893866454,1.037839387364278,0.4296702022367427,-0.5,0.0
S3,latin_america,15,0,-1.8440600404600827,-2.0510096027862024,-2.0510096027862024,0.0,0.20694956232611972,0.004092723801150944,1.0423176027136212,1.0379270426326817,0.43905600809395207,-0.5,0.0
S3,latin_america,16,0,-1.847864161066215,-2.0587501903362226,-2.0587501903362226,0.0,0.21088602927000766,0.003722614302316407,1.0424823641292524,1.0380074988781138,0.44748652511386044,-0.5,0.0
S3,latin_america,17,0,-1.8513882834150341,-2.0658552186340606,-2.0658552186340606,0.0,0.2144669352190265,0.0034232328421812674,1.0426336318080422,1.038082041574832,0.45515902332102787,-0.5,0.0
S3,latin_america,18,0,-1.8546775003112304,-2.072437565701868,-2.072437565701868,0.0,0.21776006539063752,0.0031759082112212123,1.0427738008658871,1.0381516227656573,0.4622178100229801,-0.5,0.0
S3,latin_america,19,0,-1.8577655505648494,-2.0785808835014463,-2.0785808835014463,0.0,0.22081533293659694,0.0029672399432301155,1.0429046464328686,1.0382169547776359,0.4687691655232751,-0.5,0.0
S3,latin_america,20,0,-1.860677995246085,-2.084347807860587,-2.084347807860598,1.1102230246251565e-14,0.22366981261450203,0.002787593541137001,1.04302749766632,1.0382785772599088,0.47489204064112833,-0.5,0.0
S3,latin_america,21,0,-1.8634344897524024,-2.0897858322373675,-2.0897858322373675,0.0,0.22635134248496502,0.0026300262712691813,1.0431433623188593,1.0383369051497005,0.480645716915884,-0.5,0.0
S3,latin_america,22,0,-1.866050409755371,-2.094931510981801,-2.094931510981801,0.0,0.22888110122643024,0.0024895201958710644,1.0432530159203848,1.038392263004832,0.48607529155528795,-0.5,0.0
S3,latin_america,23,0,-1.8685380154195186,-2.0998134682430947,-2.0998134682430947,0.0,0.2312754528235761,0.00236243448412804,1.0433570656429703,1.0384449095906136,0.491215605235662,-0.5,0.0
S3,latin_america,24,0,-1.8709072856394227,-2.1044545530093828,-2.1044545530093828,0.0,0.23354726736996012,0.0022461142485150076,1.04345599605588,1.038495055500113,0.4960940555767124,-0.5,0.0
S3,latin_america,25,0,-1.8731665164247513,-2.1088733837048346,-2.1088733837048346,0.0,0.23570686728008328,0.002138611126539791,1.0435502019274785,1.0385428757940216,0.5007326133456891,-0.5,0.0
S3,latin_america,26,0,-1.875322750686359,-2.113085456351338,-2.113085456351338,0.0,0.23776270566497892,0.002038483647230638,1.0436400117626468,1.0385885190796424,0.505149268300431,-0.5,0.0
S3,latin_america,27,0,-1.877382087475954,-2.117103940668552,-2.117103940668552,0.0,0.2397218531925982,0.0019446545685239403,1.0437257047136344,1.0386321140434955,0.5093590670138815,-0.5,0.0
S3,latin_america,28,0,-1.8793499050108187,-2.1209402530037114,-2.1209402530037114,0.0,0.2415903479928927,0.001856308898018355,1.0438075227505914,1.038673774162522,0.5133748588069365,-0.5,0.0
S3,latin_america,29,0,-1.881231022016927,-2.124604469622593,-2.124604469622593,0.0,0.24337344760566593,0.0017728209697573383,1.0438856794404414,1.0387136011120515,0.5172078328389951,-0.5,0.0
S3,latin_america,30,0,-1.8830298149192348,-2.128105625766852,-2.128105625766852,0.0,0.24507581084761698,0.0016937022734642149,1.043960366298303,1.0387516872408178,0.5208679057485233,-0.5,0.0
S3,sub_saharan_africa,1,0,-2.616190858404943,-3.584988996248717,-3.584988996248717,0.0,0.9687981378437738,0.7592017931659047,1.0535386983302817,1.0385980163306212,1.4940681999660477,-0.7,0.0
S3,sub_saharan_africa,2,0,-3.3321181965195845,-2.6745181324158263,-2.6745181324158263,0.0,-0.6576000641037583,0.04145077588493806,1.0394873205004977,1.0496038744233325,-1.0116553922834726,-0.7,0.0
S3,sub_saharan_africa,3,0,-3.4999386473223204,-2.9524467486181427,-2.9524467486181427,0.0,-0.5474918987041777,0.061260545054589444,1.0437426786859094,1.0522124681089182,-0.84697894230088,-0.7,0.0
S3,sub_saharan_africa,4,0,-3.6224104100393895,-3.182868381741877,-3.182868381741877,0.0,-0.43954202829751265,0.04931371395029832,1.0472931644137844,1.0541231286165296,-0.6829964202745176,-0.7,0.0
S3,sub_saharan_africa,5,0,-3.7187502154005347,-3.3627599157745935,-3.3627599157745935,0.0,-0.3559902996259412,0.03934283017474477,1.0500793470307768,1.0556302576625904,-0.5550910631813677,-0.7,0.0
S3,sub_saharan_africa,6,0,-3.7956795718758873,-3.5044617196133276,-3.5044617196133276,0.0,-0.2912178522625597,0.0317315298879392,1.0522829270418432,1.056836364315669,-0.45534372738258444,-0.7,0.0
S3,sub_saharan_africa,7,0,-3.857979751488416,-3.617545437745051,-3.617545437745051,0.0,-0.2404343137433651,0.02593856810421402,1.0540471185707818,1.0578148310308177,-0.37677124600359324,-0.7,0.0
S3,sub_saharan_africa,8,0,-3.909209261532709,-3.7091149298431048,-3.7091149298431048,0.0,-0.20009433168960422,0.021520814506184593,1.055479359521766,1.0586205798064772,-0.3141220284711199,-0.7,0.0
S3,sub_saharan_africa,9,0,-3.952021435640085,-3.7844387267876756,-3.7844387267876756,0.0,-0.16758270885240956,0.01813920451275708,1.0566599830394954,1.0592947395606456,-0.26347565211501944,-0.7,0.0
S3,sub_saharan_africa,10,0,-3.988395418547719,-3.8474284783533097,-3.8474284783533097,0.0,-0.14096694019440914,0.015536721328339442,1.0576490078043503,1.0598680913326592,-0.22190835283089072,-0.7,0.0
S3,sub_saharan_africa,11,0,-4.01980850794873,-3.9009921526145686,-3.9009921526145686,0.0,-0.11881635533416146,0.013519549621936189,1.0584912691029706,1.0603636707616992,-0.18724016587285952,-0.7,0.0
S3,sub_saharan_africa,12,0,-4.0473646624677,-3.947294783821209,-3.947294783821209,0.0,-0.10006987864649153,0.011942065561251769,1.0592202735295984,1.0607987268274468,-0.15784532978484478,-0.7,0.0
S3,sub_saharan_africa,13,0,-4.071890201291284,-3.9879511333061557,-3.9879511333061557,0.0,-0.08393906798512818,0.010695135552120372,1.0598610850202874,1.0611861908755702,-0.1325105855282782,-0.7,0.0
S3,sub_saharan_africa,14,0,-4.094005001271228,-4.024168146122243,-4.024168146122243,0.0,-0.06983685514898585,0.00969711766769521,1.0604324804497298,1.0615357754556694,-0.11032950059395308,-0.7,0.0
S3,sub_saharan_africa,15,0,-4.114175426908684,-4.056850348035768,-4.056850348035768,0.0,-0.05732507887291627,0.00888700681761223,1.0609485568702193,1.0618547946589243,-0.09062377887050221,-0.7,0.0
S3,sub_saharan_africa,16,0,-4.1327536598695485,-4.086677861449772,-4.086677861449772,0.0,-0.046075798419775715,0.008219248067078966,1.061419928391872,1.0621487756688526,-0.07288472769806376,-0.7,0.0
S3,sub_saharan_africa,17,0,-4.150006912483484,-4.114164176850954,-4.114164176850943,-1.1102230246251565e-14,-0.03584273563252971,0.007659831199988143,1.061854616680493,1.0624219141931768,-0.056729751268380646,-0.7,0.0
S3,sub_saharan_africa,18,0,-4.1661391224509625,-4.139698947977866,-4.139698947977866,0.0,-0.026440174473096878,0.007183360419510398,1.06225871308684,1.0626774133822308,-0.0418700295390817,-0.7,0.0
S3,sub_saharan_africa,19,0,-4.181307062167717,-4.163579703127207,-4.163579703127207,0.0,-0.01772735904050915,0.0067708614055458916,1.0626368707645777,1.0629177359151154,-0.028086515053771244,-0.7,0.0
S3,sub_saharan_africa,20,0,-4.195632300539054,-4.186035350511286,-4.186035350511286,0.0,-0.00959695002776817,0.0064081433238688534,1.0629926703347923,1.063144791441555,-0.015212110676277035,-0.7,0.0
S3,sub_saharan_africa,21,0,-4.209210085862914,-4.207243606638289,-4.207243606638289,0.0,-0.00196647922462434,0.006084577081383324,1.0633288915566175,1.0633600759350874,-0.003118437846993949,-0.7,0.0
S3,sub_saharan_africa,22,0,-4.222115943495696,-4.227343923306726,-4.227343923306726,0.0,0.005227979811028849,0.005792185007547079,1.0636477151646024,1.0635647752936845,0.008293987091789745,-0.7,0.0
S3,sub_saharan_africa,23,0,-4.234410577621606,-4.246447079644556,-4.246447079644556,0.0,0.012036502022949591,0.005524963107640668,1.063950872840764,1.0637598423703927,0.019103047037138943,-0.7,0.0
S3,sub_saharan_africa,24,0,-4.246143514558865,-4.2646423029368385,-4.2646423029368385,0.0,0.01849878837797414,0.005278376759708381,1.06423975867533,1.0639460542639565,0.029370441137355208,-0.7,0.0
S3,sub_saharan_africa,25,0,-4.257355812229902,-4.282002557976039,-4.282002557976039,0.0,0.024646745746137455,0.0050489856264782085,1.064515512036346,1.0641240549466773,0.03914570896688119,-0.7,0.0
S3,sub_saharan_africa,26,0,-4.268082076668078,-4.2985884788331425,-4.2985884788331425,0.0,0.030506402165064728,0.004834164757090698,1.0647790792149099,1.0642943870021797,0.04846922127301756,-0.7,0.0
S3,sub_saharan_africa,27,0,-4.278351964268867,-4.314451294148302,-4.314451294148302,0.0,0.03609932987943543,0.004631897252151129,1.0650312593151918,1.0644575152754956,0.057374403969623344,-0.7,0.0
S3,sub_saharan_africa,28,0,-4.2881913023650515,-4.329635006091371,-4.329635006091371,0.0,0.041443703726318226,0.004440620146217711,1.0652727384488512,1.0646138445166857,0.06588939321654497,-0.7,0.0
S3,sub_saharan_africa,29,0,-4.297622926474554,-4.344178015772915,-4.344178015772915,0.0,0.046555089298361274,0.0042591098519340065,1.0655041152467677,1.0647637325632826,0.07403826834850857,-0.7,0.0
S3,sub_saharan_africa,30,0,-4.306667307180501,-4.3581143379767155,-4.3581143379767155,0.0,0.05144703079621449,0.004086397006179687,1.0657259199239704,1.0649075002088306,0.08184197151397399,-0.7,0.0
S3,fsu_central_asia,1,0,-3.420345919490131,-3.8683142663909265,-3.8683142663909265,0.0,0.44796834690079557,1.6261604071687668,1.091627117263009,1.0804071616746196,1.1219955588389396,-0.45,0.0
S3,fsu_central_asia,2,0,-3.906448648525207,-3.5815587598852505,-3.5815587598852505,0.0,-0.3248898886399565,0.149211798965454,1.0844256068577904,1.092590035886115,-0.8164429028324482,-0.45,0.0
S3,fsu_central_asia,3,0,-4.018513942137581,-3.853391129360162,-3.853391129360162,0.0,-0.16512281277741847,0.054195637787646245,1.091250633056454,1.0954268976763124,-0.41762646198584275,-0.45,0.0
S3,fsu_central_asia,4,0,-4.096957988316463,-4.062986675276736,-4.062986675276736,0.0,-0.03397131303972678,0.03825788277246056,1.096555657467143,1.097419017859249,-0.0863360392105994,-0.45,0.0
S3,fsu_central_asia,5,0,-4.1564154778786495,-4.21977578069479,-4.21977578069479,0.0,0.06336030281614002,0.028464765314645257,1.1005485947530271,1.0989324679715815,0.1616126781445626,-0.45,0.0
S3,fsu_central_asia,6,0,-4.202224279602229,-4.338208230848073,-4.338208230848073,0.0,0.13598395124584384,0.021485955499564446,1.1035786977811157,1.1001005649314968,0.34781328496189534,-0.45,0.0
S3,fsu_central_asia,7,0,-4.238102980173986,-4.428872677528561,-4.428872677528561,0.0,0.19076969735457583,0.016462304300138286,1.1059065361519567,1.1010167079309285,0.4889828221028125,-0.45,0.0
S3,fsu_central_asia,8,0,-4.26673487459256,-4.499394123154832,-4.49939412315482,-1.1102230246251565e-14,0.2326592485622725,0.01283120788918568,1.1077221226343157,1.101748601580801,0.5973521053514785,-0.45,0.0
S3,fsu_central_asia,9,0,-4.29005777459458,-4.555260142189055,-4.555260142189055,0.0,0.2652023675944748,0.010195343840796456,1.1091634723502937,1.10234530724546,0.6818165104833573,-0.45,0.0
S3,fsu_central_asia,10,0,-4.309470890055667,-4.60042094762213,-4.60042094762213,0.0,0.29095005756646364,0.008272249798821352,1.1103306148653929,1.1028423402933614,0.7488274572031495,-0.45,0.0
S3,fsu_central_asia,11,0,-4.325984700502494,-4.63772136114049,-4.63772136114049,0.0,0.31173666063799566,0.006860544253720069,1.1112959555915516,1.1032653983981402,0.8030557193411392,-0.45,0.0
S3,fsu_central_asia,12,0,-4.340329367742335,-4.669211486824776,-4.669211486824776,0.0,0.3288821190824409,0.0058163547828893325,1.1121118727964738,1.1036330774422178,0.8478795354255997,-0.45,0.0
S3,fsu_central_asia,13,0,-4.353033033851716,-4.696370068887035,-4.696370068887035,0.0,0.3433370350353182,0.0050367334643725,1.1128162564022215,1.1039588431094811,0.8857413292740368,-0.45,0.0
S3,fsu_central_asia,14,0,-4.364478302275987,-4.720265044854822,-4.720265044854822,0.0,0.35578674257883414,0.004447926145820236,1.1134365303789995,1.1042524585440574,0.9184071834942076,-0.45,0.0
S3,fsu_central_asia,15,0,-4.374942945626314,-4.7416689436805886,-4.7416689436805886,0.0,0.36672599805427364,0.003997042019179831,1.113992565858776,1.1045210162563266,0.9471549602449336,-0.45,0.0
S3,fsu_central_asia,16,0,-4.38462922679207,-4.7611418257443745,-4.7611418257443745,0.0,0.3765125989523055,0.003646120367731265,1.1144987867860037,1.1047696830036822,0.9729103782321502,-0.45,0.0
S3,fsu_central_asia,17,0,-4.393685009132642,-4.779090894339067,-4.779090894339067,0.0,0.3854058852064246,0.0033678954063309785,1.1149656898306748,1.1050022369794024,0.9963452851272425,-0.45,0.0
S3,fsu_central_asia,18,0,-4.402218950546832,-4.795813341344601,-4.795813341344601,0.0,0.39359439079776903,0.0031427683256063377,1.115400940438448,1.1052214549638677,1.0179485474580252,-0.45,0.0
S3,fsu_central_asia,19,0,-4.410311437345838,-4.811527143913164,-4.811527143913164,0.0,0.4012157065673261,0.002956639848306075,1.1158101626863495,1.1054293912171536,1.0380771469195915,-0.45,0.0
S3,fsu_central_asia,20,0,-4.418022451641868,-4.826393202024626,-4.826393202024626,0.0,0.4083707503827583,0.0027993573776335934,1.1161975082185591,1.1056275783254783,1.056992989308081,-0.45,0.0
S3,fsu_central_asia,21,0,-4.425397232145256,-4.84053125302305,-4.84053125302305,0.0,0.4151340208777943,0.0026636017358944164,1.1165660659278935,1.1058171718172969,1.0748894110596652,-0.45,0.0
S3,fsu_central_asia,22,0,-4.4324703474640685,-4.854031313810204,-4.854031313810204,0.0,0.42156096634613505,0.0025440886566419074,1.1169181569077993,1.1059990542847222,1.0919102623077048,-0.45,0.0
S3,fsu_central_asia,23,0,-4.439268627469772,-4.866961908793455,-4.866961908793455,0.0,0.42769328132368223,0.0024369958253056545,1.11725554678828,1.1061739103517543,1.1081636436525821,-0.45,0.0
S3,fsu_central_asia,24,0,-4.445813273310373,-4.879375987706447,-4.879375987706447,0.0,0.4335627143960741,0.0023395516373453384,1.1175795985993735,1.1063422806589842,1.123731794038929,-0.45,0.0
S3,fsu_central_asia,25,0,-4.452121376685991,-4.89131518304684,-4.89131518304684,0.0,0.43919380636084915,0.0022497399597087853,1.1178913828320316,1.1065046007473713,1.1386782084660263,-0.45,0.0
S3,fsu_central_asia,26,0,-4.458207014259685,-4.902812874075224,-4.902812874075224,0.0,0.4446058598155389,0.0021660881299540025,1.1181917566984716,1.1066612290756024,1.1530527622869213,-0.45,0.0
S3,fsu_central_asia,27,0,-4.464082036497386,-4.9138963929562856,-4.9138963929562856,0.0,0.44981435645889967,0.002087514698123627,1.1184814212308318,1.106812467218538,1.1668954012293842,-0.45,0.0
S3,fsu_central_asia,28,0,-4.469756636726507,-4.92458861421844,-4.92458861421845,1.1102230246251565e-14,0.4548319774919318,0.002013220055885334,1.1187609624348196,1.1069585744396462,1.1802387995173413,-0.45,0.0
S3,fsu_central_asia,29,0,-4.475239762106398,-4.934909100867335,-4.934909100867335,0.0,0.4596693387609374,0.0019426078584822148,1.1190308809713874,1.1070997782152203,1.1931102756167045,-0.45,0.0
S3,fsu_central_asia,30,0,-4.480539410872241,-4.944874931730947,-4.944874931730947,0.0,0.4643355208587052,0.0018752285579931582,1.1192916135844635,1.1072362818454644,1.2055331738999087,-0.45,0.0
SC1_20pct,north_america,1,1,-1.8042602807022412,-2.1960860937608517,-2.1960860937608517,0.0,0.39182581305861053,2.478204163434368,1.07682687110535,1.0625707249665226,1.4256146138827308,-0.3,0.0
SC1_20pct,north_america,2,1,-2.012592200685981,-2.146010641823637,-2.146010641823637,0.0,0.133418441137656,0.18138155496459085,1.0749911290055567,1.0701198926368891,0.48712363686675975,-0.3,0.0
SC1_20pct,north_america,3,1,-2.040656239223071,-2.251671359762586,-2.251671359762586,0.0,0.211015120539515,0.05649456720457774,1.0788693758791315,1.071142150909866,0.7727224969265478,-0.3,0.0
SC1_20pct,north_america,4,1,-2.0601681179922227,-2.324198927614085,-2.324198927614096,1.1102230246251565e-14,0.26403080962186243,0.03817877247366819,1.0815420125873974,1.0718536371882008,0.9688375399196536,-0.3,0.0
SC1_20pct,north_america,5,1,-2.0746438905298037,-2.3770284886518556,-2.3770284886518556,0.0,0.3023845981220519,0.027845930129509477,1.083494199024089,1.072381882583211,1.1112316440877956,-0.3,0.0
SC1_20pct,north_america,6,1,-2.0856141011985962,-2.4160094814141164,-2.4160094814141164,0.0,0.3303953802155202,0.020662797314756343,1.0849375835458717,1.072782429546305,1.215515399956657,-0.3,0.0
SC1_20pct,north_america,7,1,-2.09410129998433,-2.4451889719166786,-2.4451889719166786,0.0,0.3510876719323486,0.015595608038714015,1.086019675223483,1.0730924496342125,1.2927225589270508,-0.3,0.0
SC1_20pct,north_america,8,1,-2.1008213844448287,-2.4674199544120423,-2.4674199544120423,0.0,0.36659856996721363,0.012008134552267402,1.0868450303776538,1.0733380032577873,1.350702711986651,-0.3,0.0
SC1_20pct,north_america,9,1,-2.106276908358562,-2.484712707696435,-2.484712707696435,0.0,0.37843579933787286,0.00945807587265507,1.087487611050174,1.073537403235811,1.395020781436318,-0.3,0.0
SC1_20pct,north_america,10,1,-2.1108209160248914,-2.4984823477035123,-2.4984823477035123,0.0,0.3876614316786209,0.0076357903107823755,1.0879996297563066,1.0737035239594712,1.4296105796835379,-0.3,0.0
SC1_20pct,north_america,11,1,-2.1147016443609723,-2.5097245915114974,-2.5097245915114974,0.0,0.3950229471505251,0.006324414094940889,1.088417900628914,1.0738454228448442,1.4572477784069893,-0.3,0.0
SC1_20pct,north_america,12,1,-2.118093858755976,-2.519140100893258,-2.519140100893258,0.0,0.4010462421372818,0.0053720458294020945,1.0887683681916545,1.0739694791806982,1.4798889010956273,-0.3,0.0
SC1_20pct,north_america,13,1,-2.121120816650013,-2.5272221897678637,-2.5272221897678637,0.0,0.4061013731178509,0.004672273408694305,1.089069319704245,1.0740801934877449,1.498912621650006,-0.3,0.0
SC1_20pct,north_america,14,1,-2.1238696600075935,-2.534318563165028,-2.534318563165028,0.0,0.4104489031574343,0.004150538964110828,1.089333655449174,1.0741807483059103,1.5152907143263672,-0.3,0.0
SC1_20pct,north_america,15,1,-2.1264022017093764,-2.540674715116842,-2.540674715116842,0.0,0.4142725134074654,0.0037545915330047808,1.089570489193855,1.074273401473765,1.5297087720089975,-0.3,0.0
SC1_20pct,north_america,16,1,-2.1287624838458696,-2.5464644045249396,-2.5464644045249396,0.0,0.41770192067906997,0.003447801896931668,1.0897862744884843,1.074359761870157,1.5426512618327282,-0.3,0.0
SC1_20pct,north_america,17,1,-2.130982073947363,-2.551811042440344,-2.551811042440344,0.0,0.4208289684929811,0.0032044814622544937,1.0899855963249738,1.0744409827181616,1.5544613606812252,-0.3,0.0
SC1_20pct,north_america,18,1,-2.1330837762351784,-2.556802694505589,-2.556802694505589,0.0,0.4237189182704104,0.003006604350717923,1.0901717271231026,1.0745178970877172,1.5653830035385452,-0.3,0.0
SC1_20pct,north_america,19,1,-2.1350842323794694,-2.561502601642396,-2.561502601642396,0.0,0.4264183692629264,0.002841512018501857,1.090347016984692,1.0745911128795906,1.5755904105101415,-0.3,0.0
SC1_20pct,north_america,20,1,-2.1369957442363585,-2.565956556612914,-2.565956556612914,0.0,0.42896081237655537,0.002700305856487284,1.0905131675191169,1.0746610794101228,1.5852088108994078,-0.3,0.0
SC1_20pct,north_america,21,1,-2.1388275515050292,-2.570198075716712,-2.570198075716712,0.0,0.43137052421168276,0.0025767215339728144,1.0906714239345359,1.0747281340930552,1.5943289841480635,-0.3,0.0
SC1_20pct,north_america,22,1,-2.1405867275063772,-2.5742520247098666,-2.5742520247098666,0.0,0.43366529720348934,0.0024663406812702737,1.0908227097791627,1.0747925351738241,1.603017460533862,-0.3,0.0
SC1_20pct,north_america,23,1,-2.1422788074154875,-2.5781371612112136,-2.5781371612112136,0.0,0.43585835379572613,0.0023660387954746454,1.090967721455996,1.0748544846899462,1.611323676604992,-0.3,0.0
SC1_20pct,north_america,24,1,-2.1439082290467537,-2.581867917709413,-2.581867917709413,0.0,0.4379596886626591,0.0022735985681143767,1.0911069945284033,1.0749141445823318,1.6192849946071508,-0.3,0.0
SC1_20pct,north_america,25,1,-2.145478642303289,-2.5854556523676298,-2.5854556523676298,0.0,0.43997701006434076,0.00218743905488622,1.0912409502469254,1.0749716480069718,1.6269302239953598,-0.3,0.0
SC1_20pct,north_america,26,1,-2.146993126600427,-2.5889095268614937,-2.5889095268614937,0.0,0.4419164002610665,0.0021064259707492816,1.0913699282095717,1.075027107283075,1.6342820926496637,-0.3,0.0
SC1_20pct,north_america,27,1,-2.1484543438010983,-2.5922371228412566,-2.5922371228412566,0.0,0.4437827790401583,0.002029738797790226,1.0914942093010627,1.0750806194838636,1.6413589817199092,-0.3,0.0
SC1_20pct,north_america,28,1,-2.1498646459550796,-2.595444875214603,-2.595444875214603,0.0,0.44558022925952345,0.0019567776822077,1.0916140318172007,1.075132270375055,1.6481761442145748,-0.3,0.0
SC1_20pct,north_america,29,1,-2.151226151357566,-2.598538377042825,-2.598538377042825,0.0,0.4473122256852591,0.0018870981968496792,1.091729602811574,1.075182137195032,1.6547465616541857,-0.3,0.0
SC1_20pct,north_america,30,1,-2.15254079839462,-2.6015225944433062,-2.6015225944433062,0.0,0.4489817960486864,0.001820365620661124,1.0918411060925304,1.0752302906227906,1.6610815469739748,-0.3,0.0
SC1_20pct,europe,1,1,-2.585224348960846,-3.9251083089492766,-3.9251083089492766,0.0,1.3398839599884305,2.34195906017505,1.1212074888956838,1.0777064258774967,4.3501063018187125,-0.35,0.0
SC1_20pct,europe,2,1,-3.863110237460765,-3.8321855463031906,-3.8321855463031906,0.0,-0.030924691157574458,1.0376679729609095,1.118114911482368,1.119142841180126,-0.1027929697758001,-0.35,0.0
SC1_20pct,europe,3,1,-3.91537236188243,-4.084501544246799,-4.084501544246811,1.1102230246251565e-14,0.16912918236436925,0.06226498183933282,1.1265392294457002,1.1208829241274911,0.5656305318209043,-0.35,0.0
SC1_20pct,europe,4,1,-3.9758819719534766,-4.222827227894621,-4.222827227894621,0.0,0.24694525594114447,0.05597811939712094,1.1311940330620105,1.1229021752376225,0.8291857824388016,-0.35,0.0
SC1_20pct,europe,5,1,-4.019531506854723,-4.3246522523561755,-4.3246522523561755,0.0,0.30512074550145263,0.040213475405054266,1.1346371569369968,1.1243618430041806,1.0275313932816221,-0.35,0.0
SC1_20pct,europe,6,1,-4.052023913922742,-4.39962643972176,-4.39962643972176,0.0,0.34760252579901785,0.029606139811091947,1.1371813927202572,1.1254500729693768,1.1731319750880376,-0.35,0.0
SC1_20pct,europe,7,1,-4.0765644675198836,-4.455599350016071,-4.455599350016071,0.0,0.37903488249618755,0.022097418312050365,1.1390858471013476,1.1262729235628737,1.2812923538473964,-0.35,0.0
SC1_20pct,europe,8,1,-4.095446500218502,-4.498078127820393,-4.498078127820393,0.0,0.4026316276018904,0.01677953053218495,1.1405340441987286,1.1269065955548079,1.3627448643920737,-0.35,0.0
SC1_20pct,europe,9,1,-4.110289108623788,-4.530951704006025,-4.5309517040060365,1.1102230246251565e-14,0.4206625953822374,0.013000521916348151,1.1416564849379145,1.1274050443114445,1.425144062646999,-0.35,0.0
SC1_20pct,europe,10,1,-4.122235344001613,-4.556963499055167,-4.556963499055167,0.0,0.4347281550535542,0.0103035529088219,1.1425456929780928,1.1278064424395078,1.4739250538585047,-0.35,0.0
SC1_20pct,europe,11,1,-4.132092048491254,-4.578048481097952,-4.578048481097952,0.0,0.4459564326066978,0.008367951372986737,1.1432671651433466,1.1281377767991083,1.512938834423827,-0.35,0.0
SC1_20pct,europe,12,1,-4.140428925924732,-4.595571687822552,-4.595571687822552,0.0,0.4551427618978199,0.006968551839972581,1.1438672308463982,1.1284181245686489,1.5449106277749314,-0.35,0.0
SC1_20pct,europe,13,1,-4.147648553692029,-4.610496685107535,-4.610496685107535,0.0,0.4628481314155053,0.0059471979298675315,1.14437865866051,1.1286609780973509,1.5717680563159142,-0.35,0.0
SC1_20pct,europe,14,1,-4.154035783860943,-4.623504365897412,-4.623504365897412,0.0,0.4694685820364697,0.005192767114950425,1.144824638485994,1.128875890300193,1.5948748185800943,-0.35,0.0
SC1_20pct,europe,15,1,-4.1597925636387085,-4.635076644637948,-4.635076644637948,0.0,0.4752840809992387,0.004627159987533047,1.1452216015327001,1.1290696369704574,1.615196456224277,-0.35,0.0
SC1_20pct,europe,16,1,-4.165062460318469,-4.645555380436273,-4.645555380436273,0.0,0.4804929201178032,0.004195468525611257,1.1455812131823537,1.129247036758308,1.6334176424045665,-0.35,0.0
SC1_20pct,europe,17,1,-4.169947926006623,-4.655183841676602,-4.655183841676602,0.0,0.48523591566997926,0.0038590745111893865,1.145911779319939,1.1294115291129845,1.6500250206954448,-0.35,0.0
SC1_20pct,europe,18,1,-4.174522447274976,-4.6641358762558704,-4.6641358762558704,0.0,0.4896134289808951,0.003590803593639391,1.146219237781563,1.129565581376032,1.665365640553107,-0.35,0.0
SC1_20pct,europe,19,1,-4.178839093382802,-4.672536429010887,-4.672536429010887,0.0,0.49369733562808493,0.0033715220711744154,1.1465078568442075,1.1297109754113692,1.6796881432838306,-0.35,0.0
SC1_20pct,europe,20,1,-4.1829365299381305,-4.680475971669051,-4.680475971669051,0.0,0.4975394417309209,0.003187746523136692,1.1467807271025328,1.1298490093657207,1.6931717736812013,-0.35,0.0
SC1_20pct,europe,21,1,-4.186843249377981,-4.688020651245617,-4.688020651245617,0.0,0.5011774018676363,0.0030299646623294096,1.1470401077525412,1.1299806396691503,1.7059468083390872,-0.35,0.0
SC1_20pct,europe,22,1,-4.190580547165501,-4.695219427602282,-4.695219427602282,0.0,0.5046388804367807,0.002891455685802291,1.1472876703415358,1.1301065809726825,1.718108936885332,-0.35,0.0
SC1_20pct,europe,23,1,-4.194164615853769,-4.702109093996187,-4.702109093996187,0.0,0.5079444781424192,0.002767461472949484,1.1475246703387691,1.1302273764872162,1.7297293851552986,-0.35,0.0
SC1_20pct,europe,24,1,-4.1976080188034555,-4.708717809201646,-4.708717809201646,0.0,0.5111097903981898,0.0026546042410924287,1.1477520679094675,1.1303434474982776,1.7408620411189846,-0.35,0.0
SC1_20pct,europe,25,1,-4.200920727672575,-4.715067583185483,-4.715067583185483,0.0,0.5141468555129092,0.0025504773418311144,1.1479706129473506,1.1304551282316362,1.7515484715714402,-0.35,0.0
SC1_20pct,europe,26,1,-4.204110853154985,-4.721176027076435,-4.721176027076435,0.0,0.5170651739214494,0.002453357699089276,1.1481809049618534,1.1305626904144188,1.7618214547434619,-0.35,0.0
SC1_20pct,europe,27,1,-4.207185160010818,-4.727057585884475,-4.727057585884465,-1.1102230246251565e-14,0.5198724258736576,0.0023620037117894066,1.1483834352760778,1.1306663605880054,1.7717074688072376,-0.35,0.0
SC1_20pct,europe,28,1,-4.210149430402222,-4.732724407541022,-4.732724407541033,1.1102230246251565e-14,0.5225749771388011,0.002275513206073665,1.1485786167809826,1.1307663323224086,1.7812284458573968,-0.35,0.0
SC1_20pct,europe,29,1,-4.213008720543199,-4.738186956215351,-4.738186956215351,0.0,0.5251782356721524,0.0021932235820198986,1.1487668049356936,1.1308627748441191,1.7904030091574485,-0.35,0.0
SC1_20pct,europe,30,1,-4.215767542307203,-4.743454445795281,-4.743454445795281,0.0,0.5276869034880782,0.0021146416092326925,1.148948312609304,1.130955839140724,1.7992473468580128,-0.35,0.0
SC1_20pct,east_asia,1,1,-1.022092675632269,-0.9458031384665944,-0.9458031384665944,0.0,-0.07628953716567466,3.0783135735793854,1.0213424326717115,1.023092642438064,-0.17502097663524285,-0.45,0.0
SC1_20pct,east_asia,2,1,-1.0577737942029874,-1.4016551934098676,-1.4016551934098676,0.0,0.3438813992068801,0.27268375779670034,1.031865416013144,1.0239127200076625,0.795269600548143,-0.45,0.0
SC1_20pct,east_asia,3,1,-1.0607914530111229,-1.4528620978531248,-1.4528620978531248,0.0,0.39207064484200194,0.02673669160597053,1.0330572971360734,1.0239821201277486,0.9075177008324831,-0.45,0.0
SC1_20pct,east_asia,4,1,-1.0629866682095646,-1.462508850479427,-1.462508850479427,0.0,0.39952218226986247,0.008080222406640913,1.0332820563577378,1.0240326099745913,0.9249446383146509,-0.45,0.0
SC1_20pct,east_asia,5,1,-1.0646125865159894,-1.4675699978025536,-1.4675699978025536,0.0,0.40295741128656415,0.005027727259460102,1.0334000041434002,1.0240700083465581,0.9329995796842017,-0.45,0.0
SC1_20pct,east_asia,6,1,-1.0658453758069397,-1.4710512839088197,-1.4710512839088197,0.0,0.40520590810187995,0.0035696199106247106,1.033481145299326,1.0240983655269873,0.9382779772338701,-0.45,0.0
SC1_20pct,east_asia,7,1,-1.0668079082082893,-1.4735572466436975,-1.4735572466436975,0.0,0.40674933843540817,0.0026165165294925186,1.0335395595217185,1.0241205069269645,0.9419052594753952,-0.45,0.0
SC1_20pct,east_asia,8,1,-1.067583643884118,-1.47540505774848,-1.47540505774848,0.0,0.4078214138643621,0.001968147549734345,1.0335826352355104,1.0241383518951568,0.9444283340353632,-0.45,0.0
SC1_20pct,east_asia,9,1,-1.0682291146073775,-1.4768033224694332,-1.4768033224694332,0.0,0.4085742078620558,0.0015234318844467576,1.0336152329658643,1.024153200601324,0.946203236454024,-0.45,0.0
SC1_20pct,east_asia,10,1,-1.0687826342220874,-1.4778927318927493,-1.4778927318927493,0.0,0.40911009767066187,0.0012162817329658404,1.0336406313891806,1.0241659342704188,0.947469711876181,-0.45,0.0
SC1_20pct,east_asia,11,1,-1.0692702077246596,-1.4787684343050556,-1.4787684343050556,0.0,0.4094982265803959,0.0010022106508758566,1.0336610481166588,1.02417715104529,0.9483897071368874,-0.45,0.0
SC1_20pct,east_asia,12,1,-1.0697095254718958,-1.479494836995865,-1.479494836995865,0.0,0.40978531152396913,0.0008511923642304242,1.0336779844115997,1.024187257834573,0.9490726577026765,-0.45,0.0
SC1_20pct,east_asia,13,1,-1.0701126609377498,-1.4801155885594386,-1.4801155885594386,0.0,0.4100029276216888,0.0007429557377244822,1.0336924577379083,1.0241965323542825,0.9495925383625758,-0.45,0.0
SC1_20pct,east_asia,14,1,-1.070487892202554,-1.4806603200411383,-1.4806603200411383,0.0,0.4101724278385843,0.000663814032482446,1.0337051588364066,1.0242051650203956,0.9499993816010965,-0.45,0.0
SC1_20pct,east_asia,15,1,-1.0708409315626333,-1.481149196444187,-1.481149196444187,0.0,0.4103082648815537,0.0006045243441957227,1.0337165577962835,1.024213287230223,0.9503270566060484,-0.45,0.0
SC1_20pct,east_asia,16,1,-1.0711757555074364,-1.4815959891526176,-1.4815959891526176,0.0,0.4104202336451812,0.0005588426595981577,1.0337269756647973,1.024220990452886,0.9505985211911261,-0.45,0.0
SC1_20pct,east_asia,17,1,-1.071495164938241,-1.4820101496279436,-1.4820101496279436,0.0,0.4105149846897027,0.0005225486602936091,1.0337366327832844,1.0242283391154292,0.9508293667855217,-0.45,0.0
SC1_20pct,east_asia,18,1,-1.0718011633248148,-1.4823982089249177,-1.4823982089249177,0.0,0.4105970456001029,0.000492787651312776,1.033745681410564,1.0242353793013725,0.9510302109191571,-0.45,0.0
SC1_20pct,east_asia,19,1,-1.0720952120016003,-1.4827647221959395,-1.4827647221959395,0.0,0.41066951019433917,0.0004676265282069214,1.0337542277408118,1.0242421446232886,0.9512083117523273,-0.45,0.0
SC1_20pct,east_asia,20,1,-1.0723784025588157,-1.4831129061430692,-1.4831129061430692,0.0,0.41073450358425356,0.00044575418378794973,1.0337623467640888,1.024248660188381,0.9513686575707947,-0.45,0.0
SC1_20pct,east_asia,21,1,-1.0726515732917274,-1.4834450692804535,-1.4834450692804535,0.0,0.41079349598872605,0.000426279375570493,1.0337700922970812,1.0242549452772485,0.9515147019832693,-0.45,0.0
SC1_20pct,east_asia,22,1,-1.0729153879018516,-1.4837629023986443,-1.4837629023986443,0.0,0.4108475144967927,0.00040859435093409946,1.0337775037548695,1.0242610151543252,0.9516488600544326,-0.45,0.0
SC1_20pct,east_asia,23,1,-1.0731703887261745,-1.4840676747039372,-1.4840676747039372,0.0,0.41089728597776265,0.00039228283681413956,1.0337846107237332,1.0242668822923715,0.9517728431361672,-0.45,0.0
SC1_20pct,east_asia,24,1,-1.0734170327773795,-1.484360366314641,-1.484360366314641,0.0,0.4109433335372614,0.0003770579600076429,1.0337914360502234,1.0242725572015527,0.9518878848670642,-0.45,0.0
SC1_20pct,east_asia,25,1,-1.073655716182076,-1.4846417578150972,-1.4846417578150972,0.0,0.4109860416330213,0.0003627203597533768,1.0337979979290866,1.024278048991621,0.951994893746555,-0.45,0.0
SC1_20pct,east_asia,26,1,-1.0738867907886585,-1.48491249083339,-1.48491249083339,0.0,0.4110257000447315,0.00034912992250418773,1.033804311315626,1.024283365753964,0.9520945561661831,-0.45,0.0
SC1_20pct,east_asia,27,1,-1.0741105754873415,-1.4851731090653408,-1.4851731090653408,0.0,0.4110625335779994,0.0003361867069534563,1.033810388882174,1.0242885148220096,0.9521874060164359,-0.45,0.0
SC1_20pct,east_asia,28,1,-1.0743273639593265,-1.4854240861015278,-1.4854240861015278,0.0,0.4110967221422013,0.000323818068469206,1.033816241666877,1.0242935029494808,0.9522738717396173,-0.45,0.0
SC1_20pct,east_asia,29,1,-1.07453743001239,-1.4856658443460513,-1.4856658443460513,0.0,0.4111284143336613,0.00031196996659599296,1.0338218795147815,1.0242983364331286,0.952354308165293,-0.45,0.0
SC1_20pct,east_asia,30,1,-1.0747410312850758,-1.4858987679204794,-1.4858987679204794,0.0,0.41115773663540356,0.00030060109413310165,1.0338273113786787,1.024303021197934,0.9524290180744632,-0.45,0.0
SC1_20pct,south_asia,1,0,-2.142089570604533,-3.679973914331358,-3.679973914331358,0.0,1.5378843437268253,2.789514105258617,1.0644836962318673,1.0367485501429234,2.7735146088943896,-0.6,0.0
SC1_20pct,south_asia,2,0,-4.000288118146722,-3.683834310454981,-3.683834310454981,0.0,-0.31645380769174114,1.9947827981787598,1.0645548055070029,1.0704099003901033,-0.5855094883100431,-0.6,0.0
SC1_20pct,south_asia,3,0,-4.066586952239792,-4.045604238650002,-4.045604238650002,0.0,-0.02098271358978998,0.12961868396310083,1.0712525656185554,1.0716431042884769,-0.03905386699214475,-0.6,0.0
SC1_20pct,south_asia,4,0,-4.107761617857896,-4.1749840399643805,-4.1749840399643805,0.0,0.06722242210648322,0.05635323412296056,1.0736642673087442,1.072410126075877,0.12541412328672674,-0.6,0.0
SC1_20pct,south_asia,5,0,-4.139214775341826,-4.264343478527877,-4.264343478527888,1.1102230246251565e-14,0.1251287031860504,0.04110538820057685,1.0753350464662628,1.0729966428238629,0.23384036423999,-0.6,0.0
SC1_20pct,south_asia,6,0,-4.162577035188175,-4.32980563882791,-4.32980563882791,0.0,0.16722860363973524,0.03007173806921226,1.076561652969963,1.0734326183621312,0.3129034607831871,-0.6,0.0
SC1_20pct,south_asia,7,0,-4.180208776245675,-4.378477821247362,-4.378477821247362,0.0,0.19826904500168663,0.022310773651734728,1.077475106585672,1.073761841350894,0.3713265234777996,-0.6,0.0
SC1_20pct,south_asia,8,0,-4.193798263739746,-4.415338681963754,-4.415338681963754,0.0,0.22154041822400883,0.016867654226607187,1.078167717102368,1.0740156969253094,0.4152020177058624,-0.6,0.0
SC1_20pct,south_asia,9,0,-4.204521475077804,-4.443861800617732,-4.443861800617732,0.0,0.23934032553992735,0.013033023201730609,1.0787041516014038,1.0742160774164518,0.44880741849520067,-0.6,0.0
SC1_20pct,south_asia,10,0,-4.213197776533351,-4.466466116244449,-4.466466116244449,0.0,0.2532683397110991,0.01031499389544388,1.079129574507822,1.0743782518793088,0.4751322628513188,-0.6,0.0
SC1_20pct,south_asia,11,0,-4.22039848907737,-4.4848365341641045,-4.4848365341641045,0.0,0.2644380450867345,0.008373019520530045,1.0794755114153989,1.0745128748871158,0.4962636528283104,-0.6,0.0
SC1_20pct,south_asia,12,0,-4.226522504129093,-4.500147724090276,-4.500147724090264,-1.1102230246251565e-14,0.27362521996118216,0.006971220265861167,1.0797639750004766,1.0746273894243499,0.5136585576126729,-0.6,0.0
SC1_20pct,south_asia,13,0,-4.231848901232372,-4.513219907565369,-4.513219907565369,0.0,0.2813710063329977,0.005946151257332777,1.080010353205543,1.0747270049761493,0.5283348229393692,-0.6,0.0
SC1_20pct,south_asia,14,0,-4.236573520937914,-4.524627148591831,-4.524627148591831,0.0,0.28805362765391695,0.005184512160658072,1.080225424881288,1.0748153783088632,0.541004657242472,-0.6,0.0
SC1_20pct,south_asia,15,0,-4.240834365293244,-4.5347725575282,-4.5347725575282,0.0,0.2939381922349549,0.004607724227920218,1.0804167636056254,1.0748950867616789,0.5521676843946555,-0.6,0.0
SC1_20pct,south_asia,16,0,-4.244729229698141,-4.543940485686515,-4.543940485686515,0.0,0.29921125598837417,0.004161255728718505,1.0805897140435212,1.0749679570301889,0.562175701333234,-0.6,0.0
SC1_20pct,south_asia,17,0,-4.248327938240015,-4.5523327370262106,-4.5523327370262106,0.0,0.3040047987861949,0.0038072321813048537,1.0807480703889103,1.0750352934493157,0.5712776939594599,-0.6,0.0
SC1_20pct,south_asia,18,0,-4.251680832887928,-4.560093686212596,-4.560093686212596,0.0,0.30841285332466883,0.0035193197112981522,1.0808945475201517,1.0750980364507343,0.5796511069417365,-0.6,0.0
SC1_20pct,south_asia,19,0,-4.254824663429968,-4.567327700622325,-4.567327700622325,0.0,0.3125030371923576,0.003279181842427703,1.0810311080941029,1.0751568725404625,0.5874235553640306,-0.6,0.0
SC1_20pct,south_asia,20,0,-4.257786674494223,-4.574111225143563,-4.574111225143563,0.0,0.3163245506493384,0.003074025599383856,1.0811591895977604,1.0752123106327254,0.5946878965034985,-0.6,0.0
SC1_20pct,south_asia,21,0,-4.260587442273933,-4.580501166439288,-4.580501166439288,0.0,0.3199137241653549,0.0028949018620771927,1.0812798619629582,1.0752647350432658,0.6015126919692415,-0.6,0.0
SC1_20pct,south_asia,22,0,-4.263242844293824,-4.586540711784382,-4.586540711784382,0.0,0.32329786749055733,0.0027355280238755553,1.081393937003562,1.0753144422931666,0.6079494710395261,-0.6,0.0
SC1_20pct,south_asia,23,0,-4.265765428054824,-4.592263369505578,-4.592263369505578,0.0,0.32649794145075406,0.0025914723656816907,1.0815020444329813,1.075361666684515,0.6140377748466319,-0.6,0.0
SC1_20pct,south_asia,24,0,-4.268165362873988,-4.597695776606326,-4.597695776606326,0.0,0.3295304137323374,0.0024595889472428523,1.0816046847019525,1.075406598089049,0.6198086612903442,-0.6,0.0
SC1_20pct,south_asia,25,0,-4.270451102699003,-4.602859651734481,-4.602859651734481,0.0,0.3324085490354789,0.002337626013060312,1.0817022657595239,1.0754493943360743,0.6252871423449546,-0.6,0.0
SC1_20pct,south_asia,26,0,-4.272629848474018,-4.6077731555838835,-4.6077731555838835,0.0,0.3351433071098642,0.002223954584015808,1.0817951286631535,1.0754901898542366,0.6304938808916916,-0.6,0.0
SC1_20pct,south_asia,27,0,-4.274707871455597,-4.612451840369946,-4.612451840369946,0.0,0.3377439689143502,0.0021173803017915382,1.081883565453551,1.0755291017142943,0.6354463739256744,-0.6,0.0
SC1_20pct,south_asia,28,0,-4.276690740038081,-4.616909314261353,-4.616909314261353,0.0,0.3402185742232722,0.002017012945534913,1.0819678316624637,1.0755662338681957,0.6401597794267966,-0.6,0.0
SC1_20pct,south_asia,29,0,-4.278583479588405,-4.621157708009493,-4.621157708009493,0.0,0.34257422842108864,0.0019221759027548968,1.082048155095296,1.07560168013581,0.6446474959486137,-0.6,0.0
SC1_20pct,south_asia,30,0,-4.280390685740542,-4.62520800423909,-4.62520800423909,0.0,0.344817318498547,0.0018323433228578656,1.0821247420268794,1.0756355263215744,0.6489215705304918,-0.6,0.0
SC1_20pct,southeast_asia,1,0,-2.4881610349531957,-2.886596034389055,-2.886596034389055,0.0,0.39843499943585936,3.2483124987629672,1.0546995701665056,1.0468771798929506,0.7822390273555024,-0.55,0.0
SC1_20pct,southeast_asia,2,0,-2.8787855888371072,-2.7585451481115353,-2.7585451481115353,0.0,-0.12024044072557194,0.37522816210473625,1.0521757222458838,1.0545453598259054,-0.23696375800215108,-0.55,0.0
SC1_20pct,southeast_asia,3,0,-2.9442283180990847,-2.922259097267632,-2.922259097267632,0.0,-0.021969220831452585,0.09599875407543673,1.0554041501799887,1.0558385499723077,-0.043439979231907344,-0.55,0.0
SC1_20pct,southeast_asia,4,0,-2.987111381730001,-3.0366514480985374,-3.0366514480985374,0.0,0.04954006636853636,0.06290444598820583,1.0576690814287184,1.0566872802952532,0.09818011334652432,-0.55,0.0
SC1_20pct,southeast_asia,5,0,-3.0192522415753986,-3.121028266344239,-3.12102826634425,1.1102230246251565e-14,0.1017760247688404,0.046556919101264915,1.0593445467605698,1.0573240972663787,0.20204494941911122,-0.55,0.0
SC1_20pct,southeast_asia,6,0,-3.043926143890996,-3.184281556001023,-3.184281556001023,0.0,0.140355412110027,0.03523655548638149,1.0606032630306863,1.057813372768444,0.27898902622423005,-0.55,0.0
SC1_20pct,southeast_asia,7,0,-3.063259031616916,-3.232454593564782,-3.232454593564782,0.0,0.16919556194786578,0.027177907248197852,1.0615634438155355,1.0581969829357245,0.3366460879810962,-0.55,0.0
SC1_20pct,southeast_asia,8,0,-3.078745804229399,-3.2698268745542824,-3.2698268745542824,0.0,0.1910810703248833,0.021405788527709135,1.0623092732876158,1.058504432663865,0.3804840623750749,-0.55,0.0
SC1_20pct,southeast_asia,9,0,-3.0914429662387777,-3.2994321608645127,-3.2994321608645127,0.0,0.20798919462573506,0.01724538098257372,1.0629006754566381,1.0587566052096935,0.4144070246944631,-0.55,0.0
SC1_20pct,southeast_asia,10,0,-3.1020980476575977,-3.323419661714111,-3.323419661714111,0.0,0.2213216140565133,0.014222581143863433,1.063380229764213,1.0589682927896777,0.44119369745352355,-0.55,0.0
SC1_20pct,southeast_asia,11,0,-3.111240731335241,-3.3433118730170075,-3.3433118730170075,0.0,0.23207114168176668,0.012003935082782746,1.0637781661103434,1.0591499854281365,0.46281806822068283,-0.55,0.0
SC1_20pct,southeast_asia,12,0,-3.119247128130087,-3.360188053587565,-3.360188053587565,0.0,0.24094092545747792,0.010354835728862422,1.064115948881612,1.0593091363146503,0.48068125669618045,-0.55,0.0
SC1_20pct,southeast_asia,13,0,-3.126385085441452,-3.3748143483430915,-3.3748143483430915,0.0,0.24842926290163936,0.00911016327830444,1.0644088338851712,1.0594510556470338,0.4957778238137367,-0.55,0.0
SC1_20pct,southeast_asia,14,0,-3.1328461097692273,-3.387735856024876,-3.387735856024876,0.0,0.25488974625564875,0.00815365203400975,1.0646676852576595,1.0595795413767157,0.5088143880943807,-0.55,0.0
SC1_20pct,southeast_asia,15,0,-3.1387678506081595,-3.3993416662608023,-3.3993416662608023,0.0,0.2605738156526427,0.007403388119642251,1.064900262976547,1.0596973239786183,0.5202938997928674,-0.55,0.0
SC1_20pct,southeast_asia,16,0,-3.144249933443022,-3.4099107519869887,-3.4099107519869887,0.0,0.26566081854396684,0.006801615433765784,1.0651121334992033,1.0598063799345014,0.5305753564701865,-0.55,0.0
SC1_20pct,southeast_asia,17,0,-3.149365108434965,-3.4196443293722734,-3.4196443293722734,0.0,0.2702792209373084,0.006307569396851731,1.065307313013657,1.0599081526229446,0.5399160390712421,-0.55,0.0
SC1_20pct,southeast_asia,18,0,-3.1541671009605365,-3.4286886653012494,-3.4286886653012494,0.0,0.27452156434071284,0.0058924388068773426,1.065488721422329,1.0600037079478735,0.5485013474455513,-0.55,0.0
SC1_20pct,southeast_asia,19,0,-3.1586961404814207,-3.4371511482717,-3.4371511482717,0.0,0.2784550077902792,0.0055358235743832584,1.0656585025738594,1.0600938439903924,0.5564658583466997,-0.55,0.0
SC1_20pct,southeast_asia,20,0,-3.162982855339158,-3.4451116116049563,-3.4451116116049563,0.0,0.28212875626579814,0.005223244007698802,1.065818250081972,1.060179168279879,0.5639081802093049,-0.55,0.0
SC1_20pct,southeast_asia,21,0,-3.1670510175127675,-3.4526303121536928,-3.4526303121536928,0.0,0.28557929464092524,0.0049443893458886445,1.0659691665526756,1.0602601522642674,0.5709014288408198,-0.55,0.0
SC1_20pct,southeast_asia,22,0,-3.170919478013401,-3.459753553671596,-3.459753553671596,0.0,0.2888340756581953,0.004691886017939295,1.0661121758683998,1.060337169726984,0.5775006141415684,-0.55,0.0
SC1_20pct,southeast_asia,23,0,-3.1746035326566058,-3.466517651758716,-3.466517651758716,0.0,0.2919141191021102,0.004460431311165136,1.0662480023922811,1.060410523901689,0.583747849059213,-0.55,0.0
SC1_20pct,southeast_asia,24,0,-3.178115886908617,-3.47295173120008,-3.47295173120008,0.0,0.29483584429146337,0.00424618396659554,1.0663772268671896,1.0604804666296541,0.5896760237535492,-0.55,0.0
SC1_20pct,southeast_asia,25,0,-3.181467338505406,-3.479079701273513,-3.479079701273513,0.0,0.2976123627681071,0.004046335431584502,1.0665003258979688,1.0605472119142376,0.5953113983731217,-0.55,0.0
SC1_20pct,southeast_asia,26,0,-3.1846672613620397,-3.484921652295614,-3.484921652295614,0.0,0.3002543909335742,0.0038588081495996573,1.0666176998697525,1.0606109455296462,0.6006754340106335,-0.55,0.0
SC1_20pct,southeast_asia,27,0,-3.187723949534904,-3.490494844634262,-3.490494844634262,0.0,0.30277089509935795,0.0036820431852435664,1.0667296927203351,1.0606718318503354,0.6057860869999709,-0.55,0.0
SC1_20pct,southeast_asia,28,0,-3.190644862583869,-3.495814410700293,-3.495814410700293,0.0,0.30516954811642405,0.0035148506769583365,1.0668366059735466,1.0607300187219377,0.6106587251608842,-0.55,0.0
SC1_20pct,southeast_asia,29,0,-3.193436801427796,-3.500893854732645,-3.500893854732645,0.0,0.3074570533048493,0.003356304477990235,1.0669387087284268,1.060785640951464,0.6153067776962784,-0.55,0.0
SC1_20pct,southeast_asia,30,0,-3.1961060351654913,-3.5057454100677066,-3.5057454100677066,0.0,0.30963937490221527,0.003205667879224716,1.0670362447974604,1.060838822823405,0.6197421974055484,-0.55,0.0
SC1_20pct,latin_america,1,1,-1.1550221117745951,-1.9559553847918631,-1.9559553847918631,0.0,0.800933273017268,1.179766097745033,1.0402975176114129,1.0235069188467654,1.6790598764647502,-0.5,0.0
SC1_20pct,latin_america,2,1,-1.7852067406612937,-1.731157637220604,-1.731157637220604,0.0,-0.054049103440689805,0.44736809377732556,1.03554343583973,1.036683500244495,-0.11400644047649955,-0.5,0.0
SC1_20pct,latin_america,3,1,-1.8476710097978133,-1.8473168426292652,-1.8473168426292652,0.0,-0.0003541671685480807,0.0656635952355697,1.037995922647295,1.038003413549323,-0.000749090202800673,-0.5,0.0
SC1_20pct,latin_america,4,1,-1.8875586286170143,-1.9385448821504392,-1.9385448821504392,0.0,0.0509862535334249,0.044170010779082114,1.0399281473061677,1.0388475858114414,0.10805614947262399,-0.5,0.0
SC1_20pct,latin_america,5,1,-1.9177561775753693,-2.0074568081075883,-2.0074568081075883,0.0,0.089700630532219,0.03315530071685141,1.0413912923032789,1.03948736481335,0.19039274899288472,-0.5,0.0
SC1_20pct,latin_america,6,1,-1.941029488890711,-2.0600447971616087,-2.0600447971616087,0.0,0.11901530827089779,0.025269697482939446,1.0425099241521447,1.0399808471296492,0.2529077022495496,-0.5,0.0
SC1_20pct,latin_america,7,1,-1.9592582555410298,-2.1007285679654597,-2.1007285679654597,0.0,0.14147031242442987,0.01955024581510728,1.0433765710020901,1.0403676114531557,0.3008959548934431,-0.5,0.0
SC1_20pct,latin_america,8,1,-1.9737959182938414,-2.132712281209437,-2.132712281209437,0.0,0.1589163629155954,0.01538482228892607,1.0440586479407212,1.040676215364277,0.33824325764442165,-0.5,0.0
SC1_20pct,latin_america,9,1,-1.985618688717472,-2.1583148735012547,-2.1583148735012547,0.0,0.17269618478378268,0.012336480894953317,1.0446051247354629,1.0409272890917642,0.36778356436986126,-0.5,0.0
SC1_20pct,latin_america,10,1,-1.9954311547433656,-2.1792135246782474,-2.1792135246782474,0.0,0.18378236993488173,0.01009208189032551,1.0450515159555855,1.0411357400876509,0.3915775867934679,-0.5,0.0
SC1_20pct,latin_america,11,1,-2.0037423729834414,-2.196621255213138,-2.196621255213138,0.0,0.19287888222969674,0.008427033807120732,1.04542356024252,1.041312348327696,0.4111211914823887,-0.5,0.0
SC1_20pct,latin_america,12,1,-2.0109206715718697,-2.2114159021742297,-2.2114159021742408,1.1102230246251565e-14,0.20049523060235996,0.007180155321585835,1.0457399129668081,1.0414649188957754,0.42749940710327117,-0.5,0.0
SC1_20pct,latin_america,13,1,-2.0172330952042183,-2.2242335025956628,-2.2242335025956628,0.0,0.20700040739144443,0.0062357076846417114,1.0460141067757327,1.04159911350449,0.44149932712427287,-0.5,0.0
SC1_20pct,latin_america,14,1,-2.022873783594681,-2.2355357641496987,-2.2355357641496987,0.0,0.21266198055501784,0.005510537068321997,1.046255973971313,1.0417190497667557,0.45369242045574243,-0.5,0.0
SC1_20pct,latin_america,15,1,-2.0279843821420673,-2.2456587419123153,-2.2456587419123153,0.0,0.21767435977024796,0.00494486548682227,1.046472675842777,1.0418277327755543,0.4644943067222629,-0.5,0.0
SC1_20pct,latin_america,16,1,-2.0326687193054416,-2.2548479204934524,-2.2548479204934524,0.0,0.22217920118801082,0.0044956905698917415,1.0466694462423793,1.0419273657650114,0.4742080477367905,-0.5,0.0
SC1_20pct,latin_america,17,1,-2.0370033602833737,-2.2632834808148483,-2.2632834808148483,0.0,0.22628012053147462,0.00413205274508166,1.0468501280697717,1.0420195736624915,0.48305544072801965,-0.5,0.0
SC1_20pct,latin_america,18,1,-2.0410451955770625,-2.27109848953021,-2.27109848953021,0.0,0.23005329395314744,0.003831640175901152,1.0470175600137626,1.042105563930268,0.4911996083494463,-0.5,0.0
SC1_20pct,latin_america,19,1,-2.044836897932256,-2.2783919900681737,-2.2783919900681737,0.0,0.23355509213591752,0.0035783526041791025,1.0471738551928298,1.0421862422829262,0.49876129099035715,-0.5,0.0
SC1_20pct,latin_america,20,1,-2.0484108470558704,-2.2852384233155165,-2.2852384233155165,0.0,0.23682757625964612,0.003360552845431408,1.0473206018449477,1.0422622959455814,0.5058305899366289,-0.5,0.0
SC1_20pct,latin_america,21,1,-2.0517919530389395,-2.2916944071830425,-2.2916944071830425,0.0,0.23990245414410305,0.003169811586334337,1.0474590078534842,1.0423342535684528,0.5124754285031452,-0.5,0.0
SC1_20pct,latin_america,22,1,-2.054999688242365,-2.2978036162641935,-2.2978036162641935,0.0,0.2428039280218286,0.0030000061545243373,1.0475900048297142,1.0424025283557155,0.5187476473998753,-0.5,0.0
SC1_20pct,latin_america,23,1,-2.0580495502738327,-2.3036002950555967,-2.3036002950555967,0.0,0.24555074478176397,0.00284667333658728,1.0477143230836994,1.0424674491251553,0.5246873958544063,-0.5,0.0
SC1_20pct,latin_america,24,1,-2.0609541160488076,-2.309111788531082,-2.309111788531082,0.0,0.24815767248227427,0.002706544557309898,1.047832545645756,1.0425292826900256,0.5303262955730359,-0.5,0.0
SC1_20pct,latin_america,25,1,-2.0637238019095894,-2.3143603660987666,-2.3143603660987666,0.0,0.25063656418917724,0.0025772119792724646,1.0479451472146237,1.042588250001332,0.53568972132918,-0.5,0.0
SC1_20pct,latin_america,26,1,-2.066367412424197,-2.3193645374247174,-2.3193645374247174,0.0,0.2529971250005203,0.0024568886034290194,1.0480525222610568,1.042644537803337,0.5407984457719728,-0.5,0.0
SC1_20pct,latin_america,27,1,-2.0688925372351674,-2.324140002827191,-2.324140002827191,0.0,0.2552474655920234,0.0023442358690797804,1.0481550053292024,1.0426983070622116,0.54566982669908,-0.5,0.0
SC1_20pct,latin_america,28,1,-2.071305838624171,-2.3287003408317797,-2.3287003408317797,0.0,0.2573945022076085,0.0022382397279530064,1.0482528857241902,1.0427496990735114,0.5503186650678726,-0.5,0.0
SC1_20pct,latin_america,29,1,-2.073613260450924,-2.3330575066360604,-2.3330575066360604,0.0,0.2594442461851365,0.002138121532836712,1.0483464181598972,1.04279883989944,0.5547578260457042,-0.5,0.0
SC1_20pct,latin_america,30,1,-2.0758201805017085,-2.337222194498556,-2.337222194498556,0.0,0.2614020139968476,0.0020432739326267657,1.0484358304988282,1.0428458436038575,0.55899868949707,-0.5,0.0
SC1_20pct,sub_saharan_africa,1,0,-2.616190858404943,-3.584988996248717,-3.584988996248717,0.0,0.9687981378437738,0.7592017931659047,1.0535386983302817,1.0385980163306212,1.4940681999660477,-0.7,0.0
SC1_20pct,sub_saharan_africa,2,0,-3.3321181965195845,-2.6745181324158263,-2.6745181324158263,0.0,-0.6576000641037583,0.04145077588493806,1.0394873205004977,1.0496038744233325,-1.0116553922834726,-0.7,0.0
SC1_20pct,sub_saharan_africa,3,0,-3.4999386473223204,-2.9524467486181427,-2.9524467486181427,0.0,-0.5474918987041777,0.061260545054589444,1.0437426786859094,1.0522124681089182,-0.84697894230088,-0.7,0.0
SC1_20pct,sub_saharan_africa,4,0,-3.6224104100393895,-3.182868381741877,-3.182868381741877,0.0,-0.43954202829751265,0.04931371395029832,1.0472931644137844,1.0541231286165296,-0.6829964202745176,-0.7,0.0
SC1_20pct,sub_saharan_africa,5,0,-3.7187502154005347,-3.3627599157745935,-3.3627599157745935,0.0,-0.3559902996259412,0.03934283017474477,1.0500793470307768,1.0556302576625904,-0.5550910631813677,-0.7,0.0
SC1_20pct,sub_saharan_africa,6,0,-3.7956795718758873,-3.5044617196133276,-3.5044617196133276,0.0,-0.2912178522625597,0.0317315298879392,1.0522829270418432,1.056836364315669,-0.45534372738258444,-0.7,0.0
SC1_20pct,sub_saharan_africa,7,0,-3.857979751488416,-3.617545437745051,-3.617545437745051,0.0,-0.2404343137433651,0.02593856810421402,1.0540471185707818,1.0578148310308177,-0.37677124600359324,-0.7,0.0
SC1_20pct,sub_saharan_africa,8,0,-3.909209261532709,-3.7091149298431048,-3.7091149298431048,0.0,-0.20009433168960422,0.021520814506184593,1.055479359521766,1.0586205798064772,-0.3141220284711199,-0.7,0.0
SC1_20pct,sub_saharan_africa,9,0,-3.952021435640085,-3.7844387267876756,-3.7844387267876756,0.0,-0.16758270885240956,0.01813920451275708,1.0566599830394954,1.0592947395606456,-0.26347565211501944,-0.7,0.0
SC1_20pct,sub_saharan_africa,10,0,-3.988395418547719,-3.8474284783533097,-3.8474284783533097,0.0,-0.14096694019440914,0.015536721328339442,1.0576490078043503,1.0598680913326592,-0.22190835283089072,-0.7,0.0
SC1_20pct,sub_saharan_africa,11,0,-4.01980850794873,-3.9009921526145686,-3.9009921526145686,0.0,-0.11881635533416146,0.013519549621936189,1.0584912691029706,1.0603636707616992,-0.18724016587285952,-0.7,0.0
SC1_20pct,sub_saharan_africa,12,0,-4.0473646624677,-3.947294783821209,-3.947294783821209,0.0,-0.10006987864649153,0.011942065561251769,1.0592202735295984,1.0607987268274468,-0.15784532978484478,-0.7,0.0
SC1_20pct,sub_saharan_africa,13,0,-4.071890201291284,-3.9879511333061557,-3.9879511333061557,0.0,-0.08393906798512818,0.010695135552120372,1.0598610850202874,1.0611861908755702,-0.1325105855282782,-0.7,0.0
SC1_20pct,sub_saharan_africa,14,0,-4.094005001271228,-4.024168146122243,-4.024168146122243,0.0,-0.06983685514898585,0.00969711766769521,1.0604324804497298,1.0615357754556694,-0.11032950059395308,-0.7,0.0
SC1_20pct,sub_saharan_africa,15,0,-4.114175426908684,-4.056850348035768,-4.056850348035768,0.0,-0.05732507887291627,0.00888700681761223,1.0609485568702193,1.0618547946589243,-0.09062377887050221,-0.7,0.0
SC1_20pct,sub_saharan_africa,16,0,-4.1327536598695485,-4.086677861449772,-4.086677861449772,0.0,-0.046075798419775715,0.008219248067078966,1.061419928391872,1.0621487756688526,-0.07288472769806376,-0.7,0.0
SC1_20pct,sub_saharan_africa,17,0,-4.150006912483484,-4.114164176850954,-4.114164176850943,-1.1102230246251565e-14,-0.03584273563252971,0.007659831199988143,1.061854616680493,1.0624219141931768,-0.056729751268380646,-0.7,0.0
SC1_20pct,sub_saharan_africa,18,0,-4.1661391224509625,-4.139698947977866,-4.139698947977866,0.0,-0.026440174473096878,0.007183360419510398,1.06225871308684,1.0626774133822308,-0.0418700295390817,-0.7,0.0
SC1_20pct,sub_saharan_africa,19,0,-4.181307062167717,-4.163579703127207,-4.163579703127207,0.0,-0.01772735904050915,0.0067708614055458916,1.0626368707645777,1.0629177359151154,-0.028086515053771244,-0.7,0.0
SC1_20pct,sub_saharan_africa,20,0,-4.195632300539054,-4.186035350511286,-4.186035350511286,0.0,-0.00959695002776817,0.0064081433238688534,1.0629926703347923,1.063144791441555,-0.015212110676277035,-0.7,0.0
SC1_20pct,sub_saharan_africa,21,0,-4.209210085862914,-4.207243606638289,-4.207243606638289,0.0,-0.00196647922462434,0.006084577081383324,1.0633288915566175,1.0633600759350874,-0.003118437846993949,-0.7,0.0
SC1_20pct,sub_saharan_africa,22,0,-4.222115943495696,-4.227343923306726,-4.227343923306726,0.0,0.005227979811028849,0.005792185007547079,1.0636477151646024,1.0635647752936845,0.008293987091789745,-0.7,0.0
SC1_20pct,sub_saharan_africa,23,0,-4.234410577621606,-4.246447079644556,-4.246447079644556,0.0,0.012036502022949591,0.005524963107640668,1.063950872840764,1.0637598423703927,0.019103047037138943,-0.7,0.0
SC1_20pct,sub_saharan_africa,24,0,-4.246143514558865,-4.2646423029368385,-4.2646423029368385,0.0,0.01849878837797414,0.005278376759708381,1.06423975867533,1.0639460542639565,0.029370441137355208,-0.7,0.0
SC1_20pct,sub_saharan_africa,25,0,-4.257355812229902,-4.282002557976039,-4.282002557976039,0.0,0.024646745746137455,0.0050489856264782085,1.064515512036346,1.0641240549466773,0.03914570896688119,-0.7,0.0
SC1_20pct,sub_saharan_africa,26,0,-4.268082076668078,-4.2985884788331425,-4.2985884788331425,0.0,0.030506402165064728,0.004834164757090698,1.0647790792149099,1.0642943870021797,0.04846922127301756,-0.7,0.0
SC1_20pct,sub_saharan_africa,27,0,-4.278351964268867,-4.314451294148302,-4.314451294148302,0.0,0.03609932987943543,0.004631897252151129,1.0650312593151918,1.0644575152754956,0.057374403969623344,-0.7,0.0
SC1_20pct,sub_saharan_africa,28,0,-4.2881913023650515,-4.329635006091371,-4.329635006091371,0.0,0.041443703726318226,0.004440620146217711,1.0652727384488512,1.0646138445166857,0.06588939321654497,-0.7,0.0
SC1_20pct,sub_saharan_africa,29,0,-4.297622926474554,-4.344178015772915,-4.344178015772915,0.0,0.046555089298361274,0.0042591098519340065,1.0655041152467677,1.0647637325632826,0.07403826834850857,-0.7,0.0
SC1_20pct,sub_saharan_africa,30,0,-4.306667307180501,-4.3581143379767155,-4.3581143379767155,0.0,0.05144703079621449,0.004086397006179687,1.0657259199239704,1.0649075002088306,0.08184197151397399,-0.7,0.0
SC1_20pct,fsu_central_asia,1,1,-3.8959275892685774,-4.436152087623202,-4.436152087623202,0.0,0.5402244983546245,1.8356592159369107,1.1060937459976898,1.0923242491271774,1.3769496870512432,-0.45,0.0
SC1_20pct,fsu_central_asia,2,1,-4.438924490996454,-4.019121367064049,-4.019121367064049,0.0,-0.41980312393240515,0.15499638578864716,1.0954423033414968,1.1061650579805562,-1.0722754639059362,-0.45,0.0
SC1_20pct,fsu_central_asia,3,1,-4.591218616043847,-4.369725116735257,-4.369725116735257,0.0,-0.2214934993085893,0.07119952336573088,1.1043870974968033,1.1100926440324426,-0.5705546535639261,-0.45,0.0
SC1_20pct,fsu_central_asia,4,1,-4.705672837167885,-4.6320421105202065,-4.6320421105202065,0.0,-0.07363072664767767,0.05222558813630651,1.1111488971477808,1.1130576812750625,-0.1908784127281793,-0.45,0.0
SC1_20pct,fsu_central_asia,5,1,-4.793533597310717,-4.831292833765843,-4.831292833765843,0.0,0.03775923645512602,0.03938772809842506,1.1163252142674578,1.1153415889276215,0.09836253398363137,-0.45,0.0
SC1_20pct,fsu_central_asia,6,1,-4.861865719110636,-4.984094859305932,-4.984094859305932,0.0,0.12222914019529574,0.030085383859998482,1.1203185670236124,1.1171225574751882,0.319600954842425,-0.45,0.0
SC1_20pct,fsu_central_asia,7,1,-4.9157900525423575,-5.102732543552079,-5.102732543552079,0.0,0.18694249100972282,0.02330362965773658,1.1234333635037432,1.1185309223541946,0.4902441149548631,-0.45,0.0
SC1_20pct,fsu_central_asia,8,1,-4.959060443453501,-5.196201815242285,-5.196201815242285,0.0,0.23714137178878492,0.01833970853439837,1.1258962224054692,1.1196628962161108,0.6233326189358346,-0.45,0.0
SC1_20pct,fsu_central_asia,9,1,-4.994427112071564,-5.271084012584215,-5.271084012584215,0.0,0.2766569005126507,0.01469084603895332,1.127874975557676,1.1205893390677997,0.7285636489876346,-0.45,0.0
SC1_20pct,fsu_central_asia,10,1,-5.023904131703471,-5.3321919499733195,-5.3321919499733195,0.0,0.30828781826984786,0.011995553499052902,1.1294934842709765,1.1213623499271506,0.8131134343825952,-0.45,0.0
SC1_20pct,fsu_central_asia,11,1,-5.048966424702373,-5.383044963863048,-5.383044963863048,0.0,0.334078539160676,0.009993095300581123,1.1308429491052367,1.1220201964925556,0.8822752612681173,-0.45,0.0
SC1_20pct,fsu_central_asia,12,1,-5.070694472988302,-5.426217241584819,-5.426217241584819,0.0,0.35552276859651677,0.008494946835957418,1.1319904291034983,1.1225909772433085,0.9399451860189867,-0.45,0.0
SC1_20pct,fsu_central_asia,13,1,-5.089880406259484,-5.463592767093772,-5.463592767093772,0.0,0.3737123608342885,0.007364536984028058,1.1329852006948558,1.123095328480671,0.9889872214184692,-0.45,0.0
SC1_20pct,fsu_central_asia,14,1,-5.107105660845823,-5.496551685502482,-5.496551685502482,0.0,0.3894460246566589,0.006502783699080528,1.1338634737777589,1.1235484182309525,1.031505554680634,-0.45,0.0
SC1_20pct,fsu_central_asia,15,1,-5.122797766432496,-5.526106418057353,-5.526106418057353,0.0,0.4033086516248563,0.005837717438647583,1.134651873552879,1.1239614110735658,1.0690462479313156,-0.45,0.0
SC1_20pct,fsu_central_asia,16,1,-5.137271838142555,-5.553001017815284,-5.553001017815284,0.0,0.41572917967273026,0.0053170101981109275,1.1353700027991513,1.1243425422628637,1.102746053628767,-0.45,0.0
SC1_20pct,fsu_central_asia,17,1,-5.150760876613836,-5.577783664238978,-5.577783664238978,0.0,0.427022787625142,0.004902581697283082,1.1360323230703024,1.1246979042869043,1.1334418783398137,-0.45,0.0
SC1_20pct,fsu_central_asia,18,1,-5.163437886495503,-5.600859544667125,-5.600859544667125,0.0,0.4374216581716217,0.004566697075111814,1.136649533545943,1.1250320222880887,1.1617511257854263,-0.45,0.0
SC1_20pct,fsu_central_asia,19,1,-5.175432018426429,-5.62252942253636,-5.62252942253636,0.0,0.4470974041099307,0.004289139206664627,1.1372295804721686,1.1253482747305599,1.1881305741608728,-0.45,0.0
SC1_20pct,fsu_central_asia,20,1,-5.186840347566757,-5.6430177639660855,-5.6430177639660855,0.0,0.4561774163993282,0.004055157273305521,1.1377783955313023,1.1256492007856478,1.2129194745654548,-0.45,0.0
SC1_20pct,fsu_central_asia,21,1,-5.197736467586356,-5.662493249022848,-5.662493249022848,0.0,0.4647567814364928,0.0038539771480217144,1.1383004356099735,1.1259367248694774,1.2363710740496137,-0.45,0.0
SC1_20pct,fsu_central_asia,22,1,-5.20817676112274,-5.681083729917025,-5.681083729917025,0.0,0.4729069687942844,0.003677718991662582,1.1387990772237124,1.1262123206310393,1.2586756592673165,-0.45,0.0
SC1_20pct,fsu_central_asia,23,1,-5.218204975238939,-5.698887140374509,-5.698887140374509,0.0,0.4806821651355708,0.0035206103255414067,1.1392769046606632,1.1264771307088604,1.2799773951802873,-0.45,0.0
SC1_20pct,fsu_central_asia,24,1,-5.22785556054397,-5.715979453150267,-5.715979453150267,0.0,0.48812389260629585,0.0033784136827030853,1.1397359204543158,1.1267320541879433,1.300386626637251,-0.45,0.0
SC1_20pct,fsu_central_asia,25,1,-5.237156108593344,-5.732420485517786,-5.732420485517786,0.0,0.4952643769244425,0.003248010188791617,1.1401776991177717,1.1269778104758161,1.3199888641955537,-0.45,0.0
SC1_20pct,fsu_central_asia,26,1,-5.2461291316479475,-5.7482581358585305,-5.7482581358585305,0.0,0.502129004210583,0.0031270965064417178,1.1406034994433798,1.1272149859659757,1.3388513477404107,-0.45,0.0
SC1_20pct,fsu_central_asia,27,1,-5.254793362805943,-5.763531476452277,-5.763531476452277,0.0,0.5087381136463343,0.0030139642294979563,1.1410143465502929,1.1274440681386029,1.3570278411690007,-0.45,0.0
SC1_20pct,fsu_central_asia,28,1,-5.263164706328627,-5.778273012356849,-5.778273012356849,0.0,0.5151083060282224,0.0029073392595169167,1.1414110918477858,1.127665470492895,1.374562135489077,-0.45,0.0
SC1_20pct,fsu_central_asia,29,1,-5.271256932830159,-5.79251033227427,-5.79251033227427,0.0,0.5212533994441104,0.0028062648311372174,1.1417944568784657,1.1278795507884154,1.3914906090050305,-0.45,0.0
SC1_20pct,fsu_central_asia,30,1,-5.279082188366191,-5.806267316072278,-5.806267316072278,0.0,0.5271851277060868,0.002710016305820795,1.1421650653954158,1.1280866244034102,1.4078440992005614,-0.45,0.0
SC2_20pct_recovery,north_america,1,1,-1.7057899040959112,-2.075106426707607,-2.075106426707607,0.0,0.3693165226116957,2.3520314976314403,1.0723987668888717,1.0590266198200706,1.3372147068801077,-0.3,0.0
SC2_20pct_recovery,north_america,2,1,-1.799602018545221,-1.9155187244073946,-1.9155187244073946,0.0,0.11591670586217351,0.04530607098031936,1.06659366827103,1.0624027195688863,0.41909487021436487,-0.3,0.0
SC2_20pct_recovery,north_america,3,1,-1.7157096095915758,-1.8986423609744563,-1.8986423609744563,0.0,0.18293275138288045,0.08224153378710575,1.0659821711277175,1.0593829490356241,0.6599222092093404,-0.3,0.0
SC2_20pct_recovery,north_america,4,1,-1.623288392395228,-1.8449171769572281,-1.8449171769572281,0.0,0.2216287845620002,0.10243056952454893,1.064038528329446,1.05606908229476,0.7969446034685967,-0.3,0.0
SC2_20pct_recovery,north_america,5,1,-1.5264172415121346,-1.7688068695518977,-1.7688068695518977,0.0,0.24238962803976305,0.11404424241403116,1.0612929266200501,1.052610108323839,0.8682818296211092,-0.3,0.0
SC2_20pct_recovery,north_america,6,1,-1.4268280150098178,-1.6774552535432141,-1.6774552535432141,0.0,0.2506272385333963,0.12205721032056138,1.0580096586933612,1.0490694180535631,0.8940240639798036,-0.3,0.0
SC2_20pct_recovery,north_america,7,1,-1.3256713998023861,-1.5758002383972403,-1.5758002383972403,0.0,0.25012883859485413,0.12762780807905605,1.05437158149085,1.0454888363828143,0.8882745108035772,-0.3,0.0
SC2_20pct_recovery,north_america,8,1,-1.2237457232061377,-1.4672922617748663,-1.4672922617748663,0.0,0.24354653856872854,0.13148296642337687,1.0505061709430366,1.0418970848306415,0.8609086112395081,-0.3,0.0
SC2_20pct_recovery,north_america,9,1,-1.121604782816088,-1.354341471344489,-1.354341471344489,0.0,0.23273668852840101,0.13412965544851718,1.0465020387562924,1.0383138230211266,0.8188215735165816,-0.3,0.0
SC2_20pct_recovery,north_america,10,1,-1.0196314874419854,-1.2386316783777884,-1.2386316783777884,0.0,0.21900019093580303,0.135923424201273,1.0424206485504808,1.034752407093637,0.7668241456843861,-0.3,0.0
SC2_20pct_recovery,north_america,11,1,-0.9180893331300344,-1.1213408755742282,-1.1213408755742282,0.0,0.20325154244419386,0.13711363594610532,1.0383045855143884,1.0312218124403756,0.7082773074012838,-0.3,0.0
SC2_20pct_recovery,north_america,12,1,-0.8171584137555143,-1.0032953960997903,-1.0032953960997903,0.0,0.186136982344276,0.1378751523197594,1.0341833458696292,1.0277279738398524,0.6455372029776862,-0.3,0.0
SC2_20pct_recovery,north_america,13,1,-0.7169606016977692,-0.8850772917645466,-0.8850772917645466,0.0,0.16811669006677743,0.13833058859751557,1.030077366180736,1.0242747185923018,0.5802647588434295,-0.3,0.0
SC2_20pct_recovery,north_america,14,1,-0.6175771474458136,-0.7670989287737351,-0.7670989287737351,0.0,0.1495217813279215,0.1385659408193296,1.0260008161374523,1.0208644156999465,0.513640043750585,-0.3,0.0
SC2_20pct_recovery,north_america,15,1,-0.5190609753453868,-0.6496547098249206,-0.6496547098249206,0.0,0.13059373447953382,0.13864155277931445,1.0219635287731947,1.0174984271700185,0.4465101603176258,-0.3,0.0
SC2_20pct_recovery,north_america,16,1,-0.42144527066472204,-0.5329568869247958,-0.5329568869247958,0.0,0.11151161626007378,0.13859980802653216,1.0179723319720428,1.014177421555473,0.37949104165697634,-0.3,0.0
SC2_20pct_recovery,north_america,17,1,-0.3247494746861923,-0.41716033523121476,-0.41716033523121476,0.0,0.09241086054502246,0.1384705215727644,1.0140319658848147,1.0109015916589563,0.3130374225858379,-0.3,0.0
SC2_20pct_recovery,north_america,18,1,-0.22898346911482959,-0.3023796813381052,-0.3023796813381052,0.0,0.07339621222327564,0.138274716871932,1.010145714685324,1.0076708056084174,0.24749090769067283,-0.3,0.0
SC2_20pct_recovery,north_america,19,1,-0.13415049612545138,-0.1887011439176134,-0.1887011439176134,0.0,0.05455064779216201,0.13802727001378523,1.006315841638267,1.0044847116354856,0.18311300027813449,-0.3,0.0
SC2_20pct_recovery,north_america,20,0,-0.03607692308964516,-0.07110140948614063,-0.07110140948614063,0.0,0.03502448639649547,0.1439023349590951,1.0023737027329476,1.001203504710495,0.1170198022452551,-0.3,0.0
SC2_20pct_recovery,north_america,21,0,-0.02496690881528263,-0.060173387181294835,-0.060173387181294835,0.0,0.035206478366012206,0.015809714987394252,1.0020083974214247,1.0008326806884638,0.11757167329609075,-0.3,0.0
SC2_20pct_recovery,north_america,22,0,-0.021478437710087395,-0.0497752400711704,-0.0497752400711704,0.0,0.028296802361083007,0.007169827361015735,1.0016609656130584,1.0007162812288624,0.09446843841960373,-0.3,0.0
SC2_20pct_recovery,north_america,23,0,-0.019098078815082964,-0.04220324060703051,-0.04220324060703051,0.0,0.02310516179194755,0.005025696759525244,1.0014080620124388,1.0006368661375218,0.077119587491703,-0.3,0.0
SC2_20pct_recovery,north_america,24,0,-0.017324353093428613,-0.036701035037900454,-0.036701035037900454,0.0,0.01937668194447184,0.0036818556320733498,1.0012243412784454,1.0005776952661003,0.06466460123450979,-0.3,0.0
SC2_20pct_recovery,north_america,25,0,-0.015968620459549943,-0.03264244004029804,-0.03264244004029804,0.0,0.016673819580748095,0.002750782873120472,1.0010888513301281,1.0005324715653308,0.05563797647973878,-0.3,0.0
SC2_20pct_recovery,north_america,26,0,-0.01490639344171596,-0.029590680608171382,-0.029590680608171382,0.0,0.014684287166455423,0.0020999598543139375,1.000986988736927,1.0004970403021138,0.048994843481309225,-0.3,0.0
SC2_20pct_recovery,north_america,27,0,-0.01405169099027992,-0.02724356559553609,-0.02724356559553609,0.0,0.01319187460525617,0.0016429354954869413,1.0009086551548214,1.0004685323380993,0.04401228167221216,-0.3,0.0
SC2_20pct_recovery,north_america,28,0,-0.013344926203839869,-0.025391984944078683,-0.025391984944078683,0.0,0.012047058740238814,0.0013201319858810456,1.0008468653632947,1.0004449595224105,0.04019058408841758,-0.3,0.0
SC2_20pct_recovery,north_america,29,0,-0.0127447517965118,-0.02389113466688686,-0.02389113466688686,0.0,0.01114638287037506,0.0010903603857484456,1.0007967835652793,1.0004249423960838,0.037184116919553034,-0.3,0.0
SC2_20pct_recovery,north_america,30,0,-0.012222432795339078,-0.02264064806992705,-0.02264064806992705,0.0,0.010418215274587972,0.0009251376970387248,1.00075505862841,1.000407522341194,0.03475362872160659,-0.3,0.0
SC2_20pct_recovery,europe,1,1,-2.446980295305068,-3.7107022297201087,-3.7107022297201087,0.0,1.2637219344150408,2.2270507680152622,1.1140891493420704,1.0733486334459463,4.074051589612404,-0.35,0.0
SC2_20pct_recovery,europe,2,1,-3.499973005516255,-3.423462914150588,-3.423462914150588,0.0,-0.07651009136566689,0.8655921008816597,1.1046480167805581,1.1071522043122075,-0.2504187531649382,-0.35,0.0
SC2_20pct_recovery,europe,3,1,-3.3397517457336545,-3.4415361032110625,-3.4415361032110625,0.0,0.101784357477408,0.11064139950236751,1.105238864816167,1.1019168887010173,0.33219761151497273,-0.35,0.0
SC2_20pct_recovery,europe,4,1,-3.1836525383174052,-3.347656136206578,-3.347656136206578,0.0,0.16400359788917296,0.12029082570237659,1.1021743842762872,1.0968483542286795,0.5326030047607677,-0.35,0.0
SC2_20pct_recovery,europe,5,1,-3.010733930088172,-3.211802986663048,-3.211802986663048,0.0,0.20106905657487628,0.13821763115338392,1.0977600684816575,1.0912703685922827,0.6489699889374867,-0.35,0.0
SC2_20pct_recovery,europe,6,1,-2.827292226089151,-3.04665659915595,-3.04665659915595,0.0,0.21936437306679935,0.15045449512783027,1.0924260005275008,1.085394710212049,0.703129031545191,-0.35,0.0
SC2_20pct_recovery,europe,7,1,-2.6370833676330863,-2.861813442294503,-2.861813442294503,0.0,0.2247300746614167,0.15912394322833978,1.0864971606132805,1.0793473100453872,0.7149850567893301,-0.35,0.0
SC2_20pct_recovery,europe,8,1,-2.442760328975402,-2.663956092935127,-2.663956092935127,0.0,0.22119576395972507,0.1652585320505967,1.0801989235151694,1.0732159841952134,0.6982939319956083,-0.35,0.0
SC2_20pct_recovery,europe,9,1,-2.2461783996207907,-2.457750978247375,-2.457750978247375,0.0,0.2115725786265843,0.16959775673497102,1.0736872964598736,1.067061131458215,0.6626165001658579,-0.35,0.0
SC2_20pct_recovery,europe,10,1,-2.0486321815480713,-2.246456439468625,-2.246456439468625,0.0,0.19782425792055358,0.17266242361441142,1.067069803012277,1.0609239937982007,0.6145809214076259,-0.35,0.0
SC2_20pct_recovery,europe,11,1,-1.8510227164406534,-2.0323499187419047,-2.0323499187419047,0.0,0.18132720230125132,0.1748196389552953,1.0604202829892633,1.05483246974251,0.5587813246753282,-0.35,0.0
SC2_20pct_recovery,europe,12,1,-1.6539752869438984,-1.8170264107520429,-1.8170264107520429,0.0,0.16305112380814446,0.17632817754986707,1.0537892606923178,1.048805193228241,0.4984067464076869,-0.35,0.0
SC2_20pct_recovery,europe,13,1,-1.4579221972638834,-1.6016063904047084,-1.6016063904047084,0.0,0.14368419314082503,0.17737046560382386,1.0472111593342304,1.0428543823544445,0.435677697978587,-0.35,0.0
SC2_20pct_recovery,europe,14,1,-1.2631608180229348,-1.3868803706649113,-1.3868803706649113,0.0,0.12371955264197654,0.1780751326277058,1.0407092974425787,1.0369878226060327,0.3721474836545946,-0.35,0.0
SC2_20pct_recovery,europe,15,1,-1.0698942200308759,-1.1734092486365255,-1.1734092486365255,0.0,0.10351502860564965,0.1785329158589838,1.034299338033616,1.031210244250876,0.30890937827401377,-0.35,0.0
SC2_20pct_recovery,europe,16,1,-0.8782595843878083,-0.9615938831094906,-0.9615938831094906,0.0,0.0833342987216823,0.178807874962697,1.027991664559818,1.0255242772808657,0.24673872789522378,-0.35,0.0
SC2_20pct_recovery,europe,17,1,-0.688348047669296,-0.7517233003057511,-0.7517233003057511,0.0,0.06337525263645505,0.17894529707033757,1.0217930153748025,1.0199311125682724,0.18619028065300913,-0.35,0.0
SC2_20pct_recovery,europe,18,1,-0.5002185549478622,-0.5440080773617462,-0.5440080773617462,0.0,0.04378952241388401,0.17897726616528942,1.0157076073638927,1.0144309591280551,0.12766482358375075,-0.35,0.0
SC2_20pct_recovery,europe,19,1,-0.3139075256323842,-0.3386034586357556,-0.3386034586357556,0.0,0.024695933003371362,0.1789265846342314,1.009737908355068,1.009023360084832,0.07145482702359818,-0.35,0.0
SC2_20pct_recovery,europe,20,0,-0.12191830070249488,-0.12435401773742694,-0.12435401773742694,0.0,0.002435717034932061,0.1861972283229818,1.003561510058743,1.0034915866231977,0.006992343554523828,-0.35,0.0
SC2_20pct_recovery,europe,21,0,-0.05709635306169192,-0.10554410607477305,-0.10554410607477305,0.0,0.04844775301308113,0.06196879700096081,1.0030216945169441,1.0016331223580994,0.1388572158844692,-0.35,0.0
SC2_20pct_recovery,europe,22,0,-0.04778938539040656,-0.08769376540650464,-0.08769376540650464,0.0,0.039904380016098084,0.009884099075624375,1.002509779633771,1.0013666704199082,0.11431092138627363,-0.35,0.0
SC2_20pct_recovery,europe,23,0,-0.04105893963978202,-0.07374214843360871,-0.07374214843360871,0.0,0.03268320879382669,0.007355418183443985,1.002109918504333,1.0011740421093571,0.0935876394975832,-0.35,0.0
SC2_20pct_recovery,europe,24,0,-0.03614316992780475,-0.06363209439448347,-0.06363209439448347,0.0,0.02748892446667872,0.005333039346344659,1.001820293246114,1.0010333822331687,0.07869110129452572,-0.35,0.0
SC2_20pct_recovery,europe,25,0,-0.032477274644371334,-0.05618968905704014,-0.05618968905704014,0.0,0.023712414412668803,0.003940127435492213,1.0016071609976933,1.0009285036401026,0.06786573575907617,-0.35,0.0
SC2_20pct_recovery,europe,26,0,-0.029685938615064966,-0.050610351396529474,-0.050610351396529474,0.0,0.020924412781464508,0.0029666410320261516,1.0014474225851568,1.0008486554976692,0.05987670874876283,-0.35,0.0
SC2_20pct_recovery,europe,27,0,-0.02750906861528346,-0.04633602065881037,-0.04633602065881037,0.0,0.018826952043526912,0.00228412355204044,1.0013250702482603,1.000786390558865,0.05386796893953605,-0.35,0.0
SC2_20pct_recovery,europe,28,0,-0.025766390493175972,-0.04297985829488926,-0.04297985829488926,0.0,0.01721346780171329,0.001803352608031883,1.0012290145425249,1.0007365485644282,0.04924659780967122,-0.35,0.0
SC2_20pct_recovery,europe,29,0,-0.024332837979657018,-0.040273552257819034,-0.040273552257819034,0.0,0.015940714278162016,0.0014625514041188836,1.0011515672372688,1.0006955503228747,0.04560169143941195,-0.35,0.0
SC2_20pct_recovery,europe,30,0,-0.023121549525684237,-0.03803085464474387,-0.03803085464474387,0.0,0.014909305119059635,0.0012189378553684183,1.0010873933040991,1.0006609103898916,0.04264829142075488,-0.35,0.0
SC2_20pct_recovery,east_asia,1,1,-0.9534264372328183,-0.8933856985959499,-0.8933856985959499,0.0,-0.06004073863686843,2.8943386323212574,1.0201424039541447,1.0215171285960734,-0.13747246419286707,-0.45,0.0
SC2_20pct_recovery,east_asia,2,1,-0.922419884967296,-1.2245435317420172,-1.2245435317420172,0.0,0.30212364677472126,0.06717362434950289,1.0277583415948819,1.0208068509241912,0.6951490670690674,-0.45,0.0
SC2_20pct_recovery,east_asia,3,1,-0.8603360684514616,-1.1686677540761692,-1.1686677540761692,0.0,0.3083316856247076,0.17210823167441297,1.0264675463444959,1.0193868265438604,0.7080719800635515,-0.45,0.0
SC2_20pct_recovery,east_asia,4,1,-0.7988854596231776,-1.0790790679296003,-1.0790790679296003,0.0,0.2801936083064227,0.18656988500240987,1.0244028446636948,1.0179841042047106,0.6418740458984162,-0.45,0.0
SC2_20pct_recovery,east_asia,5,1,-0.7386323716778942,-0.9891405970793743,-0.9891405970793743,0.0,0.2505082254014801,0.18580205238524494,1.022336133443916,1.016611433352664,0.5724700091252144,-0.45,0.0
SC2_20pct_recovery,east_asia,6,1,-0.6797638898528913,-0.9015472255144208,-0.9015472255144208,0.0,0.22178333566152952,0.18341460612920565,1.0203291170101767,1.0152728967879205,0.5056220222256158,-0.45,0.0
SC2_20pct_recovery,east_asia,7,1,-0.6223691642819329,-0.8168713067478905,-0.8168713067478905,0.0,0.19450214246595765,0.18050110317962553,1.0183943741491772,1.013970329035225,0.4424045113952113,-0.45,0.0
SC2_20pct_recovery,east_asia,8,1,-0.5664875622571564,-0.7353721965780435,-0.7353721965780435,0.0,0.16888463432088718,0.17729412218744356,1.016537237408322,1.01270442837955,0.3832809028771811,-0.45,0.0
SC2_20pct_recovery,east_asia,9,1,-0.5121275299532546,-0.6571698609916465,-0.6571698609916465,0.0,0.14504233103839193,0.17391722311919863,1.0147598380779257,1.011475193926829,0.32846441510967495,-0.45,0.0
SC2_20pct_recovery,east_asia,10,1,-0.4592778345975934,-0.5822987903363219,-0.5822987903363219,0.0,0.12302095573872851,0.17045019529165137,1.013062371722194,1.0102821855453665,0.2780186176827515,-0.45,0.0
SC2_20pct_recovery,east_asia,11,1,-0.40791486929290244,-0.5107395070647947,-0.5107395070647947,0.0,0.10282463777189221,0.1669455654350449,1.0114438351261485,1.0091246920699701,0.23191430561784188,-0.45,0.0
SC2_20pct_recovery,east_asia,12,0,-0.359638123235162,-0.4444144344758483,-0.4444144344758483,0.0,0.0847763112406863,0.1581995302077692,1.0099470325585884,1.0080385005477497,0.1908532010838737,-0.45,0.0
SC2_20pct_recovery,east_asia,13,0,-0.3127532065375749,-0.3814096461534744,-0.3814096461534744,0.0,0.06865643961589951,0.1546023951990376,1.0085281339342929,1.0069852460669335,0.15428878673593438,-0.45,0.0
SC2_20pct_recovery,east_asia,14,0,-0.26668289427101977,-0.3207416803153951,-0.3207416803153951,0.0,0.05405878604437531,0.1529319829890699,1.007164591730069,1.005951845074788,0.12127466552809274,-0.45,0.0
SC2_20pct_recovery,east_asia,15,0,-0.22140188054823318,-0.26229340669918777,-0.26229340669918777,0.0,0.040891526150954594,0.15134171818947384,1.0058534649331974,1.0049376465726714,0.09158183605260106,-0.45,0.0
SC2_20pct_recovery,east_asia,16,0,-0.17690737604058038,-0.20605056347543504,-0.20605056347543504,0.0,0.029143187434854667,0.1497204482306863,1.0045941462058794,1.003942507804941,0.06516384009382925,-0.45,0.0
SC2_20pct_recovery,east_asia,17,0,-0.1331971954796063,-0.15200200766271044,-0.15200200766271044,0.0,0.018804812183104147,0.14806405331510217,1.0033861121449037,1.00296630149801,0.04198106468937812,-0.45,0.0
SC2_20pct_recovery,east_asia,18,0,-0.09026873513442446,-0.10013410946355661,-0.10013410946355661,0.0,0.009865374329132148,0.14637405213790144,1.0022287973545643,1.0020088929469282,0.021990440763608454,-0.45,0.0
SC2_20pct_recovery,east_asia,19,0,-0.0481189920793712,-0.05043079581349419,-0.05043079581349419,0.0,0.002311803734122986,0.14465201615003268,1.0011215955498423,1.001070140480623,0.00514550692192195,-0.45,0.0
SC2_20pct_recovery,east_asia,20,0,-0.006744622273857637,-0.002873772233757954,-0.002873772233757954,0.0,-0.0038708500400996826,0.14289935185735764,1.0000638645620852,1.0001498967830387,-0.008603222095349139,-0.45,0.0
SC2_20pct_recovery,east_asia,21,0,-0.003391393952967281,-0.002368835830002247,-0.002368835830002247,0.0,-0.0010225581229650338,0.010181497399355116,1.000052642805303,1.0000753684281025,-0.0022725622799590894,-0.45,0.0
SC2_20pct_recovery,east_asia,22,0,-0.0029824548218204683,-0.0019567107888862623,-0.0019567107888862623,0.0,-0.001025744032934206,0.00131865379535967,1.0000434838327883,1.0000662799585947,-0.0022796125806356926,-0.45,0.0
SC2_20pct_recovery,east_asia,23,0,-0.0028091478943559345,-0.0016634370269885679,-0.0016634370269885679,0.0,-0.0011457108673673666,0.0005803457613966223,1.0000369662579522,1.0000624283341597,-0.002546207620746088,-0.45,0.0
SC2_20pct_recovery,east_asia,24,0,-0.002690322396159406,-0.0014552076296747707,-0.0014552076296747707,0.0,-0.0012351147664846351,0.0003955594882545932,1.000032338705505,1.0000597875335584,-0.0027448828053389107,-0.45,0.0
SC2_20pct_recovery,east_asia,25,0,-0.0026025130440698874,-0.001304859923700885,-0.001304859923700885,0.0,-0.0012976531203690023,0.00028910734140019656,1.0000289974967986,1.0000578360482182,-0.002883855141955216,-0.45,0.0
SC2_20pct_recovery,east_asia,26,0,-0.002535817535043172,-0.001193833174228942,-0.001193833174228942,0.0,-0.0013419843608142301,0.00021774371714855523,1.0000265301363729,1.0000563538030924,-0.0029823666719552833,-0.45,0.0
SC2_20pct_recovery,east_asia,27,0,-0.002483909003325735,-0.0011096179506009385,-0.0011096179506009385,0.0,-0.0013742910527247965,0.00016894742485215608,1.0000246586175054,1.000055200186871,-0.0030541569365549748,-0.45,0.0
SC2_20pct_recovery,east_asia,28,0,-0.0024425324714916208,-0.0010437897779325134,-0.0010437897779325134,0.0,-0.0013987426935591074,0.0001352921647823635,1.0000231957184709,1.0000542806354027,-0.0031084916931822804,-0.45,0.0
SC2_20pct_recovery,east_asia,29,0,-0.0024088066409522213,-0.0009906716642471558,-0.0009906716642471558,0.0,-0.0014181349767050655,0.00011184384886078758,1.0000220152772534,1.0000535311139205,-0.0031515836667050934,-0.45,0.0
SC2_20pct_recovery,east_asia,30,0,-0.0023807732911329538,-0.0009464341532816611,-0.0009464341532816611,0.0,-0.0014343391378512926,9.528780069087417e-05,1.0000210321907734,1.0000529081025173,-0.003187591174391713,-0.45,0.0
SC2_20pct_recovery,south_asia,1,0,-2.038815784655068,-3.4992337175993593,-3.4992337175993593,0.0,1.4604179329442912,2.667092478409308,1.0611629133981024,1.0349275683744872,2.623534502361524,-0.6,0.0
SC2_20pct_recovery,south_asia,2,0,-3.6713769505200555,-3.326097575950804,-3.326097575950804,0.0,-0.34527937456925173,1.7665061447840107,1.057997358093998,1.064325365729444,-0.6328007635445942,-0.6,0.0
SC2_20pct_recovery,south_asia,3,0,-3.531549001403944,-3.4525430279192193,-3.4525430279192193,0.0,-0.07900597348472482,0.1001882545354188,1.0603077477543243,1.0617554319756874,-0.14476842213630992,-0.6,0.0
SC2_20pct_recovery,south_asia,4,0,-3.3610281558409505,-3.3577982701473608,-3.3577982701473608,0.0,-0.003229885693589729,0.17845441265521567,1.0585758306655233,1.058634797852996,-0.005896718747266938,-0.6,0.0
SC2_20pct_recovery,south_asia,5,0,-3.179213244126744,-3.218039988522148,-3.218039988522148,0.0,0.03882674439540379,0.19830651620097728,1.0560293245076697,1.0553236100129801,0.0705714494689591,-0.6,0.0
SC2_20pct_recovery,south_asia,6,0,-2.988755722309755,-3.050873113095731,-3.050873113095731,0.0,0.06211739078597622,0.21311098262737638,1.0529962623076414,1.0518727599234918,0.11235023841495995,-0.6,0.0
SC2_20pct_recovery,south_asia,7,0,-2.7924304385803067,-2.8651090883669683,-2.8651090883669683,0.0,0.07267864978666161,0.22418017084188946,1.0496420933598805,1.0483344524594982,0.13076409003822675,-0.6,0.0
SC2_20pct_recovery,south_asia,8,0,-2.5922052297204234,-2.6668489663292827,-2.6668489663292827,0.0,0.07464373660885926,0.2326065418875728,1.0460811133769887,1.0447454321747196,0.13356812022691233,-0.6,0.0
SC2_20pct_recovery,south_asia,9,0,-2.389453697658206,-2.460324115757162,-2.460324115757162,0.0,0.07087041809895611,0.2391852177786702,1.0423922002981811,1.041131119171591,0.1261081126590069,-0.6,0.0
SC2_20pct_recovery,south_asia,10,0,-2.1851380123840802,-2.2484816751835224,-2.2484816751835224,0.0,0.06334366279944215,0.2444674909598321,1.0386298827723865,1.0375091188961987,0.11207638761878691,-0.6,0.0
SC2_20pct_recovery,south_asia,11,0,-1.9799359975124609,-2.03339069294044,-2.03339069294044,0.0,0.05345469542797909,0.2488348318286232,1.0348320515894633,1.033891656094057,0.09403954954063654,-0.6,0.0
SC2_20pct_recovery,south_asia,12,0,-1.7743291055761778,-1.816520672962696,-1.816520672962696,0.0,0.04219156738651808,0.25255102206984403,1.0310252541710163,1.030287253903778,0.0738000267238359,-0.6,0.0
SC2_20pct_recovery,south_asia,13,0,-1.5686632037198667,-1.5989319937249946,-1.5989319937249946,0.0,0.030268790005127943,0.2557982784917645,1.027228309841219,1.0267018892291253,0.052642061209362545,-0.6,0.0
SC2_20pct_recovery,south_asia,14,0,-1.363190504521894,-1.3814057890011333,-1.3814057890011333,0.0,0.01821528447923937,0.2587022993711774,1.0234547695078244,1.0231397861482134,0.031498335961099855,-0.6,0.0
SC2_20pct_recovery,south_asia,15,0,-1.1580984549928175,-1.1645323784312933,-1.1645323784312933,0.0,0.006433923438475819,0.2613496318335823,1.0197145848679938,1.019603960002913,0.01106248650808439,-0.6,0.0
SC2_20pct_recovery,south_asia,16,0,-0.9535296225495316,-0.9487713872919246,-0.9487713872919246,0.0,-0.004758235257606991,0.26379971241971556,1.016015239203172,1.0160965901914303,-0.008135098825823306,-0.6,0.0
SC2_20pct_recovery,south_asia,17,0,-0.749595375654033,-0.7344925671169511,-0.7344925671169511,0.0,-0.015102808537081902,0.26609321189480784,1.0123625125977564,1.0126192754924348,-0.02567628946783529,-0.6,0.0
SC2_20pct_recovery,south_asia,18,0,-0.5463852926587687,-0.5220034809176988,-0.5220034809176988,0.0,-0.024381811741069903,0.2682578162289895,1.0087609995191216,1.0091732089482432,-0.041220942912167935,-0.6,0.0
SC2_20pct_recovery,south_asia,19,0,-0.34397363280617155,-0.3115682598310965,-0.3115682598310965,0.0,-0.032405372975075064,0.2703122295281579,1.005214458951689,1.0057592977216112,-0.05448387699222845,-0.6,0.0
SC2_20pct_recovery,south_asia,20,0,-0.14242378837959757,-0.10342029737895331,-0.10342029737895331,0.0,-0.039003491000644264,0.27226894438466265,1.001726051466084,1.0023782453406083,-0.06521938745243094,-0.6,0.0
SC2_20pct_recovery,south_asia,21,0,-0.051977914437773,-0.08753896311235465,-0.08753896311235465,0.0,0.03556104867458165,0.11545775975161376,1.0014606874468328,1.0008668993341816,0.05937881126512057,-0.6,0.0
SC2_20pct_recovery,south_asia,22,0,-0.04116838746195395,-0.07309119501099914,-0.07309119501099914,0.0,0.031922807549045196,0.015206400077960591,1.0012193748278175,1.0006865166108827,0.05328582169348284,-0.6,0.0
SC2_20pct_recovery,south_asia,23,0,-0.03526069646970775,-0.06148014524766099,-0.06148014524766099,0.0,0.026219448777953236,0.008831876441312003,1.001025509676469,1.0005879546862197,0.043755499024933364,-0.6,0.0
SC2_20pct_recovery,south_asia,24,0,-0.030969579169326522,-0.05295403360008333,-0.05295403360008333,0.0,0.021984454430756806,0.0063723851145669475,1.000883190770151,1.000516372870157,0.0366817899994043,-0.6,0.0
SC2_20pct_recovery,south_asia,25,0,-0.027737933119353908,-0.046604764472479854,-0.046604764472479854,0.0,0.018866831353125946,0.004737887579878142,1.0007772290171966,1.000462469919513,0.03147590976835257,-0.6,0.0
SC2_20pct_recovery,south_asia,26,0,-0.025244897790255294,-0.041773897329178133,-0.041773897329178133,0.0,0.01652899953892284,0.0036012990556888447,1.0006966196110212,1.000420889963518,0.027572964750310902,-0.6,0.0
SC2_20pct_recovery,south_asia,27,0,-0.02327200853937672,-0.03800736658845505,-0.03800736658845505,0.0,0.014735358049078329,0.0028047588892160524,1.00063377727231,1.0003879871957606,0.024579007654934593,-0.6,0.0
SC2_20pct_recovery,south_asia,28,0,-0.021668848210421032,-0.03499254850722888,-0.03499254850722888,0.0,0.01332370029680785,0.002242306288563478,1.0005834813645333,1.0003612518398108,0.02222295247225059,-0.6,0.0
SC2_20pct_recovery,south_asia,29,0,-0.02033161319071608,-0.03251392439552747,-0.03251392439552747,0.0,0.012182311204811391,0.0018412667093709034,1.000542133756713,1.0003389521036767,0.020318165303634395,-0.6,0.0
SC2_20pct_recovery,south_asia,30,0,-0.01918849965256708,-0.030422641201055534,-0.030422641201055534,0.0,0.011234141548488452,0.0015517259780162274,1.0005072497714318,1.0003198901686294,0.018735960280236164,-0.6,0.0
SC2_20pct_recovery,southeast_asia,1,0,-2.3687798551032424,-2.744265481009789,-2.744265481009789,0.0,0.37548562590654644,3.10182315678387,1.0518948541791,1.0445508951244487,0.734395905465135,-0.55,0.0
SC2_20pct_recovery,southeast_asia,2,0,-2.6114338571858853,-2.495065682124531,-2.495065682124531,0.0,-0.11636817506135433,0.20734878296162634,1.047011970776869,1.0492877358749133,-0.227576509804428,-0.55,0.0
SC2_20pct_recovery,southeast_asia,3,0,-2.5292976874396245,-2.514012558567502,-2.514012558567502,0.0,-0.0152851288721223,0.07761549434324722,1.0473819854222595,1.0476806373207255,-0.029865189846600693,-0.55,0.0
SC2_20pct_recovery,southeast_asia,4,0,-2.421819211775944,-2.47602826870984,-2.47602826870984,0.0,0.054209056933895994,0.11570182940970758,1.0466403920560674,1.0455834401638044,0.10569518922629584,-0.55,0.0
SC2_20pct_recovery,southeast_asia,5,0,-2.301712961932001,-2.4016473799363225,-2.4016473799363225,0.0,0.09993441800432157,0.13621257295226008,1.0451905581598602,1.0432475297752288,0.194302838463134,-0.55,0.0
SC2_20pct_recovery,southeast_asia,6,0,-2.1727517817520137,-2.301518715954165,-2.301518715954165,0.0,0.12876693420215135,0.1510799289701284,1.0432437584972563,1.0407483957564236,0.24953627408326184,-0.55,0.0
SC2_20pct_recovery,southeast_asia,7,0,-2.0374013170733285,-2.1829641347565265,-2.1829641347565265,0.0,0.145562817683198,0.1622440936485614,1.0409459620848411,1.0381354105462313,0.28105515386098734,-0.55,0.0
SC2_20pct_recovery,southeast_asia,8,0,-1.8973989286181547,-2.051150325705864,-2.051150325705864,0.0,0.15375139708770913,0.17080376920785567,1.0384003754166384,1.0354433018267664,0.29570735898720724,-0.55,0.0
SC2_20pct_recovery,southeast_asia,9,0,-1.7539773434789852,-1.9097312701294666,-1.9097312701294666,0.0,0.1557539266504815,0.17752092576548,1.0356800058219937,1.032696649350638,0.2983356471355725,-0.55,0.0
SC2_20pct_recovery,southeast_asia,10,0,-1.6080148490591917,-1.7612986547088538,-1.7612986547088538,0.0,0.15328380564966215,0.18293101930893646,1.0328365853891808,1.0299129138716876,0.2923671517493176,-0.55,0.0
SC2_20pct_recovery,southeast_asia,11,0,-1.4601407135717448,-1.6077005002868017,-1.6077005002868017,0.0,0.14755978671505687,0.18741052351056026,1.0299069313000904,1.027104562954716,0.2802368345374395,-0.55,0.0
SC2_20pct_recovery,southeast_asia,12,0,-1.3108092742786126,-1.450265441388765,-1.450265441388765,0.0,0.1394561671101524,0.1912240696395784,1.0269174396920866,1.0242805629736647,0.2636876718421943,-0.55,0.0
SC2_20pct_recovery,southeast_asia,13,0,-1.1603519520664296,-1.2899599272246043,-1.2899599272246043,0.0,0.12960797515817468,0.19455762078697675,1.0238872395199237,1.02144742437423,0.24398151456936912,-0.55,0.0
SC2_20pct_recovery,southeast_asia,14,0,-1.0090137348553574,-1.127498059501053,-1.127498059501053,0.0,0.1184843246456957,0.19754182383494717,1.020830395346215,1.0186099329130445,0.22204624331705336,-0.55,0.0
SC2_20pct_recovery,southeast_asia,15,0,-0.8569787487873959,-0.9634181549653786,-0.9634181549653786,0.0,0.10643940617798275,0.20026844252232223,1.0177574405200684,1.015771660691996,0.19857798280724648,-0.55,0.0
SC2_20pct_recovery,southeast_asia,16,0,-0.7043881716309208,-0.7981360161506079,-0.7981360161506079,0.0,0.0937478445196871,0.20280191711167656,1.0146764416098595,1.012935323065561,0.174111854429837,-0.55,0.0
SC2_20pct_recovery,southeast_asia,17,0,-0.5513527775947158,-0.6319819437705099,-0.6319819437705099,0.0,0.08062916617579408,0.2051874923821015,1.0115937360781373,1.0101030278282663,0.14907082498709645,-0.55,0.0
SC2_20pct_recovery,southeast_asia,18,0,-0.39796172159267673,-0.4652264248341753,-0.4652264248341753,0.0,0.06726470324149858,0.20745693004318722,1.0085144428949862,1.007276449203374,0.12379936916122602,-0.55,0.0
SC2_20pct_recovery,southeast_asia,19,0,-0.24428869124663022,-0.29809794678371526,-0.29809794678371526,0.0,0.05380925553708504,0.2096325215347264,1.0054428157515183,1.0044569493840105,0.09858663675077484,-0.55,0.0
SC2_20pct_recovery,southeast_asia,20,0,-0.09039621753735849,-0.1307953444384391,-0.1307953444384391,0.0,0.040399126901080606,0.21172990552588006,1.002382487372455,1.0016456635214832,0.07368238509717351,-0.55,0.0
SC2_20pct_recovery,southeast_asia,21,0,-0.06555860505744748,-0.11131708345745173,-0.11131708345745173,0.0,0.04575847840000424,0.033194333158788336,1.0020271261558038,1.001193076679632,0.08340494761718276,-0.55,0.0
SC2_20pct_recovery,southeast_asia,22,0,-0.0560546884117219,-0.0931068571087601,-0.0931068571087601,0.0,0.0370521686970382,0.014704485183630878,1.0016950755366896,1.0010199817356638,0.06750938010258167,-0.55,0.0
SC2_20pct_recovery,southeast_asia,23,0,-0.049374000322610634,-0.07944833312046873,-0.07944833312046873,0.0,0.030074332797858094,0.010470440165807893,1.001446133918002,1.0008983340477358,0.05477998702663189,-0.55,0.0
SC2_20pct_recovery,southeast_asia,24,0,-0.04429811453459109,-0.0692756210779355,-0.0692756210779355,0.0,0.024977506543344408,0.007881774023672794,1.0012607873563149,1.0008059232917572,0.04548640645576363,-0.55,0.0
SC2_20pct_recovery,southeast_asia,25,0,-0.0403426160041187,-0.06157043295523801,-0.06157043295523801,0.0,0.021227816951119305,0.006069026078889261,1.0011204344059899,1.0007339192930054,0.03865151129844868,-0.55,0.0
SC2_20pct_recovery,southeast_asia,26,0,-0.037185981530174494,-0.05561115056523791,-0.05561115056523791,0.0,0.018425169035063416,0.004780995759325057,1.0010119047086463,1.0006764631931997,0.03354415154466217,-0.55,0.0
SC2_20pct_recovery,southeast_asia,27,0,-0.0346043084857528,-0.050894169396786815,-0.050894169396786815,0.0,0.016289860911034015,0.0038587322504460286,1.00092601257378,1.0006294761671692,0.029653640661075897,-0.55,0.0
SC2_20pct_recovery,southeast_asia,28,0,-0.032440934931909915,-0.047067935665523475,-0.047067935665523475,0.0,0.01462700073361356,0.0031922492571084815,1.000856348568065,1.0005901049187422,0.026624364932281708,-0.55,0.0
SC2_20pct_recovery,southeast_asia,29,0,-0.030585993341281092,-0.043886666237424876,-0.043886666237424876,0.0,0.013300672896143784,0.0027049566355741295,1.0007984331100295,1.0005563487374949,0.024208437253459003,-0.55,0.0
SC2_20pct_recovery,southeast_asia,30,0,-0.02896221811530264,-0.04117818763960113,-0.04117818763960113,0.0,0.012215969524298487,0.0023434830008162155,1.0007491289694759,1.0005268007649128,0.022232820456302704,-0.55,0.0
SC2_20pct_recovery,latin_america,1,1,-1.097033348207721,-1.8480789285108545,-1.8480789285108545,0.0,0.7510455803031335,1.1215308839768665,1.0380120414374343,1.022307066038732,1.5704975398702414,-0.5,0.0
SC2_20pct_recovery,latin_america,2,1,-1.6242572402424882,-1.5525157833624625,-1.5525157833624625,0.0,-0.07174145688002564,0.3658831890643324,1.0317886713823792,1.0332941037386896,-0.15054323563103988,-0.5,0.0
SC2_20pct_recovery,latin_america,3,1,-1.5884558205229826,-1.5736343348588422,-1.5736343348588422,0.0,-0.014821485664140432,0.018729277663651067,1.0322314840308469,1.0325424304011175,-0.03109463702706261,-0.5,0.0
SC2_20pct_recovery,latin_america,4,1,-1.5279623932114461,-1.5657082560099678,-1.5657082560099678,0.0,0.03774586279852166,0.04261843209367039,1.0320652570261635,1.0312741953546447,0.07910616715187668,-0.5,0.0
SC2_20pct_recovery,latin_america,5,1,-1.4569378902099417,-1.5311001976929806,-1.5311001976929695,-1.1102230246251565e-14,0.07416230748303887,0.055415928826185734,1.0313399214540824,1.0297881578836103,0.15517635704720423,-0.5,0.0
SC2_20pct_recovery,latin_america,6,1,-1.3785586158931773,-1.4770327476892553,-1.4770327476892553,0.0,0.098474131796078,0.06467906930657935,1.0302082742721694,1.028151962474476,0.20563117976934997,-0.5,0.0
SC2_20pct_recovery,latin_america,7,1,-1.294997994327185,-1.4088343673690273,-1.4088343673690273,0.0,0.11383637304184235,0.07146779253765917,1.0287835170881028,1.0264118956157846,0.2371621472318175,-0.5,0.0
SC2_20pct_recovery,latin_america,8,1,-1.2078208670266877,-1.3303607725398292,-1.3303607725398292,0.0,0.12253990551314153,0.07647149981659523,1.02714775075438,1.0246012227156163,0.25465280387637623,-0.5,0.0
SC2_20pct_recovery,latin_america,9,1,-1.118155352625938,-1.2443996124754109,-1.2443996124754109,0.0,0.12624425984947285,0.08018454177370488,1.0253603810447527,1.0227438596824117,0.2616521362341029,-0.5,0.0
SC2_20pct_recovery,latin_america,10,1,-1.0268151684772686,-1.1529679759103018,-1.1529679759103018,0.0,0.12615280743303314,0.0829624936077647,1.023464380383422,1.0208569949502078,0.260738543321426,-0.5,0.0
SC2_20pct_recovery,latin_america,11,1,-0.9343878108576287,-1.0575284846465416,-1.0575284846465416,0.0,0.12314067378891291,0.0850612729989847,1.0214908738000954,1.018952982120435,0.25378916796603423,-0.5,0.0
SC2_20pct_recovery,latin_america,12,1,-0.8412980593207164,-0.9591454440414315,-0.9591454440414315,0.0,0.1178473847207151,0.08666515432244198,1.0194624691862602,1.0170407030408963,0.2421766145363824,-0.5,0.0
SC2_20pct_recovery,latin_america,13,1,-0.7478536631508548,-0.8585972679602594,-0.8585972679602594,0.0,0.1107436048094046,0.08790687931323621,1.0173956613897324,1.0151265476286946,0.22691137610377776,-0.5,0.0
SC2_20pct_recovery,latin_america,14,1,-0.6542781826283872,-0.7564572081456777,-0.7564572081456777,0.0,0.10217902551729052,0.08888211148691261,1.0153025603998895,1.013215117203222,0.20874431966675377,-0.5,0.0
SC2_20pct_recovery,latin_america,15,1,-0.5607345819951148,-0.6531512117841753,-0.6531512117841753,0.0,0.09241662978906051,0.08965983299173697,1.0131921299130686,1.0113097288299224,0.18824010831461901,-0.5,0.0
SC2_20pct_recovery,latin_america,16,1,-0.46734217071577877,-0.5489993291941331,-0.5489993291941331,0.0,0.08165715847835431,0.09028982607545977,1.0110710731093113,1.009412776710634,0.1658296398677317,-0.5,0.0
SC2_20pct_recovery,latin_america,17,1,-0.37418876462181894,-0.4442453197035956,-0.4442453197035956,0.0,0.07005655508177666,0.09080805766155803,1.008944465217352,1.007525991018069,0.1418474199283093,-0.5,0.0
SC2_20pct_recovery,latin_america,18,1,-0.2813394142966552,-0.3390778064015776,-0.3390778064015776,0.0,0.057738392104922376,0.09124055479307058,1.0068162048595177,1.0056506232342146,0.11655816253031137,-0.5,0.0
SC2_20pct_recovery,latin_america,19,1,-0.1888426697052581,-0.23364538799506285,-0.23364538799506285,0.0,0.044802718289804755,0.09160619360247535,1.0046893359784872,1.0037875788616994,0.09017571167877492,-0.5,0.0
SC2_20pct_recovery,latin_america,20,0,-0.09286187579726768,-0.12210072860947552,-0.12210072860947552,0.0,0.02923885281220784,0.0959264074656227,1.0024464944410951,1.001859827721174,0.058666671992102515,-0.5,0.0
SC2_20pct_recovery,latin_america,21,0,-0.05731438360008223,-0.10590314539158374,-0.10590314539158374,0.0,0.04858876179150151,0.03350197634836016,1.002121432308007,1.0011472739072087,0.09741584007982862,-0.5,0.0
SC2_20pct_recovery,latin_america,22,0,-0.048170036893924184,-0.0898588711808701,-0.0898588711808701,0.0,0.04168883428694592,0.01036489188244033,1.0017996027142035,1.00096409729097,0.0835505423233629,-0.5,0.0
SC2_20pct_recovery,latin_america,23,0,-0.042031967543154636,-0.07704086476575389,-0.07704086476575389,0.0,0.035008897222599256,0.007353581157608369,1.0015425997145722,1.000841169653937,0.07014300606351664,-0.5,0.0
SC2_20pct_recovery,latin_america,24,0,-0.037365640498288055,-0.06734732480573324,-0.06734732480573324,0.0,0.02998168430744519,0.005556908917159209,1.0013483084176504,1.0007477318760685,0.06005765415819653,-0.5,0.0
SC2_20pct_recovery,latin_america,25,0,-0.0337378589163162,-0.05991730229727432,-0.05991730229727432,0.0,0.026179443380958123,0.004277774954018765,1.0011994239319573,1.000675098804936,0.052432512702127454,-0.5,0.0
SC2_20pct_recovery,latin_america,26,0,-0.030860784970510036,-0.054118212519616016,-0.054118212519616016,0.0,0.02325742754910598,0.003355208582003777,1.0010832435191008,1.000617501533436,0.046574198566484704,-0.5,0.0
SC2_20pct_recovery,latin_america,27,0,-0.02853022233553215,-0.04949979750757949,-0.04949979750757949,0.0,0.02096957517204734,0.002686050902207804,1.0009907315045814,1.000570848731711,0.041988277287030584,-0.5,0.0
SC2_20pct_recovery,latin_america,28,0,-0.02660069753491756,-0.04574170030549052,-0.04574170030549052,0.0,0.019141002770572957,0.0021973902695662795,1.0009154620800949,1.0005322263051466,0.0383235774948254,-0.5,0.0
SC2_20pct_recovery,latin_america,29,0,-0.024968402384528687,-0.0426156984881465,-0.0426156984881465,0.0,0.017647296103617816,0.0018374509600224687,1.0008528591088324,1.0004995551363085,0.035330397252386625,-0.5,0.0
SC2_20pct_recovery,latin_america,30,0,-0.023559114335358622,-0.039958936408235335,-0.039958936408235335,0.0,0.016399822072876713,0.0015694544707595126,1.0007996579984844,1.0004713488485872,0.032830914989712134,-0.5,0.0
SC2_20pct_recovery,sub_saharan_africa,1,0,-2.5104947563837965,-3.4088309502686043,-3.4088309502686043,0.0,0.8983361938848078,0.7243170238364725,1.0507949283600289,1.0369897809065525,1.3805147453476385,-0.7,0.0
SC2_20pct_recovery,sub_saharan_africa,2,0,-3.064740982729308,-2.447015773719219,-2.447015773719219,0.0,-0.6177252090100893,0.0032350906247452516,1.0360259401957053,1.04547042054726,-0.9444480351554763,-0.7,0.0
SC2_20pct_recovery,sub_saharan_africa,3,0,-3.073146592507392,-2.6120155563124747,-2.6120155563124747,0.0,-0.46113103619491724,0.019269019607572047,1.0385344059514616,1.0455999435459062,-0.7065537594444615,-0.7,0.0
SC2_20pct_recovery,sub_saharan_africa,4,0,-3.028807632547559,-2.7145064011103504,-2.7145064011103504,0.0,-0.31430123143720845,0.0042908826745860495,1.0400977618153704,1.0449170268674568,-0.4819265052086408,-0.7,0.0
SC2_20pct_recovery,sub_saharan_africa,5,0,-2.951960905173756,-2.7539050136915155,-2.7539050136915155,0.0,-0.19805589148224056,0.008095973168058268,1.0406997979778532,1.0437352141206604,-0.30354161428072235,-0.7,0.0
SC2_20pct_recovery,sub_saharan_africa,6,0,-2.8501108709072187,-2.7442597500973,-2.7442597500973,0.0,-0.10585112080991887,0.017657912355564798,1.0405523573886823,1.042172377531682,-0.16200201429996675,-0.7,0.0
SC2_20pct_recovery,sub_saharan_africa,7,0,-2.7286247186849244,-2.6963741473269964,-2.6963741473269964,0.0,-0.03225057135792797,0.025051417000404586,1.0398208882177111,1.0403134307133068,-0.04925424955957158,-0.7,0.0
SC2_20pct_recovery,sub_saharan_africa,8,0,-2.591498174823459,-2.618237093007969,-2.618237093007969,0.0,0.02673891818451013,0.030806227592027058,1.038629192962604,1.038221921569988,0.04072713926159821,-0.7,0.0
SC2_20pct_recovery,sub_saharan_africa,9,0,-2.4417100105628364,-2.515749101329401,-2.515749101329401,0.0,0.07403909076656445,0.035325411493757064,1.0370696291881965,1.0359454484755943,0.11241807126021186,-0.7,0.0
SC2_20pct_recovery,sub_saharan_africa,10,0,-2.2814810496693205,-2.3932690563276626,-2.3932690563276737,1.1102230246251565e-14,0.1117880066583421,0.038912667552233604,1.0352110604686833,1.033519674587732,0.16913858809513016,-0.7,0.0
SC2_20pct_recovery,sub_saharan_africa,11,0,-2.1124676644569185,-2.2540171615533455,-2.2540171615533455,0.0,0.14154949709642706,0.041795491415012875,1.0331048565225445,1.030971356350224,0.21335001723203906,-0.7,0.0
SC2_20pct_recovery,sub_saharan_africa,12,0,-1.9359061757228124,-2.100371953497371,-2.100371953497371,0.0,0.1644657777745584,0.04414357385214979,1.030789391535601,1.0283206179188913,0.24687736167097185,-0.7,0.0
SC2_20pct_recovery,sub_saharan_africa,13,0,-1.7527204442703836,-1.9340894113651586,-1.9340894113651586,0.0,0.1813689670947749,0.046083090500953494,1.0282934028576984,1.0255826522593976,0.27107505983008373,-0.7,0.0
SC2_20pct_recovery,sub_saharan_africa,14,0,-1.5636019384171251,-1.756464708575034,-1.756464708575034,0.0,0.19286277015790887,0.04770764093117025,1.0256384913952161,1.0227689894976149,0.28695018976012676,-0.7,0.0
SC2_20pct_recovery,sub_saharan_africa,15,0,-1.3690692635396795,-1.568451687283634,-1.568451687283634,0.0,0.19938242374395454,0.04908653783599892,1.0228409789766142,1.0198884404140294,0.29525385625848166,-0.7,0.0
SC2_20pct_recovery,sub_saharan_africa,16,0,-1.1695123913774363,-1.3707511455969823,-1.3707511455969823,0.0,0.20123875421954596,0.05027104230087981,1.0199132858160391,1.0169477970646503,0.29654887513888006,-0.7,0.0
SC2_20pct_recovery,sub_saharan_africa,17,0,-0.9652255052273295,-1.1638761035772438,-1.1638761035772438,0.0,0.19865059834991428,0.051299028872309194,1.0168649508311556,1.013952352374046,0.2912598457109672,-0.7,0.0
SC2_20pct_recovery,sub_saharan_africa,18,0,-0.7564313829355851,-0.9482000680383518,-0.9482000680383518,0.0,0.19176868510276668,0.05219846185523791,1.0137033867355292,1.0109062851082469,0.27971016272823057,-0.7,0.0
SC2_20pct_recovery,sub_saharan_africa,19,0,-0.5432994943096348,-0.7239927377929334,-0.7239927377929334,0.0,0.18069324348329863,0.05298997790999238,1.010434438486664,1.0078129449140116,0.2621493572652289,-0.7,0.0
SC2_20pct_recovery,sub_saharan_africa,20,0,-0.3259594324125592,-0.491446428561082,-0.491446428561082,0.0,0.1654869961485228,0.05368880024029937,1.0070627961197431,1.004675063273766,0.2387732845977153,-0.7,0.0
SC2_20pct_recovery,sub_saharan_africa,21,0,-0.26646551543566543,-0.43403647392940004,-0.43403647392940004,0.0,0.1675709584937346,0.012308516811704306,1.0062333634348628,1.0038190048387072,0.24143585961555747,-0.7,0.0
SC2_20pct_recovery,sub_saharan_africa,22,0,-0.23232250313804936,-0.37524249352033356,-0.37524249352033356,0.0,0.1429199903822842,0.011287053350700349,1.005385137928232,1.0033282806179407,0.20568573102912602,-0.7,0.0
SC2_20pct_recovery,sub_saharan_africa,23,0,-0.2061233387996797,-0.32876786075184405,-0.32876786075184405,0.0,0.12264452195216435,0.008908635132320875,1.0047155044449922,1.0029520066918078,0.17634977531844065,-0.7,0.0
SC2_20pct_recovery,sub_saharan_africa,24,0,-0.18540420485387843,-0.2923196185418253,-0.2923196185418253,0.0,0.10691541368794688,0.007084996514805653,1.004190867323208,1.0026546071203406,0.15362602028674566,-0.7,0.0
SC2_20pct_recovery,sub_saharan_africa,25,0,-0.16877528546037635,-0.2633967683138949,-0.2633967683138949,0.0,0.09462148285351857,0.005718319126732374,1.0037748822444847,1.002416026347816,0.13588558966688424,-0.7,0.0
SC2_20pct_recovery,sub_saharan_africa,26,0,-0.1552218688444129,-0.24012013632530582,-0.24012013632530582,0.0,0.08489826748089291,0.0046902177684160495,1.0034403170247324,1.0022216422380168,0.12186747867155567,-0.7,0.0
SC2_20pct_recovery,sub_saharan_africa,27,0,-0.14399278355492484,-0.22109569049162392,-0.22109569049162392,0.0,0.07710290693669908,0.0039123352554598645,1.003167011100336,1.0020606423940719,0.1106368706264016,-0.7,0.0
SC2_20pct_recovery,sub_saharan_africa,28,0,-0.13453105165870394,-0.2052893252251775,-0.2052893252251775,0.0,0.07075827356647357,0.003319670120668916,1.0029400324801703,1.0019250165545408,0.101501592562947,-0.7,0.0
SC2_20pct_recovery,sub_saharan_africa,29,0,-0.12642315680306826,-0.1919333574479265,-0.1919333574479265,0.0,0.06551020064485824,0.0028643628118177333,1.0027483094906766,1.0018088216377103,0.09394878529662698,-0.7,0.0
SC2_20pct_recovery,sub_saharan_africa,30,0,-0.11936161989223315,-0.18045728302004127,-0.18045728302004127,0.0,0.06109566312780812,0.002511132291979634,1.0025836218609427,1.001707640826731,0.08759810342118257,-0.7,0.0
SC2_20pct_recovery,fsu_central_asia,1,1,-3.6943869023601583,-4.194444660486873,-4.194444660486873,0.0,0.5000577581267152,1.7473608865791883,1.0999020624389657,1.0872509027594388,1.2651159679526902,-0.45,0.0
SC2_20pct_recovery,fsu_central_asia,2,1,-3.993959398469349,-3.6048057674027856,-3.6048057674027856,0.0,-0.3891536310665633,0.06000701907908912,1.085006856803631,1.0948044020396503,-0.9797545236019278,-0.45,0.0
SC2_20pct_recovery,fsu_central_asia,3,1,-3.902641875848445,-3.73253747773703,-3.73253747773703,0.0,-0.17010439811141476,0.027363253147624778,1.088208634761777,1.092493857008811,-0.4285222247033982,-0.45,0.0
SC2_20pct_recovery,fsu_central_asia,4,1,-3.768387912250526,-3.755774108413079,-3.755774108413079,0.0,-0.012613803837446813,0.04917844027858276,1.0887925666587384,1.0891097393098113,-0.03171726510728945,-0.45,0.0
SC2_20pct_recovery,fsu_central_asia,5,1,-3.6043717542552423,-3.703410623885739,-3.703410623885739,0.0,0.09903886963049668,0.06442334304275765,1.0874773238676125,1.0849960009414372,0.2481322926175311,-0.45,0.0
SC2_20pct_recovery,fsu_central_asia,6,1,-3.418856487803379,-3.5956719656804803,-3.5956719656804803,0.0,0.1768154778771014,0.07578492115875302,1.0847784285230264,1.0803701363313647,0.44082921916617224,-0.45,0.0
SC2_20pct_recovery,fsu_central_asia,7,1,-3.2178461819754256,-3.447441139233476,-3.447441139233476,0.0,0.22959495725805024,0.08434679382673116,1.0810810350597422,1.075390110330604,0.5690924729138125,-0.45,0.0
SC2_20pct_recovery,fsu_central_asia,8,1,-3.0057417375183304,-3.2695881953388017,-3.269588195338813,1.1102230246251565e-14,0.26384645782047134,0.09086557997834421,1.0766688312205934,1.0701712388903895,0.6497592330203972,-0.45,0.0
SC2_20pct_recovery,fsu_central_asia,9,1,-2.785766314761484,-3.0700488604085696,-3.0700488604085696,0.0,0.28428254564708544,0.09588701260311583,1.0717496418922916,1.0647974054574998,0.6952236434791814,-0.45,0.0
SC2_20pct_recovery,fsu_central_asia,10,1,-2.560279351290018,-2.8546197335174273,-2.8546197335174273,0.0,0.2943403822274093,0.09980711833193767,1.066475227533148,1.0593294448465762,0.7145782686571733,-0.45,0.0
SC2_20pct_recovery,fsu_central_asia,11,1,-2.331008150357261,-2.6275407769156045,-2.6275407769156045,0.0,0.29653262655834345,0.10291438500656946,1.0609562358453417,1.0538113650166105,0.7144870828731165,-0.45,0.0
SC2_20pct_recovery,fsu_central_asia,12,1,-2.099218085281329,-2.391920540819392,-2.391920540819392,0.0,0.29270245553806307,0.10541952057850357,1.055273326195478,1.048274928685643,0.6998397509835108,-0.45,0.0
SC2_20pct_recovery,fsu_central_asia,13,1,-1.8658373431231001,-2.1500458293333913,-2.1500458293333913,0.0,0.28420848621029116,0.10747669816097427,1.0494853616385618,1.0427430078222564,0.6742353816305391,-0.45,0.0
SC2_20pct_recovery,fsu_central_asia,14,1,-1.6315481531095966,-1.9036068038109977,-1.9036068038109977,0.0,0.2720586507014011,0.10919885493582138,1.0436353978195114,1.0372320293266462,0.6403368492865269,-0.45,0.0
SC2_20pct_recovery,fsu_central_asia,15,1,-1.3968533924675453,-1.6538603889502457,-1.6538603889502457,0.0,0.2570069964827004,0.11066878041122719,1.0377550386005936,1.0317537525747937,0.6001286025799857,-0.45,0.0
SC2_20pct_recovery,fsu_central_asia,16,1,-1.1621251513651343,-1.4017487634677805,-1.4017487634677805,0.0,0.23962361210264627,0.111947190351952,1.0318675921113003,1.0263165583937233,0.5551033717577036,-0.45,0.0
SC2_20pct_recovery,fsu_central_asia,17,1,-0.9276401069760132,-1.1479852080375164,-1.1479852080375164,0.0,0.22034510106150318,0.11307862489012277,1.0259903516007838,1.0209263821881227,0.5063969412661073,-0.45,0.0
SC2_20pct_recovery,fsu_central_asia,18,1,-0.6936052687457339,-0.8931162619168487,-0.8931162619168487,0.0,0.19951099317111476,0.11409576650487085,1.0201362408364518,1.015587388649593,0.4548852186858854,-0.45,0.0
SC2_20pct_recovery,fsu_central_asia,19,1,-0.46017670435396507,-0.6375667041353505,-0.6375667041353505,0.0,0.17738999978138548,0.11502260549635102,1.0143149997600687,1.0103024592203937,0.4012540539674925,-0.45,0.0
SC2_20pct_recovery,fsu_central_asia,20,0,-0.19472690555347727,-0.3462679033623073,-0.3462679033623073,0.0,0.15154099780883,0.13228092097808675,1.007737980134094,1.0043408776519904,0.33971024821035645,-0.45,0.0
SC2_20pct_recovery,fsu_central_asia,21,0,-0.1519380679978477,-0.29856343255793005,-0.29856343255793005,0.0,0.14662536456008235,0.021192273901127212,1.0066667919398111,1.003384684283291,0.328210765652015,-0.45,0.0
SC2_20pct_recovery,fsu_central_asia,22,0,-0.1305856845278175,-0.25070717286244104,-0.25070717286244104,0.0,0.12012148833462355,0.011990133348138698,1.005593853485991,1.0029080205998397,0.2685832886151207,-0.45,0.0
SC2_20pct_recovery,fsu_central_asia,23,0,-0.11496666166689318,-0.2148636750373023,-0.2148636750373023,0.0,0.09989701337040913,0.008783093022576849,1.0047913271683897,1.0025595545037136,0.22317726646761127,-0.45,0.0
SC2_20pct_recovery,fsu_central_asia,24,0,-0.10314193923786075,-0.1880852057196125,-0.1880852057196125,0.0,0.08494326648175177,0.006585024879707246,1.0041923703453444,1.0022958573901493,0.18965129551951065,-0.45,0.0
SC2_20pct_recovery,fsu_central_asia,25,0,-0.09403801400886813,-0.16783428364067765,-0.16783428364067765,0.0,0.07379626963180952,0.005006520025843675,1.0037397595853492,1.0020929039054347,0.16468556799145162,-0.45,0.0
SC2_20pct_recovery,fsu_central_asia,26,0,-0.0868983911216148,-0.15228369303429412,-0.15228369303429412,0.0,0.06538530191267933,0.003868299400955344,1.003392402605964,1.001933782231238,0.1458620374725994,-0.45,0.0
SC2_20pct_recovery,fsu_central_asia,27,0,-0.08118295520670449,-0.14012679825566865,-0.14012679825566865,0.0,0.05894384304896416,0.003045121326722411,1.0031209727406254,1.001806427993553,0.1314544747072377,-0.45,0.0
SC2_20pct_recovery,fsu_central_asia,28,0,-0.07650556443508094,-0.13042921527560702,-0.13042921527560702,0.0,0.05392365084052608,0.0024474551490294427,1.0029045288429514,1.0017022214675653,0.12023073753861802,-0.45,0.0
SC2_20pct_recovery,fsu_central_asia,29,0,-0.07258990664937848,-0.12252246135938671,-0.12252246135938671,0.0,0.04993255471000824,0.0020112624530999046,1.0027281052246868,1.0016149975033892,0.11131077212975793,-0.45,0.0
SC2_20pct_recovery,fsu_central_asia,30,0,-0.06923805090750523,-0.11592798662901638,-0.11592798662901638,0.0,0.046689935721511144,0.0016907514423569747,1.002580996943599,1.0015403413648403,0.10406555787587646,-0.45,0.0
