region,soc_initial,synth_n,n_mineralized_baseline,total_n_baseline,soil_buffer_ratio,synth_dependency,yield_loss_10yr,yield_loss_30yr,soc_fraction_10yr,soc_fraction_30yr
north_america,50.0,76.0,83.39825647960349,174.3982564796035,0.47820579266718305,0.4357841731570778,2.096119925066131,2.317807723364962,0.9965611899889334,0.992748882447535
europe,42.0,85.0,58.584394312641365,160.58439431264136,0.3648199724724406,0.5293166896062995,3.829260447271421,4.161402715701423,0.993907501931375,0.9873063016885324
east_asia,35.0,250.0,76.55635824098866,351.55635824098863,0.2177641122010656,0.7111235343626677,3.290657075472214,3.5364062549601893,0.9944829368320077,0.988724145615582
south_asia,25.0,110.0,75.75438167848233,202.75438167848233,0.37362636038421015,0.5425283492735188,10.291020606233669,11.023122521916285,0.9765699290069296,0.9548357795632111
southeast_asia,32.0,89.0,118.32349403334942,220.32349403334942,0.5370443790049885,0.4039514732211375,6.712145612938791,7.338100690921523,0.9846474657789471,0.9697983681751161
latin_america,45.0,50.0,121.56993531393728,181.56993531393726,0.6695488165688938,0.27537598619258863,2.3551940843972385,2.6396096604143326,0.9944836813396628,0.9885464586817645
sub_saharan_africa,9.0,7.0,26.52134730017649,43.52134730017649,0.6093870926663372,0.1608406089020965,14.753534333174889,16.37212718659652,0.9675771582780152,0.9345613808843007
fsu_central_asia,35.0,38.0,47.89731378949627,95.89731378949628,0.4994646033009374,0.3962571890534245,10.482457208713381,11.792663024201689,0.9835585336112567,0.9650916857578251
