region,soc_initial,synth_n,n_mineralized_baseline,total_n_baseline,soil_buffer_ratio,synth_dependency,yield_loss_10yr,yield_loss_30yr,soc_fraction_10yr,soc_fraction_30yr
north_america,50.0,76.0,83.39825647960349,174.3982564796035,0.47820579266718305,0.4357841731570778,2.5257328572991455,2.707579666266291,0.995836823007551,0.9914703638329859
europe,42.0,85.0,58.584394312641365,160.58439431264136,0.3648199724724406,0.5293166896062995,4.218438320993667,4.487728164864835,0.9932302216516683,0.986185402717743
east_asia,35.0,250.0,76.55635824098866,351.55635824098863,0.2177641122010656,0.7111235343626677,3.4529837271589314,3.6950644439709968,0.9942151631985269,0.9882277316218612
south_asia,25.0,110.0,75.75438167848233,202.75438167848233,0.37362636038421015,0.5425283492735188,10.397925557855947,11.127233964678885,0.9763192126054191,0.9544000040995149
southeast_asia,32.0,89.0,118.32349403334942,220.32349403334942,0.5370443790049885,0.4039514732211375,6.877583718018587,7.495445327344729,0.984259560539165,0.9691331934409753
latin_america,45.0,50.0,121.56993531393728,181.56993531393726,0.6695488165688938,0.27537598619258863,2.8125658457014646,3.059119535379795,0.9934107834933983,0.9867434299689023
sub_saharan_africa,9.0,7.0,26.52134730017649,43.52134730017649,0.6093870926663372,0.1608406089020965,14.842501873150605,16.465700588302077,0.9673797110747813,0.9341847869591211
fsu_central_asia,35.0,38.0,47.89731378949627,95.89731378949628,0.4994646033009374,0.3962571890534245,10.572795499053244,11.88046615046865,0.9834096300085318,0.964812193145138
