site,treatment,plot,era,model,n_obs,rmse_yield,willmott_d_yield,bias_yield,pearson_r_yield,mean_obs_yield,mean_mod_yield,final_soc
Morrow,Unfert_CC,P3N,full_1888-2021,century,15,1.1906954926092956,0.3637486642765685,-0.521345852068298,-0.17135913754392768,2.3399999999999994,1.818654147931702,52.07887932708708
Morrow,Unfert_CC,P3N,full_1888-2021,mems,15,1.3584212449081152,0.38772282783860257,-0.7915681481287346,-0.108837330689904,2.3399999999999994,1.548431851871265,37.56857889564517
Morrow,Unfert_CC,P3N,pre_modern_1888-1967,century,9,0.6441587515158713,0.7400429753623743,0.24738637344727454,0.5823662419444351,1.9588888888888887,2.2062752623361632,52.07887932708708
Morrow,Unfert_CC,P3N,pre_modern_1888-1967,mems,9,0.6882193101509224,0.7489142511319793,-0.020981325722480532,0.5757858207218486,1.9588888888888887,1.9379075631664082,37.56857889564517
Morrow,Unfert_CC,P3N,modern_1968-2021,century,6,1.7093796080942654,0.1991363475886051,-1.6744441903416565,-0.4822444343510553,2.9116666666666666,1.23722247632501,52.07887932708708
Morrow,Unfert_CC,P3N,modern_1968-2021,mems,6,1.975551054325695,0.17853525774804413,-1.9474483817381156,-0.498932686724418,2.9116666666666666,0.9642182849285507,37.56857889564517
